sensor_id,timestamp,aqi,traffic_density,energy_kwh
sensor_kallio,2024-01-01 00:00:00,29.4,0.095,309.0
sensor_kamppi,2024-01-01 00:00:00,37.4,0.096,281.3
sensor_pasila,2024-01-01 00:00:00,32.1,0.092,306.9
sensor_kallio,2024-01-01 00:30:00,31.2,0.107,334.5
sensor_kamppi,2024-01-01 00:30:00,37.0,0.103,296.4
sensor_pasila,2024-01-01 00:30:00,25.3,0.107,337.4
sensor_kallio,2024-01-01 01:00:00,31.9,0.097,283.1
sensor_kamppi,2024-01-01 01:00:00,17.1,0.091,282.3
sensor_pasila,2024-01-01 01:00:00,36.0,0.093,280.0
sensor_kallio,2024-01-01 01:30:00,33.3,0.123,250.2
sensor_kamppi,2024-01-01 01:30:00,37.3,0.055,220.0
sensor_pasila,2024-01-01 01:30:00,28.6,0.073,290.0
sensor_kallio,2024-01-01 02:00:00,38.2,0.063,274.9
sensor_kamppi,2024-01-01 02:00:00,23.5,0.097,252.1
sensor_pasila,2024-01-01 02:00:00,34.1,0.125,270.8
sensor_kallio,2024-01-01 02:30:00,36.0,0.12,267.6
sensor_kamppi,2024-01-01 02:30:00,27.2,0.078,248.6
sensor_pasila,2024-01-01 02:30:00,36.0,0.093,304.7
sensor_kallio,2024-01-01 03:00:00,30.3,0.067,287.8
sensor_kamppi,2024-01-01 03:00:00,50.2,0.116,289.2
sensor_pasila,2024-01-01 03:00:00,43.1,0.098,244.0
sensor_kallio,2024-01-01 03:30:00,32.3,0.129,243.6
sensor_kamppi,2024-01-01 03:30:00,36.3,0.108,266.1
sensor_pasila,2024-01-01 03:30:00,39.6,0.118,318.9
sensor_kallio,2024-01-01 04:00:00,43.2,0.087,300.0
sensor_kamppi,2024-01-01 04:00:00,30.6,0.134,299.9
sensor_pasila,2024-01-01 04:00:00,38.5,0.128,296.7
sensor_kallio,2024-01-01 04:30:00,36.8,0.05,289.5
sensor_kamppi,2024-01-01 04:30:00,33.2,0.118,335.1
sensor_pasila,2024-01-01 04:30:00,38.8,0.114,314.6
sensor_kallio,2024-01-01 05:00:00,49.6,0.172,367.4
sensor_kamppi,2024-01-01 05:00:00,31.9,0.172,369.6
sensor_pasila,2024-01-01 05:00:00,48.1,0.144,401.0
sensor_kallio,2024-01-01 05:30:00,39.5,0.193,364.3
sensor_kamppi,2024-01-01 05:30:00,36.8,0.111,358.9
sensor_pasila,2024-01-01 05:30:00,49.1,0.17,375.7
sensor_kallio,2024-01-01 06:00:00,28.5,0.32,419.7
sensor_kamppi,2024-01-01 06:00:00,39.6,0.28,408.5
sensor_pasila,2024-01-01 06:00:00,53.7,0.267,400.0
sensor_kallio,2024-01-01 06:30:00,54.6,0.286,401.3
sensor_kamppi,2024-01-01 06:30:00,46.1,0.262,413.0
sensor_pasila,2024-01-01 06:30:00,39.1,0.326,408.7
sensor_kallio,2024-01-01 07:00:00,89.0,0.592,463.6
sensor_kamppi,2024-01-01 07:00:00,60.0,0.58,442.8
sensor_pasila,2024-01-01 07:00:00,81.7,0.533,456.1
sensor_kallio,2024-01-01 07:30:00,77.1,0.63,450.6
sensor_kamppi,2024-01-01 07:30:00,73.5,0.568,411.4
sensor_pasila,2024-01-01 07:30:00,74.0,0.578,476.7
sensor_kallio,2024-01-01 08:00:00,71.2,0.76,404.9
sensor_kamppi,2024-01-01 08:00:00,71.5,0.758,452.8
sensor_pasila,2024-01-01 08:00:00,82.7,0.749,414.0
sensor_kallio,2024-01-01 08:30:00,78.7,0.766,446.1
sensor_kamppi,2024-01-01 08:30:00,68.5,0.784,438.1
sensor_pasila,2024-01-01 08:30:00,79.0,0.788,448.5
sensor_kallio,2024-01-01 09:00:00,79.4,0.648,413.5
sensor_kamppi,2024-01-01 09:00:00,74.4,0.587,438.2
sensor_pasila,2024-01-01 09:00:00,78.0,0.599,432.5
sensor_kallio,2024-01-01 09:30:00,73.8,0.532,414.6
sensor_kamppi,2024-01-01 09:30:00,79.7,0.565,426.0
sensor_pasila,2024-01-01 09:30:00,80.4,0.554,419.0
sensor_kallio,2024-01-01 10:00:00,52.2,0.255,371.0
sensor_kamppi,2024-01-01 10:00:00,53.1,0.277,372.4
sensor_pasila,2024-01-01 10:00:00,56.0,0.282,370.0
sensor_kallio,2024-01-01 10:30:00,60.7,0.278,369.6
sensor_kamppi,2024-01-01 10:30:00,53.6,0.367,324.7
sensor_pasila,2024-01-01 10:30:00,57.1,0.29,359.9
sensor_kallio,2024-01-01 11:00:00,67.3,0.145,356.0
sensor_kamppi,2024-01-01 11:00:00,49.6,0.156,301.4
sensor_pasila,2024-01-01 11:00:00,50.5,0.147,305.5
sensor_kallio,2024-01-01 11:30:00,55.4,0.082,351.2
sensor_kamppi,2024-01-01 11:30:00,52.3,0.198,291.1
sensor_pasila,2024-01-01 11:30:00,55.5,0.24,293.8
sensor_kallio,2024-01-01 12:00:00,43.1,0.089,281.9
sensor_kamppi,2024-01-01 12:00:00,60.5,0.144,267.3
sensor_pasila,2024-01-01 12:00:00,45.6,0.093,297.3
sensor_kallio,2024-01-01 12:30:00,56.9,0.047,271.7
sensor_kamppi,2024-01-01 12:30:00,67.6,0.17,283.7
sensor_pasila,2024-01-01 12:30:00,55.1,0.069,255.6
sensor_kallio,2024-01-01 13:00:00,52.7,0.115,269.6
sensor_kamppi,2024-01-01 13:00:00,47.6,0.066,242.4
sensor_pasila,2024-01-01 13:00:00,46.6,0.12,211.8
sensor_kallio,2024-01-01 13:30:00,50.1,0.114,288.4
sensor_kamppi,2024-01-01 13:30:00,53.1,0.13,250.0
sensor_pasila,2024-01-01 13:30:00,48.7,0.08,288.5
sensor_kallio,2024-01-01 14:00:00,57.4,0.115,339.1
sensor_kamppi,2024-01-01 14:00:00,50.2,0.119,278.6
sensor_pasila,2024-01-01 14:00:00,49.4,0.17,302.6
sensor_kallio,2024-01-01 14:30:00,40.7,0.088,281.0
sensor_kamppi,2024-01-01 14:30:00,58.3,0.06,227.3
sensor_pasila,2024-01-01 14:30:00,41.0,0.098,270.4
sensor_kallio,2024-01-01 15:00:00,50.4,0.077,286.7
sensor_kamppi,2024-01-01 15:00:00,27.8,0.11,318.6
sensor_pasila,2024-01-01 15:00:00,53.0,0.124,307.4
sensor_kallio,2024-01-01 15:30:00,57.4,0.096,298.0
sensor_kamppi,2024-01-01 15:30:00,42.8,0.082,267.9
sensor_pasila,2024-01-01 15:30:00,48.8,0.107,304.0
sensor_kallio,2024-01-01 16:00:00,65.1,0.111,396.3
sensor_kamppi,2024-01-01 16:00:00,70.5,0.085,350.1
sensor_pasila,2024-01-01 16:00:00,69.8,0.062,359.4
sensor_kallio,2024-01-01 16:30:00,70.5,0.155,380.8
sensor_kamppi,2024-01-01 16:30:00,80.4,0.079,375.3
sensor_pasila,2024-01-01 16:30:00,64.4,0.109,370.3
sensor_kallio,2024-01-01 17:00:00,61.6,0.16,419.9
sensor_kamppi,2024-01-01 17:00:00,48.0,0.117,400.4
sensor_pasila,2024-01-01 17:00:00,67.0,0.114,416.4
sensor_kallio,2024-01-01 17:30:00,52.7,0.065,424.0
sensor_kamppi,2024-01-01 17:30:00,80.0,0.157,444.7
sensor_pasila,2024-01-01 17:30:00,56.7,0.123,370.3
sensor_kallio,2024-01-01 18:00:00,75.2,0.108,413.5
sensor_kamppi,2024-01-01 18:00:00,84.0,0.119,398.5
sensor_pasila,2024-01-01 18:00:00,65.4,0.078,438.5
sensor_kallio,2024-01-01 18:30:00,60.6,0.141,407.8
sensor_kamppi,2024-01-01 18:30:00,67.1,0.154,419.8
sensor_pasila,2024-01-01 18:30:00,64.9,0.106,422.5
sensor_kallio,2024-01-01 19:00:00,40.5,0.103,417.4
sensor_kamppi,2024-01-01 19:00:00,53.6,0.124,433.0
sensor_pasila,2024-01-01 19:00:00,32.8,0.076,460.9
sensor_kallio,2024-01-01 19:30:00,35.0,0.114,432.6
sensor_kamppi,2024-01-01 19:30:00,42.2,0.097,451.6
sensor_pasila,2024-01-01 19:30:00,35.1,0.125,449.8
sensor_kallio,2024-01-01 20:00:00,32.7,0.074,389.8
sensor_kamppi,2024-01-01 20:00:00,26.1,0.07,425.9
sensor_pasila,2024-01-01 20:00:00,33.3,0.147,454.2
sensor_kallio,2024-01-01 20:30:00,33.7,0.054,401.0
sensor_kamppi,2024-01-01 20:30:00,32.8,0.055,403.6
sensor_pasila,2024-01-01 20:30:00,34.9,0.086,393.2
sensor_kallio,2024-01-01 21:00:00,26.3,0.154,358.8
sensor_kamppi,2024-01-01 21:00:00,23.3,0.089,381.0
sensor_pasila,2024-01-01 21:00:00,28.2,0.114,376.5
sensor_kallio,2024-01-01 21:30:00,36.9,0.142,350.9
sensor_kamppi,2024-01-01 21:30:00,42.9,0.076,354.0
sensor_pasila,2024-01-01 21:30:00,37.6,0.125,362.0
sensor_kallio,2024-01-01 22:00:00,22.1,0.117,298.6
sensor_kamppi,2024-01-01 22:00:00,21.2,0.081,316.1
sensor_pasila,2024-01-01 22:00:00,19.8,0.111,314.7
sensor_kallio,2024-01-01 22:30:00,26.3,0.131,323.4
sensor_kamppi,2024-01-01 22:30:00,24.3,0.08,325.1
sensor_pasila,2024-01-01 22:30:00,22.8,0.09,298.6
sensor_kallio,2024-01-01 23:00:00,30.5,0.106,273.2
sensor_kamppi,2024-01-01 23:00:00,41.3,0.107,266.1
sensor_pasila,2024-01-01 23:00:00,23.9,0.122,283.0
sensor_kallio,2024-01-01 23:30:00,40.2,0.078,273.0
sensor_kamppi,2024-01-01 23:30:00,29.4,0.097,272.7
sensor_pasila,2024-01-01 23:30:00,21.4,0.125,285.5
sensor_kallio,2024-01-02 00:00:00,38.3,0.167,304.8
sensor_kamppi,2024-01-02 00:00:00,30.0,0.1,350.0
sensor_pasila,2024-01-02 00:00:00,21.8,0.115,281.8
sensor_kallio,2024-01-02 00:30:00,12.3,0.039,283.6
sensor_kamppi,2024-01-02 00:30:00,41.1,0.074,306.6
sensor_pasila,2024-01-02 00:30:00,24.6,0.118,289.2
sensor_kallio,2024-01-02 01:00:00,40.8,0.07,257.1
sensor_kamppi,2024-01-02 01:00:00,32.8,0.101,300.9
sensor_pasila,2024-01-02 01:00:00,32.2,0.064,261.2
sensor_kallio,2024-01-02 01:30:00,27.6,0.122,280.1
sensor_kamppi,2024-01-02 01:30:00,30.4,0.126,261.9
sensor_pasila,2024-01-02 01:30:00,30.9,0.105,303.0
sensor_kallio,2024-01-02 02:00:00,32.8,0.089,237.1
sensor_kamppi,2024-01-02 02:00:00,40.4,0.082,264.9
sensor_pasila,2024-01-02 02:00:00,24.0,0.131,231.4
sensor_kallio,2024-01-02 02:30:00,28.1,0.132,231.3
sensor_kamppi,2024-01-02 02:30:00,32.7,0.102,238.0
sensor_pasila,2024-01-02 02:30:00,40.2,0.145,218.6
sensor_kallio,2024-01-02 03:00:00,25.9,0.125,246.4
sensor_kamppi,2024-01-02 03:00:00,32.1,0.104,286.3
sensor_pasila,2024-01-02 03:00:00,34.9,0.103,256.9
sensor_kallio,2024-01-02 03:30:00,45.0,0.086,279.2
sensor_kamppi,2024-01-02 03:30:00,30.9,0.104,269.1
sensor_pasila,2024-01-02 03:30:00,35.2,0.07,288.4
sensor_kallio,2024-01-02 04:00:00,48.8,0.113,325.8
sensor_kamppi,2024-01-02 04:00:00,47.3,0.134,317.3
sensor_pasila,2024-01-02 04:00:00,40.0,0.132,312.6
sensor_kallio,2024-01-02 04:30:00,32.1,0.106,273.4
sensor_kamppi,2024-01-02 04:30:00,38.8,0.118,335.9
sensor_pasila,2024-01-02 04:30:00,39.7,0.134,311.2
sensor_kallio,2024-01-02 05:00:00,34.8,0.103,342.6
sensor_kamppi,2024-01-02 05:00:00,28.3,0.164,357.8
sensor_pasila,2024-01-02 05:00:00,44.9,0.148,382.8
sensor_kallio,2024-01-02 05:30:00,49.4,0.126,356.5
sensor_kamppi,2024-01-02 05:30:00,36.7,0.097,375.5
sensor_pasila,2024-01-02 05:30:00,47.9,0.145,352.1
sensor_kallio,2024-01-02 06:00:00,52.7,0.229,412.1
sensor_kamppi,2024-01-02 06:00:00,46.5,0.282,436.4
sensor_pasila,2024-01-02 06:00:00,50.0,0.291,406.9
sensor_kallio,2024-01-02 06:30:00,42.4,0.284,382.4
sensor_kamppi,2024-01-02 06:30:00,58.9,0.33,424.6
sensor_pasila,2024-01-02 06:30:00,39.6,0.361,448.2
sensor_kallio,2024-01-02 07:00:00,74.3,0.556,419.0
sensor_kamppi,2024-01-02 07:00:00,77.2,0.556,435.6
sensor_pasila,2024-01-02 07:00:00,78.4,0.538,476.4
sensor_kallio,2024-01-02 07:30:00,84.0,0.546,408.0
sensor_kamppi,2024-01-02 07:30:00,70.2,0.553,431.0
sensor_pasila,2024-01-02 07:30:00,60.1,0.577,472.4
sensor_kallio,2024-01-02 08:00:00,67.7,0.742,406.5
sensor_kamppi,2024-01-02 08:00:00,81.9,0.743,475.1
sensor_pasila,2024-01-02 08:00:00,76.5,0.739,447.3
sensor_kallio,2024-01-02 08:30:00,71.9,0.71,442.4
sensor_kamppi,2024-01-02 08:30:00,73.7,0.755,443.8
sensor_pasila,2024-01-02 08:30:00,72.9,0.763,471.1
sensor_kallio,2024-01-02 09:00:00,69.6,0.636,403.7
sensor_kamppi,2024-01-02 09:00:00,69.7,0.656,411.7
sensor_pasila,2024-01-02 09:00:00,84.2,0.608,375.0
sensor_kallio,2024-01-02 09:30:00,78.2,0.568,381.8
sensor_kamppi,2024-01-02 09:30:00,59.7,0.587,420.4
sensor_pasila,2024-01-02 09:30:00,79.3,0.574,392.6
sensor_kallio,2024-01-02 10:00:00,46.7,0.282,341.3
sensor_kamppi,2024-01-02 10:00:00,51.6,0.298,344.0
sensor_pasila,2024-01-02 10:00:00,52.4,0.276,361.9
sensor_kallio,2024-01-02 10:30:00,57.1,0.304,371.4
sensor_kamppi,2024-01-02 10:30:00,37.1,0.288,367.5
sensor_pasila,2024-01-02 10:30:00,56.8,0.251,365.1
sensor_kallio,2024-01-02 11:00:00,62.4,0.14,309.3
sensor_kamppi,2024-01-02 11:00:00,58.5,0.153,324.7
sensor_pasila,2024-01-02 11:00:00,54.4,0.15,295.5
sensor_kallio,2024-01-02 11:30:00,52.8,0.183,307.1
sensor_kamppi,2024-01-02 11:30:00,52.3,0.131,326.9
sensor_pasila,2024-01-02 11:30:00,49.7,0.173,292.5
sensor_kallio,2024-01-02 12:00:00,46.2,0.112,275.0
sensor_kamppi,2024-01-02 12:00:00,56.6,0.138,264.2
sensor_pasila,2024-01-02 12:00:00,55.8,0.078,297.6
sensor_kallio,2024-01-02 12:30:00,58.0,0.122,276.2
sensor_kamppi,2024-01-02 12:30:00,45.7,0.096,282.5
sensor_pasila,2024-01-02 12:30:00,53.5,0.109,245.2
sensor_kallio,2024-01-02 13:00:00,53.7,0.08,236.3
sensor_kamppi,2024-01-02 13:00:00,50.8,0.045,272.0
sensor_pasila,2024-01-02 13:00:00,56.7,0.099,238.1
sensor_kallio,2024-01-02 13:30:00,45.8,0.096,209.5
sensor_kamppi,2024-01-02 13:30:00,54.2,0.12,251.8
sensor_pasila,2024-01-02 13:30:00,49.9,0.106,265.0
sensor_kallio,2024-01-02 14:00:00,58.1,0.101,258.7
sensor_kamppi,2024-01-02 14:00:00,45.9,0.105,303.6
sensor_pasila,2024-01-02 14:00:00,48.9,0.068,255.0
sensor_kallio,2024-01-02 14:30:00,35.8,0.11,245.2
sensor_kamppi,2024-01-02 14:30:00,38.2,0.041,250.1
sensor_pasila,2024-01-02 14:30:00,53.3,0.061,237.5
sensor_kallio,2024-01-02 15:00:00,49.2,0.09,319.8
sensor_kamppi,2024-01-02 15:00:00,55.4,0.1,285.2
sensor_pasila,2024-01-02 15:00:00,47.4,0.115,299.5
sensor_kallio,2024-01-02 15:30:00,37.9,0.133,302.9
sensor_kamppi,2024-01-02 15:30:00,43.9,0.1,331.8
sensor_pasila,2024-01-02 15:30:00,49.3,0.09,324.8
sensor_kallio,2024-01-02 16:00:00,85.1,0.142,375.4
sensor_kamppi,2024-01-02 16:00:00,58.9,0.213,338.0
sensor_pasila,2024-01-02 16:00:00,68.2,0.079,394.5
sensor_kallio,2024-01-02 16:30:00,73.0,0.057,367.3
sensor_kamppi,2024-01-02 16:30:00,75.6,0.09,337.5
sensor_pasila,2024-01-02 16:30:00,66.5,0.087,362.4
sensor_kallio,2024-01-02 17:00:00,63.4,0.122,389.6
sensor_kamppi,2024-01-02 17:00:00,49.7,0.078,435.6
sensor_pasila,2024-01-02 17:00:00,64.1,0.17,418.4
sensor_kallio,2024-01-02 17:30:00,58.8,0.075,413.5
sensor_kamppi,2024-01-02 17:30:00,55.2,0.171,388.8
sensor_pasila,2024-01-02 17:30:00,70.4,0.144,406.4
sensor_kallio,2024-01-02 18:00:00,56.9,0.092,443.6
sensor_kamppi,2024-01-02 18:00:00,72.7,0.102,408.3
sensor_pasila,2024-01-02 18:00:00,64.1,0.08,392.6
sensor_kallio,2024-01-02 18:30:00,59.0,0.057,448.1
sensor_kamppi,2024-01-02 18:30:00,83.3,0.156,424.8
sensor_pasila,2024-01-02 18:30:00,61.6,0.121,457.5
sensor_kallio,2024-01-02 19:00:00,33.1,0.096,480.5
sensor_kamppi,2024-01-02 19:00:00,34.9,0.085,438.7
sensor_pasila,2024-01-02 19:00:00,38.9,0.069,431.3
sensor_kallio,2024-01-02 19:30:00,27.8,0.092,473.9
sensor_kamppi,2024-01-02 19:30:00,43.4,0.097,417.7
sensor_pasila,2024-01-02 19:30:00,34.4,0.132,425.1
sensor_kallio,2024-01-02 20:00:00,43.7,0.059,402.8
sensor_kamppi,2024-01-02 20:00:00,50.9,0.04,432.4
sensor_pasila,2024-01-02 20:00:00,24.3,0.097,405.1
sensor_kallio,2024-01-02 20:30:00,39.3,0.02,370.2
sensor_kamppi,2024-01-02 20:30:00,27.9,0.101,390.7
sensor_pasila,2024-01-02 20:30:00,32.4,0.064,400.6
sensor_kallio,2024-01-02 21:00:00,25.7,0.107,373.6
sensor_kamppi,2024-01-02 21:00:00,45.9,0.08,355.6
sensor_pasila,2024-01-02 21:00:00,31.8,0.091,360.9
sensor_kallio,2024-01-02 21:30:00,20.7,0.111,343.6
sensor_kamppi,2024-01-02 21:30:00,22.0,0.052,385.2
sensor_pasila,2024-01-02 21:30:00,30.9,0.134,367.4
sensor_kallio,2024-01-02 22:00:00,18.5,0.067,326.4
sensor_kamppi,2024-01-02 22:00:00,22.8,0.067,307.6
sensor_pasila,2024-01-02 22:00:00,29.5,0.07,304.7
sensor_kallio,2024-01-02 22:30:00,27.1,0.022,321.3
sensor_kamppi,2024-01-02 22:30:00,22.3,0.139,288.2
sensor_pasila,2024-01-02 22:30:00,22.5,0.136,279.5
sensor_kallio,2024-01-02 23:00:00,25.5,0.118,265.9
sensor_kamppi,2024-01-02 23:00:00,13.4,0.106,268.6
sensor_pasila,2024-01-02 23:00:00,36.4,0.118,333.2
sensor_kallio,2024-01-02 23:30:00,18.5,0.099,251.1
sensor_kamppi,2024-01-02 23:30:00,41.5,0.125,287.5
sensor_pasila,2024-01-02 23:30:00,26.1,0.078,231.9
sensor_kallio,2024-01-03 00:00:00,42.4,0.115,306.0
sensor_kamppi,2024-01-03 00:00:00,39.7,0.123,330.7
sensor_pasila,2024-01-03 00:00:00,22.3,0.079,315.1
sensor_kallio,2024-01-03 00:30:00,32.9,0.129,291.0
sensor_kamppi,2024-01-03 00:30:00,31.7,0.166,325.0
sensor_pasila,2024-01-03 00:30:00,34.8,0.099,326.5
sensor_kallio,2024-01-03 01:00:00,44.2,0.103,296.9
sensor_kamppi,2024-01-03 01:00:00,22.9,0.118,290.5
sensor_pasila,2024-01-03 01:00:00,27.8,0.133,258.9
sensor_kallio,2024-01-03 01:30:00,26.0,0.1,311.1
sensor_kamppi,2024-01-03 01:30:00,34.7,0.128,257.8
sensor_pasila,2024-01-03 01:30:00,32.0,0.065,261.0
sensor_kallio,2024-01-03 02:00:00,39.4,0.099,287.0
sensor_kamppi,2024-01-03 02:00:00,31.5,0.094,283.5
sensor_pasila,2024-01-03 02:00:00,30.3,0.054,284.0
sensor_kallio,2024-01-03 02:30:00,36.4,0.035,258.9
sensor_kamppi,2024-01-03 02:30:00,29.5,0.152,243.4
sensor_pasila,2024-01-03 02:30:00,30.6,0.073,236.9
sensor_kallio,2024-01-03 03:00:00,31.1,0.057,251.8
sensor_kamppi,2024-01-03 03:00:00,19.9,0.055,241.3
sensor_pasila,2024-01-03 03:00:00,33.4,0.08,247.9
sensor_kallio,2024-01-03 03:30:00,39.3,0.099,263.8
sensor_kamppi,2024-01-03 03:30:00,31.4,0.148,277.2
sensor_pasila,2024-01-03 03:30:00,38.4,0.023,259.4
sensor_kallio,2024-01-03 04:00:00,23.7,0.093,318.7
sensor_kamppi,2024-01-03 04:00:00,32.2,0.121,290.7
sensor_pasila,2024-01-03 04:00:00,41.8,0.059,306.0
sensor_kallio,2024-01-03 04:30:00,41.8,0.122,308.7
sensor_kamppi,2024-01-03 04:30:00,58.3,0.093,302.2
sensor_pasila,2024-01-03 04:30:00,25.1,0.159,303.8
sensor_kallio,2024-01-03 05:00:00,33.8,0.185,386.7
sensor_kamppi,2024-01-03 05:00:00,43.1,0.102,370.3
sensor_pasila,2024-01-03 05:00:00,38.9,0.11,382.8
sensor_kallio,2024-01-03 05:30:00,27.1,0.162,371.1
sensor_kamppi,2024-01-03 05:30:00,62.5,0.155,320.8
sensor_pasila,2024-01-03 05:30:00,37.8,0.147,369.1
sensor_kallio,2024-01-03 06:00:00,52.0,0.24,402.0
sensor_kamppi,2024-01-03 06:00:00,54.8,0.345,445.8
sensor_pasila,2024-01-03 06:00:00,43.2,0.332,442.8
sensor_kallio,2024-01-03 06:30:00,53.5,0.321,425.1
sensor_kamppi,2024-01-03 06:30:00,37.2,0.256,428.2
sensor_pasila,2024-01-03 06:30:00,43.4,0.298,397.0
sensor_kallio,2024-01-03 07:00:00,70.2,0.591,415.9
sensor_kamppi,2024-01-03 07:00:00,73.7,0.591,434.8
sensor_pasila,2024-01-03 07:00:00,69.3,0.607,473.8
sensor_kallio,2024-01-03 07:30:00,68.8,0.621,454.1
sensor_kamppi,2024-01-03 07:30:00,46.5,0.561,423.6
sensor_pasila,2024-01-03 07:30:00,76.9,0.589,445.8
sensor_kallio,2024-01-03 08:00:00,79.9,0.723,421.4
sensor_kamppi,2024-01-03 08:00:00,63.3,0.745,433.9
sensor_pasila,2024-01-03 08:00:00,76.3,0.728,454.4
sensor_kallio,2024-01-03 08:30:00,81.9,0.796,450.5
sensor_kamppi,2024-01-03 08:30:00,77.3,0.77,448.5
sensor_pasila,2024-01-03 08:30:00,72.2,0.789,470.7
sensor_kallio,2024-01-03 09:00:00,91.2,0.585,415.1
sensor_kamppi,2024-01-03 09:00:00,81.6,0.583,421.0
sensor_pasila,2024-01-03 09:00:00,76.8,0.578,443.8
sensor_kallio,2024-01-03 09:30:00,78.5,0.586,426.2
sensor_kamppi,2024-01-03 09:30:00,78.9,0.592,407.3
sensor_pasila,2024-01-03 09:30:00,71.3,0.583,385.9
sensor_kallio,2024-01-03 10:00:00,55.1,0.264,380.3
sensor_kamppi,2024-01-03 10:00:00,61.1,0.307,359.9
sensor_pasila,2024-01-03 10:00:00,55.7,0.24,340.0
sensor_kallio,2024-01-03 10:30:00,52.5,0.309,360.4
sensor_kamppi,2024-01-03 10:30:00,43.5,0.303,352.9
sensor_pasila,2024-01-03 10:30:00,48.2,0.309,357.8
sensor_kallio,2024-01-03 11:00:00,62.4,0.165,325.9
sensor_kamppi,2024-01-03 11:00:00,57.2,0.12,292.5
sensor_pasila,2024-01-03 11:00:00,46.6,0.232,289.6
sensor_kallio,2024-01-03 11:30:00,52.5,0.135,305.6
sensor_kamppi,2024-01-03 11:30:00,48.2,0.089,291.2
sensor_pasila,2024-01-03 11:30:00,47.0,0.142,297.5
sensor_kallio,2024-01-03 12:00:00,48.8,0.112,260.8
sensor_kamppi,2024-01-03 12:00:00,62.9,0.094,276.9
sensor_pasila,2024-01-03 12:00:00,47.0,0.125,264.3
sensor_kallio,2024-01-03 12:30:00,56.5,0.116,269.0
sensor_kamppi,2024-01-03 12:30:00,55.8,0.094,299.4
sensor_pasila,2024-01-03 12:30:00,58.3,0.12,248.8
sensor_kallio,2024-01-03 13:00:00,44.7,0.08,253.1
sensor_kamppi,2024-01-03 13:00:00,56.9,0.074,281.5
sensor_pasila,2024-01-03 13:00:00,52.4,0.04,248.5
sensor_kallio,2024-01-03 13:30:00,34.3,0.078,247.0
sensor_kamppi,2024-01-03 13:30:00,46.3,0.091,250.1
sensor_pasila,2024-01-03 13:30:00,49.4,0.145,282.3
sensor_kallio,2024-01-03 14:00:00,42.5,0.138,240.0
sensor_kamppi,2024-01-03 14:00:00,42.3,0.146,227.7
sensor_pasila,2024-01-03 14:00:00,53.4,0.062,269.6
sensor_kallio,2024-01-03 14:30:00,49.2,0.151,256.2
sensor_kamppi,2024-01-03 14:30:00,49.8,0.119,267.4
sensor_pasila,2024-01-03 14:30:00,46.4,0.098,274.3
sensor_kallio,2024-01-03 15:00:00,54.2,0.072,302.2
sensor_kamppi,2024-01-03 15:00:00,51.2,0.095,307.5
sensor_pasila,2024-01-03 15:00:00,47.9,0.079,295.2
sensor_kallio,2024-01-03 15:30:00,51.1,0.067,334.5
sensor_kamppi,2024-01-03 15:30:00,50.2,0.062,316.9
sensor_pasila,2024-01-03 15:30:00,48.8,0.123,334.4
sensor_kallio,2024-01-03 16:00:00,67.5,0.079,349.8
sensor_kamppi,2024-01-03 16:00:00,60.3,0.078,367.6
sensor_pasila,2024-01-03 16:00:00,70.2,0.085,347.2
sensor_kallio,2024-01-03 16:30:00,72.5,0.085,341.1
sensor_kamppi,2024-01-03 16:30:00,68.6,0.092,340.5
sensor_pasila,2024-01-03 16:30:00,74.2,0.125,362.8
sensor_kallio,2024-01-03 17:00:00,67.9,0.116,408.0
sensor_kamppi,2024-01-03 17:00:00,75.9,0.15,410.2
sensor_pasila,2024-01-03 17:00:00,69.2,0.126,401.8
sensor_kallio,2024-01-03 17:30:00,59.1,0.127,377.2
sensor_kamppi,2024-01-03 17:30:00,84.9,0.126,412.3
sensor_pasila,2024-01-03 17:30:00,67.3,0.153,389.7
sensor_kallio,2024-01-03 18:00:00,55.8,0.082,431.1
sensor_kamppi,2024-01-03 18:00:00,53.8,0.105,439.0
sensor_pasila,2024-01-03 18:00:00,59.8,0.148,408.5
sensor_kallio,2024-01-03 18:30:00,55.0,0.111,432.2
sensor_kamppi,2024-01-03 18:30:00,68.1,0.081,415.6
sensor_pasila,2024-01-03 18:30:00,60.7,0.079,446.8
sensor_kallio,2024-01-03 19:00:00,32.6,0.123,448.1
sensor_kamppi,2024-01-03 19:00:00,46.4,0.127,452.0
sensor_pasila,2024-01-03 19:00:00,39.8,0.084,431.1
sensor_kallio,2024-01-03 19:30:00,23.2,0.109,422.8
sensor_kamppi,2024-01-03 19:30:00,40.0,0.116,409.3
sensor_pasila,2024-01-03 19:30:00,30.9,0.09,426.0
sensor_kallio,2024-01-03 20:00:00,34.7,0.065,409.5
sensor_kamppi,2024-01-03 20:00:00,16.6,0.035,422.9
sensor_pasila,2024-01-03 20:00:00,27.0,0.083,380.2
sensor_kallio,2024-01-03 20:30:00,23.7,0.088,400.4
sensor_kamppi,2024-01-03 20:30:00,43.3,0.113,403.4
sensor_pasila,2024-01-03 20:30:00,37.3,0.133,416.8
sensor_kallio,2024-01-03 21:00:00,28.8,0.131,397.3
sensor_kamppi,2024-01-03 21:00:00,38.2,0.153,380.5
sensor_pasila,2024-01-03 21:00:00,35.9,0.067,339.7
sensor_kallio,2024-01-03 21:30:00,31.3,0.05,350.1
sensor_kamppi,2024-01-03 21:30:00,40.3,0.08,372.6
sensor_pasila,2024-01-03 21:30:00,24.9,0.085,382.4
sensor_kallio,2024-01-03 22:00:00,31.9,0.109,345.3
sensor_kamppi,2024-01-03 22:00:00,43.4,0.074,337.6
sensor_pasila,2024-01-03 22:00:00,27.3,0.099,311.5
sensor_kallio,2024-01-03 22:30:00,37.9,0.066,320.2
sensor_kamppi,2024-01-03 22:30:00,35.6,0.124,307.0
sensor_pasila,2024-01-03 22:30:00,35.4,0.079,334.1
sensor_kallio,2024-01-03 23:00:00,32.5,0.058,280.6
sensor_kamppi,2024-01-03 23:00:00,31.8,0.089,257.7
sensor_pasila,2024-01-03 23:00:00,28.8,0.057,306.3
sensor_kallio,2024-01-03 23:30:00,22.1,0.08,295.3
sensor_kamppi,2024-01-03 23:30:00,35.9,0.122,302.8
sensor_pasila,2024-01-03 23:30:00,28.4,0.069,289.3
sensor_kallio,2024-01-04 00:00:00,36.0,0.09,285.9
sensor_kamppi,2024-01-04 00:00:00,42.8,0.117,283.7
sensor_pasila,2024-01-04 00:00:00,34.3,0.057,301.5
sensor_kallio,2024-01-04 00:30:00,22.5,0.081,294.5
sensor_kamppi,2024-01-04 00:30:00,24.3,0.122,317.1
sensor_pasila,2024-01-04 00:30:00,33.6,0.133,303.7
sensor_kallio,2024-01-04 01:00:00,32.2,0.116,306.6
sensor_kamppi,2024-01-04 01:00:00,40.6,0.141,292.8
sensor_pasila,2024-01-04 01:00:00,36.9,0.046,290.1
sensor_kallio,2024-01-04 01:30:00,33.1,0.102,261.9
sensor_kamppi,2024-01-04 01:30:00,27.4,0.112,289.2
sensor_pasila,2024-01-04 01:30:00,24.1,0.107,261.2
sensor_kallio,2024-01-04 02:00:00,26.9,0.112,251.4
sensor_kamppi,2024-01-04 02:00:00,26.9,0.077,263.6
sensor_pasila,2024-01-04 02:00:00,33.5,0.067,241.2
sensor_kallio,2024-01-04 02:30:00,32.2,0.112,237.0
sensor_kamppi,2024-01-04 02:30:00,38.4,0.075,312.6
sensor_pasila,2024-01-04 02:30:00,28.8,0.076,261.9
sensor_kallio,2024-01-04 03:00:00,29.7,0.125,308.5
sensor_kamppi,2024-01-04 03:00:00,32.1,0.106,262.1
sensor_pasila,2024-01-04 03:00:00,36.0,0.143,290.3
sensor_kallio,2024-01-04 03:30:00,29.7,0.147,295.7
sensor_kamppi,2024-01-04 03:30:00,40.9,0.081,273.8
sensor_pasila,2024-01-04 03:30:00,32.0,0.114,266.1
sensor_kallio,2024-01-04 04:00:00,23.2,0.134,315.0
sensor_kamppi,2024-01-04 04:00:00,49.7,0.102,315.0
sensor_pasila,2024-01-04 04:00:00,44.5,0.117,317.0
sensor_kallio,2024-01-04 04:30:00,61.4,0.101,314.6
sensor_kamppi,2024-01-04 04:30:00,56.2,0.082,290.4
sensor_pasila,2024-01-04 04:30:00,31.7,0.122,323.7
sensor_kallio,2024-01-04 05:00:00,47.2,0.105,382.1
sensor_kamppi,2024-01-04 05:00:00,54.0,0.142,362.6
sensor_pasila,2024-01-04 05:00:00,45.4,0.156,374.8
sensor_kallio,2024-01-04 05:30:00,34.4,0.14,337.7
sensor_kamppi,2024-01-04 05:30:00,48.3,0.161,360.0
sensor_pasila,2024-01-04 05:30:00,43.5,0.099,379.1
sensor_kallio,2024-01-04 06:00:00,41.8,0.303,430.9
sensor_kamppi,2024-01-04 06:00:00,37.5,0.335,411.1
sensor_pasila,2024-01-04 06:00:00,45.2,0.316,383.7
sensor_kallio,2024-01-04 06:30:00,49.3,0.301,429.3
sensor_kamppi,2024-01-04 06:30:00,42.9,0.288,416.0
sensor_pasila,2024-01-04 06:30:00,44.8,0.264,404.7
sensor_kallio,2024-01-04 07:00:00,81.9,0.581,418.9
sensor_kamppi,2024-01-04 07:00:00,80.2,0.528,393.9
sensor_pasila,2024-01-04 07:00:00,73.0,0.589,440.7
sensor_kallio,2024-01-04 07:30:00,66.8,0.579,408.3
sensor_kamppi,2024-01-04 07:30:00,75.2,0.535,433.3
sensor_pasila,2024-01-04 07:30:00,74.3,0.531,425.9
sensor_kallio,2024-01-04 08:00:00,81.0,0.796,406.2
sensor_kamppi,2024-01-04 08:00:00,78.9,0.713,409.4
sensor_pasila,2024-01-04 08:00:00,83.5,0.77,420.2
sensor_kallio,2024-01-04 08:30:00,77.0,0.769,439.9
sensor_kamppi,2024-01-04 08:30:00,98.0,0.768,376.5
sensor_pasila,2024-01-04 08:30:00,74.0,0.728,432.2
sensor_kallio,2024-01-04 09:00:00,77.5,0.564,386.9
sensor_kamppi,2024-01-04 09:00:00,91.0,0.601,395.2
sensor_pasila,2024-01-04 09:00:00,80.8,0.604,433.9
sensor_kallio,2024-01-04 09:30:00,70.0,0.607,396.4
sensor_kamppi,2024-01-04 09:30:00,88.9,0.578,363.2
sensor_pasila,2024-01-04 09:30:00,77.6,0.53,404.2
sensor_kallio,2024-01-04 10:00:00,53.2,0.287,332.2
sensor_kamppi,2024-01-04 10:00:00,42.4,0.274,357.0
sensor_pasila,2024-01-04 10:00:00,60.0,0.32,352.5
sensor_kallio,2024-01-04 10:30:00,62.5,0.258,375.7
sensor_kamppi,2024-01-04 10:30:00,51.8,0.306,374.7
sensor_pasila,2024-01-04 10:30:00,50.2,0.323,361.8
sensor_kallio,2024-01-04 11:00:00,70.9,0.136,336.6
sensor_kamppi,2024-01-04 11:00:00,60.5,0.11,338.4
sensor_pasila,2024-01-04 11:00:00,48.7,0.078,328.3
sensor_kallio,2024-01-04 11:30:00,61.5,0.147,306.0
sensor_kamppi,2024-01-04 11:30:00,69.8,0.167,298.1
sensor_pasila,2024-01-04 11:30:00,57.7,0.108,300.0
sensor_kallio,2024-01-04 12:00:00,46.2,0.04,248.9
sensor_kamppi,2024-01-04 12:00:00,65.8,0.073,261.4
sensor_pasila,2024-01-04 12:00:00,47.8,0.132,272.5
sensor_kallio,2024-01-04 12:30:00,57.0,0.103,249.0
sensor_kamppi,2024-01-04 12:30:00,43.9,0.131,271.3
sensor_pasila,2024-01-04 12:30:00,57.5,0.02,294.6
sensor_kallio,2024-01-04 13:00:00,48.9,0.166,247.8
sensor_kamppi,2024-01-04 13:00:00,52.7,0.12,240.5
sensor_pasila,2024-01-04 13:00:00,56.8,0.081,283.8
sensor_kallio,2024-01-04 13:30:00,57.9,0.115,243.5
sensor_kamppi,2024-01-04 13:30:00,50.3,0.109,217.3
sensor_pasila,2024-01-04 13:30:00,49.6,0.129,232.6
sensor_kallio,2024-01-04 14:00:00,59.4,0.081,278.9
sensor_kamppi,2024-01-04 14:00:00,39.0,0.115,281.7
sensor_pasila,2024-01-04 14:00:00,56.2,0.141,297.5
sensor_kallio,2024-01-04 14:30:00,51.9,0.063,298.9
sensor_kamppi,2024-01-04 14:30:00,37.4,0.087,287.2
sensor_pasila,2024-01-04 14:30:00,52.7,0.148,272.4
sensor_kallio,2024-01-04 15:00:00,36.2,0.092,314.7
sensor_kamppi,2024-01-04 15:00:00,44.5,0.142,306.2
sensor_pasila,2024-01-04 15:00:00,40.8,0.114,288.2
sensor_kallio,2024-01-04 15:30:00,59.9,0.108,283.1
sensor_kamppi,2024-01-04 15:30:00,58.8,0.171,271.1
sensor_pasila,2024-01-04 15:30:00,52.5,0.115,314.7
sensor_kallio,2024-01-04 16:00:00,72.5,0.115,348.1
sensor_kamppi,2024-01-04 16:00:00,84.2,0.06,401.1
sensor_pasila,2024-01-04 16:00:00,77.7,0.064,361.8
sensor_kallio,2024-01-04 16:30:00,80.0,0.085,358.7
sensor_kamppi,2024-01-04 16:30:00,66.1,0.135,349.8
sensor_pasila,2024-01-04 16:30:00,70.1,0.116,357.8
sensor_kallio,2024-01-04 17:00:00,60.9,0.06,378.2
sensor_kamppi,2024-01-04 17:00:00,55.2,0.048,394.1
sensor_pasila,2024-01-04 17:00:00,68.5,0.102,392.1
sensor_kallio,2024-01-04 17:30:00,59.9,0.07,380.8
sensor_kamppi,2024-01-04 17:30:00,54.6,0.121,380.5
sensor_pasila,2024-01-04 17:30:00,67.1,0.081,457.2
sensor_kallio,2024-01-04 18:00:00,51.3,0.106,429.6
sensor_kamppi,2024-01-04 18:00:00,56.2,0.109,439.4
sensor_pasila,2024-01-04 18:00:00,58.5,0.113,444.1
sensor_kallio,2024-01-04 18:30:00,73.1,0.082,465.7
sensor_kamppi,2024-01-04 18:30:00,61.9,0.041,446.8
sensor_pasila,2024-01-04 18:30:00,63.5,0.074,455.0
sensor_kallio,2024-01-04 19:00:00,32.7,0.131,434.7
sensor_kamppi,2024-01-04 19:00:00,43.5,0.12,445.8
sensor_pasila,2024-01-04 19:00:00,30.8,0.128,436.7
sensor_kallio,2024-01-04 19:30:00,50.0,0.114,451.3
sensor_kamppi,2024-01-04 19:30:00,28.4,0.088,438.2
sensor_pasila,2024-01-04 19:30:00,30.1,0.065,434.1
sensor_kallio,2024-01-04 20:00:00,33.0,0.106,430.9
sensor_kamppi,2024-01-04 20:00:00,29.5,0.12,405.7
sensor_pasila,2024-01-04 20:00:00,32.5,0.108,367.2
sensor_kallio,2024-01-04 20:30:00,34.0,0.081,390.0
sensor_kamppi,2024-01-04 20:30:00,14.6,0.087,371.0
sensor_pasila,2024-01-04 20:30:00,37.9,0.093,375.0
sensor_kallio,2024-01-04 21:00:00,26.9,0.123,350.1
sensor_kamppi,2024-01-04 21:00:00,28.8,0.089,359.4
sensor_pasila,2024-01-04 21:00:00,23.1,0.099,350.8
sensor_kallio,2024-01-04 21:30:00,52.3,0.094,352.8
sensor_kamppi,2024-01-04 21:30:00,41.5,0.095,367.0
sensor_pasila,2024-01-04 21:30:00,27.2,0.147,349.4
sensor_kallio,2024-01-04 22:00:00,33.0,0.134,305.1
sensor_kamppi,2024-01-04 22:00:00,30.4,0.118,324.9
sensor_pasila,2024-01-04 22:00:00,25.0,0.105,292.3
sensor_kallio,2024-01-04 22:30:00,25.2,0.081,335.5
sensor_kamppi,2024-01-04 22:30:00,46.4,0.178,310.1
sensor_pasila,2024-01-04 22:30:00,26.2,0.071,343.3
sensor_kallio,2024-01-04 23:00:00,19.2,0.09,261.1
sensor_kamppi,2024-01-04 23:00:00,47.5,0.07,294.5
sensor_pasila,2024-01-04 23:00:00,36.6,0.095,281.8
sensor_kallio,2024-01-04 23:30:00,19.2,0.097,268.1
sensor_kamppi,2024-01-04 23:30:00,10.0,0.112,279.5
sensor_pasila,2024-01-04 23:30:00,21.5,0.058,257.5
sensor_kallio,2024-01-05 00:00:00,26.7,0.091,292.0
sensor_kamppi,2024-01-05 00:00:00,20.3,0.109,301.7
sensor_pasila,2024-01-05 00:00:00,29.9,0.093,320.3
sensor_kallio,2024-01-05 00:30:00,29.3,0.126,313.3
sensor_kamppi,2024-01-05 00:30:00,39.3,0.137,282.0
sensor_pasila,2024-01-05 00:30:00,35.0,0.153,291.7
sensor_kallio,2024-01-05 01:00:00,31.4,0.089,281.3
sensor_kamppi,2024-01-05 01:00:00,36.8,0.08,298.7
sensor_pasila,2024-01-05 01:00:00,27.3,0.096,292.9
sensor_kallio,2024-01-05 01:30:00,45.3,0.085,288.1
sensor_kamppi,2024-01-05 01:30:00,33.8,0.053,253.3
sensor_pasila,2024-01-05 01:30:00,25.6,0.085,264.1
sensor_kallio,2024-01-05 02:00:00,33.7,0.138,266.4
sensor_kamppi,2024-01-05 02:00:00,60.0,0.093,273.8
sensor_pasila,2024-01-05 02:00:00,35.6,0.145,250.4
sensor_kallio,2024-01-05 02:30:00,39.4,0.149,243.6
sensor_kamppi,2024-01-05 02:30:00,32.8,0.115,249.3
sensor_pasila,2024-01-05 02:30:00,29.1,0.155,253.4
sensor_kallio,2024-01-05 03:00:00,48.1,0.085,268.3
sensor_kamppi,2024-01-05 03:00:00,44.0,0.094,254.5
sensor_pasila,2024-01-05 03:00:00,32.4,0.109,259.1
sensor_kallio,2024-01-05 03:30:00,36.6,0.033,261.3
sensor_kamppi,2024-01-05 03:30:00,34.2,0.085,252.6
sensor_pasila,2024-01-05 03:30:00,31.6,0.103,302.2
sensor_kallio,2024-01-05 04:00:00,29.1,0.097,330.7
sensor_kamppi,2024-01-05 04:00:00,42.2,0.103,302.2
sensor_pasila,2024-01-05 04:00:00,39.0,0.103,267.5
sensor_kallio,2024-01-05 04:30:00,33.9,0.047,337.0
sensor_kamppi,2024-01-05 04:30:00,47.1,0.082,327.3
sensor_pasila,2024-01-05 04:30:00,51.1,0.087,337.2
sensor_kallio,2024-01-05 05:00:00,44.5,0.138,339.8
sensor_kamppi,2024-01-05 05:00:00,36.4,0.133,315.6
sensor_pasila,2024-01-05 05:00:00,44.7,0.136,371.1
sensor_kallio,2024-01-05 05:30:00,39.1,0.235,328.8
sensor_kamppi,2024-01-05 05:30:00,32.7,0.166,409.1
sensor_pasila,2024-01-05 05:30:00,37.0,0.2,343.6
sensor_kallio,2024-01-05 06:00:00,54.2,0.301,453.2
sensor_kamppi,2024-01-05 06:00:00,62.9,0.28,467.3
sensor_pasila,2024-01-05 06:00:00,39.5,0.29,444.8
sensor_kallio,2024-01-05 06:30:00,40.0,0.28,411.2
sensor_kamppi,2024-01-05 06:30:00,49.6,0.311,393.7
sensor_pasila,2024-01-05 06:30:00,46.1,0.318,438.7
sensor_kallio,2024-01-05 07:00:00,75.3,0.546,436.9
sensor_kamppi,2024-01-05 07:00:00,66.8,0.623,402.8
sensor_pasila,2024-01-05 07:00:00,75.8,0.552,461.8
sensor_kallio,2024-01-05 07:30:00,78.4,0.59,446.4
sensor_kamppi,2024-01-05 07:30:00,69.6,0.604,435.3
sensor_pasila,2024-01-05 07:30:00,76.7,0.585,386.7
sensor_kallio,2024-01-05 08:00:00,71.9,0.796,465.4
sensor_kamppi,2024-01-05 08:00:00,76.5,0.746,429.6
sensor_pasila,2024-01-05 08:00:00,78.6,0.767,416.7
sensor_kallio,2024-01-05 08:30:00,80.1,0.787,417.2
sensor_kamppi,2024-01-05 08:30:00,73.6,0.764,450.8
sensor_pasila,2024-01-05 08:30:00,73.4,0.734,427.0
sensor_kallio,2024-01-05 09:00:00,80.1,0.596,408.2
sensor_kamppi,2024-01-05 09:00:00,63.8,0.551,421.3
sensor_pasila,2024-01-05 09:00:00,71.3,0.59,401.4
sensor_kallio,2024-01-05 09:30:00,73.2,0.584,442.1
sensor_kamppi,2024-01-05 09:30:00,80.3,0.575,379.1
sensor_pasila,2024-01-05 09:30:00,80.0,0.618,420.7
sensor_kallio,2024-01-05 10:00:00,61.8,0.313,335.9
sensor_kamppi,2024-01-05 10:00:00,53.1,0.315,376.4
sensor_pasila,2024-01-05 10:00:00,51.1,0.297,369.3
sensor_kallio,2024-01-05 10:30:00,62.5,0.329,374.9
sensor_kamppi,2024-01-05 10:30:00,57.6,0.268,339.9
sensor_pasila,2024-01-05 10:30:00,53.1,0.33,369.9
sensor_kallio,2024-01-05 11:00:00,57.9,0.1,282.0
sensor_kamppi,2024-01-05 11:00:00,65.2,0.144,284.9
sensor_pasila,2024-01-05 11:00:00,58.4,0.153,370.2
sensor_kallio,2024-01-05 11:30:00,62.8,0.156,308.2
sensor_kamppi,2024-01-05 11:30:00,56.3,0.142,282.4
sensor_pasila,2024-01-05 11:30:00,58.6,0.154,256.1
sensor_kallio,2024-01-05 12:00:00,49.1,0.081,292.1
sensor_kamppi,2024-01-05 12:00:00,53.2,0.15,240.6
sensor_pasila,2024-01-05 12:00:00,48.2,0.138,259.3
sensor_kallio,2024-01-05 12:30:00,46.2,0.09,257.2
sensor_kamppi,2024-01-05 12:30:00,59.0,0.139,240.7
sensor_pasila,2024-01-05 12:30:00,52.1,0.106,274.1
sensor_kallio,2024-01-05 13:00:00,58.2,0.104,246.4
sensor_kamppi,2024-01-05 13:00:00,41.3,0.046,250.6
sensor_pasila,2024-01-05 13:00:00,52.5,0.128,250.4
sensor_kallio,2024-01-05 13:30:00,68.7,0.098,248.3
sensor_kamppi,2024-01-05 13:30:00,56.2,0.071,262.2
sensor_pasila,2024-01-05 13:30:00,42.1,0.121,259.3
sensor_kallio,2024-01-05 14:00:00,52.0,0.105,247.0
sensor_kamppi,2024-01-05 14:00:00,41.5,0.147,282.3
sensor_pasila,2024-01-05 14:00:00,47.5,0.113,280.6
sensor_kallio,2024-01-05 14:30:00,64.2,0.133,280.7
sensor_kamppi,2024-01-05 14:30:00,46.0,0.154,270.4
sensor_pasila,2024-01-05 14:30:00,46.1,0.063,255.2
sensor_kallio,2024-01-05 15:00:00,45.5,0.123,329.5
sensor_kamppi,2024-01-05 15:00:00,59.5,0.105,327.8
sensor_pasila,2024-01-05 15:00:00,59.3,0.127,343.3
sensor_kallio,2024-01-05 15:30:00,37.4,0.078,296.2
sensor_kamppi,2024-01-05 15:30:00,21.2,0.102,339.0
sensor_pasila,2024-01-05 15:30:00,45.3,0.106,294.1
sensor_kallio,2024-01-05 16:00:00,66.7,0.109,338.0
sensor_kamppi,2024-01-05 16:00:00,81.8,0.042,368.4
sensor_pasila,2024-01-05 16:00:00,67.6,0.145,377.2
sensor_kallio,2024-01-05 16:30:00,55.5,0.027,341.9
sensor_kamppi,2024-01-05 16:30:00,65.1,0.094,362.6
sensor_pasila,2024-01-05 16:30:00,73.5,0.059,325.9
sensor_kallio,2024-01-05 17:00:00,68.8,0.089,406.5
sensor_kamppi,2024-01-05 17:00:00,60.6,0.095,438.3
sensor_pasila,2024-01-05 17:00:00,58.9,0.063,421.4
sensor_kallio,2024-01-05 17:30:00,78.0,0.094,383.3
sensor_kamppi,2024-01-05 17:30:00,47.0,0.108,383.6
sensor_pasila,2024-01-05 17:30:00,77.9,0.17,413.1
sensor_kallio,2024-01-05 18:00:00,67.3,0.096,459.1
sensor_kamppi,2024-01-05 18:00:00,63.9,0.102,463.5
sensor_pasila,2024-01-05 18:00:00,67.0,0.164,403.6
sensor_kallio,2024-01-05 18:30:00,60.0,0.073,453.1
sensor_kamppi,2024-01-05 18:30:00,59.0,0.118,412.9
sensor_pasila,2024-01-05 18:30:00,63.4,0.169,469.1
sensor_kallio,2024-01-05 19:00:00,22.9,0.111,452.8
sensor_kamppi,2024-01-05 19:00:00,31.1,0.067,449.6
sensor_pasila,2024-01-05 19:00:00,36.5,0.117,433.2
sensor_kallio,2024-01-05 19:30:00,52.3,0.073,426.4
sensor_kamppi,2024-01-05 19:30:00,41.1,0.122,408.7
sensor_pasila,2024-01-05 19:30:00,42.5,0.056,436.4
sensor_kallio,2024-01-05 20:00:00,31.4,0.079,431.3
sensor_kamppi,2024-01-05 20:00:00,10.0,0.078,390.5
sensor_pasila,2024-01-05 20:00:00,37.9,0.147,424.1
sensor_kallio,2024-01-05 20:30:00,43.3,0.033,411.9
sensor_kamppi,2024-01-05 20:30:00,19.7,0.089,413.5
sensor_pasila,2024-01-05 20:30:00,34.0,0.141,369.0
sensor_kallio,2024-01-05 21:00:00,25.8,0.056,329.2
sensor_kamppi,2024-01-05 21:00:00,41.7,0.105,393.1
sensor_pasila,2024-01-05 21:00:00,37.5,0.102,342.6
sensor_kallio,2024-01-05 21:30:00,38.6,0.079,338.0
sensor_kamppi,2024-01-05 21:30:00,20.1,0.104,387.3
sensor_pasila,2024-01-05 21:30:00,31.9,0.137,363.8
sensor_kallio,2024-01-05 22:00:00,27.4,0.182,347.6
sensor_kamppi,2024-01-05 22:00:00,32.4,0.075,279.0
sensor_pasila,2024-01-05 22:00:00,32.4,0.092,320.5
sensor_kallio,2024-01-05 22:30:00,32.7,0.113,334.0
sensor_kamppi,2024-01-05 22:30:00,33.6,0.078,295.8
sensor_pasila,2024-01-05 22:30:00,33.3,0.068,325.6
sensor_kallio,2024-01-05 23:00:00,35.0,0.099,256.8
sensor_kamppi,2024-01-05 23:00:00,12.2,0.066,239.9
sensor_pasila,2024-01-05 23:00:00,30.1,0.087,254.0
sensor_kallio,2024-01-05 23:30:00,36.1,0.104,273.4
sensor_kamppi,2024-01-05 23:30:00,35.6,0.131,240.4
sensor_pasila,2024-01-05 23:30:00,33.5,0.046,256.6
sensor_kallio,2024-01-06 00:00:00,37.5,0.121,324.5
sensor_kamppi,2024-01-06 00:00:00,32.2,0.142,280.4
sensor_pasila,2024-01-06 00:00:00,28.9,0.101,351.9
sensor_kallio,2024-01-06 00:30:00,37.6,0.131,296.0
sensor_kamppi,2024-01-06 00:30:00,52.9,0.114,291.1
sensor_pasila,2024-01-06 00:30:00,42.1,0.057,293.8
sensor_kallio,2024-01-06 01:00:00,30.0,0.071,283.0
sensor_kamppi,2024-01-06 01:00:00,34.4,0.103,310.3
sensor_pasila,2024-01-06 01:00:00,23.4,0.141,256.0
sensor_kallio,2024-01-06 01:30:00,41.8,0.157,318.5
sensor_kamppi,2024-01-06 01:30:00,29.7,0.065,279.0
sensor_pasila,2024-01-06 01:30:00,31.3,0.047,287.2
sensor_kallio,2024-01-06 02:00:00,27.1,0.143,277.3
sensor_kamppi,2024-01-06 02:00:00,30.7,0.101,253.1
sensor_pasila,2024-01-06 02:00:00,31.2,0.193,239.3
sensor_kallio,2024-01-06 02:30:00,33.9,0.13,250.3
sensor_kamppi,2024-01-06 02:30:00,27.2,0.06,281.8
sensor_pasila,2024-01-06 02:30:00,37.1,0.114,227.8
sensor_kallio,2024-01-06 03:00:00,39.5,0.109,265.7
sensor_kamppi,2024-01-06 03:00:00,22.2,0.099,255.0
sensor_pasila,2024-01-06 03:00:00,36.4,0.102,265.7
sensor_kallio,2024-01-06 03:30:00,42.2,0.098,283.0
sensor_kamppi,2024-01-06 03:30:00,40.2,0.131,253.2
sensor_pasila,2024-01-06 03:30:00,34.3,0.128,275.5
sensor_kallio,2024-01-06 04:00:00,46.8,0.128,302.3
sensor_kamppi,2024-01-06 04:00:00,47.7,0.098,330.3
sensor_pasila,2024-01-06 04:00:00,48.2,0.138,357.0
sensor_kallio,2024-01-06 04:30:00,28.0,0.089,305.9
sensor_kamppi,2024-01-06 04:30:00,34.9,0.117,303.8
sensor_pasila,2024-01-06 04:30:00,44.4,0.135,319.5
sensor_kallio,2024-01-06 05:00:00,34.9,0.162,375.4
sensor_kamppi,2024-01-06 05:00:00,45.5,0.146,390.0
sensor_pasila,2024-01-06 05:00:00,39.3,0.134,375.3
sensor_kallio,2024-01-06 05:30:00,45.7,0.171,356.3
sensor_kamppi,2024-01-06 05:30:00,28.9,0.108,353.3
sensor_pasila,2024-01-06 05:30:00,46.0,0.169,325.6
sensor_kallio,2024-01-06 06:00:00,48.8,0.296,387.8
sensor_kamppi,2024-01-06 06:00:00,67.0,0.307,425.1
sensor_pasila,2024-01-06 06:00:00,57.9,0.282,400.7
sensor_kallio,2024-01-06 06:30:00,55.5,0.26,410.1
sensor_kamppi,2024-01-06 06:30:00,45.6,0.328,416.7
sensor_pasila,2024-01-06 06:30:00,40.5,0.328,425.5
sensor_kallio,2024-01-06 07:00:00,40.6,0.563,425.8
sensor_kamppi,2024-01-06 07:00:00,36.5,0.615,429.8
sensor_pasila,2024-01-06 07:00:00,46.6,0.552,428.4
sensor_kallio,2024-01-06 07:30:00,58.4,0.606,404.0
sensor_kamppi,2024-01-06 07:30:00,38.1,0.603,426.4
sensor_pasila,2024-01-06 07:30:00,45.2,0.558,409.7
sensor_kallio,2024-01-06 08:00:00,51.2,0.739,459.1
sensor_kamppi,2024-01-06 08:00:00,49.8,0.721,450.2
sensor_pasila,2024-01-06 08:00:00,57.2,0.728,402.3
sensor_kallio,2024-01-06 08:30:00,47.1,0.71,469.1
sensor_kamppi,2024-01-06 08:30:00,36.6,0.74,465.8
sensor_pasila,2024-01-06 08:30:00,54.8,0.735,420.7
sensor_kallio,2024-01-06 09:00:00,51.1,0.576,438.5
sensor_kamppi,2024-01-06 09:00:00,50.8,0.543,428.3
sensor_pasila,2024-01-06 09:00:00,57.6,0.577,424.0
sensor_kallio,2024-01-06 09:30:00,52.8,0.547,407.0
sensor_kamppi,2024-01-06 09:30:00,40.9,0.565,389.8
sensor_pasila,2024-01-06 09:30:00,54.1,0.589,382.2
sensor_kallio,2024-01-06 10:00:00,47.2,0.299,371.2
sensor_kamppi,2024-01-06 10:00:00,54.3,0.233,387.7
sensor_pasila,2024-01-06 10:00:00,62.5,0.347,372.8
sensor_kallio,2024-01-06 10:30:00,58.3,0.279,365.7
sensor_kamppi,2024-01-06 10:30:00,42.3,0.303,333.4
sensor_pasila,2024-01-06 10:30:00,56.5,0.288,377.3
sensor_kallio,2024-01-06 11:00:00,55.3,0.132,328.1
sensor_kamppi,2024-01-06 11:00:00,42.3,0.137,300.4
sensor_pasila,2024-01-06 11:00:00,57.7,0.143,316.6
sensor_kallio,2024-01-06 11:30:00,57.7,0.075,292.7
sensor_kamppi,2024-01-06 11:30:00,55.2,0.176,322.6
sensor_pasila,2024-01-06 11:30:00,60.6,0.139,313.2
sensor_kallio,2024-01-06 12:00:00,50.1,0.093,255.8
sensor_kamppi,2024-01-06 12:00:00,48.2,0.1,259.4
sensor_pasila,2024-01-06 12:00:00,53.7,0.051,281.0
sensor_kallio,2024-01-06 12:30:00,54.8,0.119,263.2
sensor_kamppi,2024-01-06 12:30:00,48.5,0.135,269.4
sensor_pasila,2024-01-06 12:30:00,63.5,0.064,267.5
sensor_kallio,2024-01-06 13:00:00,44.5,0.077,242.2
sensor_kamppi,2024-01-06 13:00:00,47.6,0.124,235.1
sensor_pasila,2024-01-06 13:00:00,55.4,0.057,249.9
sensor_kallio,2024-01-06 13:30:00,61.6,0.114,263.4
sensor_kamppi,2024-01-06 13:30:00,58.7,0.118,270.6
sensor_pasila,2024-01-06 13:30:00,59.4,0.069,256.6
sensor_kallio,2024-01-06 14:00:00,54.9,0.123,283.6
sensor_kamppi,2024-01-06 14:00:00,63.6,0.085,245.5
sensor_pasila,2024-01-06 14:00:00,56.8,0.1,261.5
sensor_kallio,2024-01-06 14:30:00,50.7,0.087,292.6
sensor_kamppi,2024-01-06 14:30:00,59.4,0.109,283.3
sensor_pasila,2024-01-06 14:30:00,50.6,0.131,225.2
sensor_kallio,2024-01-06 15:00:00,39.8,0.099,302.9
sensor_kamppi,2024-01-06 15:00:00,38.5,0.119,291.6
sensor_pasila,2024-01-06 15:00:00,49.1,0.104,312.4
sensor_kallio,2024-01-06 15:30:00,42.2,0.094,335.7
sensor_kamppi,2024-01-06 15:30:00,53.4,0.129,309.6
sensor_pasila,2024-01-06 15:30:00,39.5,0.086,308.2
sensor_kallio,2024-01-06 16:00:00,54.2,0.134,370.4
sensor_kamppi,2024-01-06 16:00:00,36.5,0.104,356.7
sensor_pasila,2024-01-06 16:00:00,43.9,0.063,371.2
sensor_kallio,2024-01-06 16:30:00,44.9,0.124,332.7
sensor_kamppi,2024-01-06 16:30:00,33.8,0.209,344.3
sensor_pasila,2024-01-06 16:30:00,46.5,0.113,342.3
sensor_kallio,2024-01-06 17:00:00,54.1,0.098,411.6
sensor_kamppi,2024-01-06 17:00:00,60.2,0.076,398.8
sensor_pasila,2024-01-06 17:00:00,40.3,0.059,414.1
sensor_kallio,2024-01-06 17:30:00,45.3,0.105,421.7
sensor_kamppi,2024-01-06 17:30:00,50.7,0.11,403.8
sensor_pasila,2024-01-06 17:30:00,48.1,0.079,436.5
sensor_kallio,2024-01-06 18:00:00,37.5,0.123,472.8
sensor_kamppi,2024-01-06 18:00:00,16.2,0.094,428.2
sensor_pasila,2024-01-06 18:00:00,47.4,0.088,490.9
sensor_kallio,2024-01-06 18:30:00,28.2,0.11,428.6
sensor_kamppi,2024-01-06 18:30:00,43.9,0.083,427.3
sensor_pasila,2024-01-06 18:30:00,29.8,0.103,406.4
sensor_kallio,2024-01-06 19:00:00,26.8,0.103,433.9
sensor_kamppi,2024-01-06 19:00:00,46.3,0.059,444.7
sensor_pasila,2024-01-06 19:00:00,37.6,0.091,420.2
sensor_kallio,2024-01-06 19:30:00,35.4,0.127,428.8
sensor_kamppi,2024-01-06 19:30:00,44.5,0.092,470.8
sensor_pasila,2024-01-06 19:30:00,36.1,0.095,404.1
sensor_kallio,2024-01-06 20:00:00,23.5,0.111,404.0
sensor_kamppi,2024-01-06 20:00:00,36.3,0.079,405.6
sensor_pasila,2024-01-06 20:00:00,30.4,0.109,404.2
sensor_kallio,2024-01-06 20:30:00,46.6,0.079,431.0
sensor_kamppi,2024-01-06 20:30:00,23.0,0.086,391.8
sensor_pasila,2024-01-06 20:30:00,39.8,0.113,411.3
sensor_kallio,2024-01-06 21:00:00,33.2,0.067,390.0
sensor_kamppi,2024-01-06 21:00:00,45.5,0.099,362.2
sensor_pasila,2024-01-06 21:00:00,34.9,0.095,357.9
sensor_kallio,2024-01-06 21:30:00,28.2,0.09,352.4
sensor_kamppi,2024-01-06 21:30:00,38.9,0.09,353.4
sensor_pasila,2024-01-06 21:30:00,28.5,0.055,393.2
sensor_kallio,2024-01-06 22:00:00,34.0,0.126,300.6
sensor_kamppi,2024-01-06 22:00:00,45.0,0.104,340.2
sensor_pasila,2024-01-06 22:00:00,30.3,0.099,300.6
sensor_kallio,2024-01-06 22:30:00,31.0,0.107,341.1
sensor_kamppi,2024-01-06 22:30:00,45.8,0.103,335.6
sensor_pasila,2024-01-06 22:30:00,16.8,0.086,316.2
sensor_kallio,2024-01-06 23:00:00,36.2,0.113,271.3
sensor_kamppi,2024-01-06 23:00:00,25.4,0.076,310.5
sensor_pasila,2024-01-06 23:00:00,35.6,0.139,272.7
sensor_kallio,2024-01-06 23:30:00,26.3,0.117,272.0
sensor_kamppi,2024-01-06 23:30:00,28.7,0.099,259.8
sensor_pasila,2024-01-06 23:30:00,25.6,0.093,244.7
sensor_kallio,2024-01-07 00:00:00,34.6,0.125,295.8
sensor_kamppi,2024-01-07 00:00:00,12.1,0.112,316.0
sensor_pasila,2024-01-07 00:00:00,30.5,0.06,272.8
sensor_kallio,2024-01-07 00:30:00,42.4,0.094,321.3
sensor_kamppi,2024-01-07 00:30:00,29.7,0.112,285.6
sensor_pasila,2024-01-07 00:30:00,28.2,0.059,289.5
sensor_kallio,2024-01-07 01:00:00,26.6,0.046,263.2
sensor_kamppi,2024-01-07 01:00:00,24.5,0.064,269.8
sensor_pasila,2024-01-07 01:00:00,31.6,0.075,312.7
sensor_kallio,2024-01-07 01:30:00,36.6,0.134,265.9
sensor_kamppi,2024-01-07 01:30:00,40.5,0.123,252.1
sensor_pasila,2024-01-07 01:30:00,28.2,0.187,264.2
sensor_kallio,2024-01-07 02:00:00,36.9,0.094,274.6
sensor_kamppi,2024-01-07 02:00:00,23.6,0.07,280.7
sensor_pasila,2024-01-07 02:00:00,34.5,0.026,258.5
sensor_kallio,2024-01-07 02:30:00,32.2,0.121,264.4
sensor_kamppi,2024-01-07 02:30:00,36.9,0.103,263.8
sensor_pasila,2024-01-07 02:30:00,27.8,0.076,241.0
sensor_kallio,2024-01-07 03:00:00,26.6,0.124,294.0
sensor_kamppi,2024-01-07 03:00:00,42.1,0.082,261.7
sensor_pasila,2024-01-07 03:00:00,33.8,0.134,283.0
sensor_kallio,2024-01-07 03:30:00,48.2,0.071,267.9
sensor_kamppi,2024-01-07 03:30:00,23.4,0.058,269.3
sensor_pasila,2024-01-07 03:30:00,34.3,0.085,241.8
sensor_kallio,2024-01-07 04:00:00,40.3,0.097,329.5
sensor_kamppi,2024-01-07 04:00:00,44.4,0.066,319.1
sensor_pasila,2024-01-07 04:00:00,35.9,0.152,310.6
sensor_kallio,2024-01-07 04:30:00,35.4,0.094,281.2
sensor_kamppi,2024-01-07 04:30:00,51.6,0.169,276.6
sensor_pasila,2024-01-07 04:30:00,37.6,0.102,299.3
sensor_kallio,2024-01-07 05:00:00,50.5,0.183,357.0
sensor_kamppi,2024-01-07 05:00:00,62.7,0.146,357.1
sensor_pasila,2024-01-07 05:00:00,43.4,0.123,391.0
sensor_kallio,2024-01-07 05:30:00,46.3,0.135,358.2
sensor_kamppi,2024-01-07 05:30:00,32.9,0.153,336.1
sensor_pasila,2024-01-07 05:30:00,42.0,0.13,373.3
sensor_kallio,2024-01-07 06:00:00,52.4,0.323,406.1
sensor_kamppi,2024-01-07 06:00:00,38.0,0.29,408.3
sensor_pasila,2024-01-07 06:00:00,47.5,0.282,389.2
sensor_kallio,2024-01-07 06:30:00,46.3,0.34,446.0
sensor_kamppi,2024-01-07 06:30:00,53.0,0.269,436.8
sensor_pasila,2024-01-07 06:30:00,40.9,0.276,417.1
sensor_kallio,2024-01-07 07:00:00,38.3,0.608,435.2
sensor_kamppi,2024-01-07 07:00:00,52.0,0.559,453.2
sensor_pasila,2024-01-07 07:00:00,50.6,0.573,455.2
sensor_kallio,2024-01-07 07:30:00,29.4,0.594,434.2
sensor_kamppi,2024-01-07 07:30:00,40.1,0.589,446.3
sensor_pasila,2024-01-07 07:30:00,44.3,0.58,435.5
sensor_kallio,2024-01-07 08:00:00,53.2,0.787,427.0
sensor_kamppi,2024-01-07 08:00:00,63.7,0.711,442.3
sensor_pasila,2024-01-07 08:00:00,41.9,0.752,450.8
sensor_kallio,2024-01-07 08:30:00,64.6,0.751,421.3
sensor_kamppi,2024-01-07 08:30:00,60.8,0.751,438.3
sensor_pasila,2024-01-07 08:30:00,55.1,0.783,401.7
sensor_kallio,2024-01-07 09:00:00,52.8,0.583,387.2
sensor_kamppi,2024-01-07 09:00:00,36.2,0.582,399.3
sensor_pasila,2024-01-07 09:00:00,48.8,0.579,401.6
sensor_kallio,2024-01-07 09:30:00,52.5,0.631,408.0
sensor_kamppi,2024-01-07 09:30:00,71.2,0.621,427.9
sensor_pasila,2024-01-07 09:30:00,48.7,0.575,390.2
sensor_kallio,2024-01-07 10:00:00,56.5,0.297,370.8
sensor_kamppi,2024-01-07 10:00:00,56.6,0.304,354.8
sensor_pasila,2024-01-07 10:00:00,48.7,0.286,376.3
sensor_kallio,2024-01-07 10:30:00,52.4,0.297,379.3
sensor_kamppi,2024-01-07 10:30:00,58.5,0.255,360.3
sensor_pasila,2024-01-07 10:30:00,49.2,0.297,369.8
sensor_kallio,2024-01-07 11:00:00,57.6,0.195,301.2
sensor_kamppi,2024-01-07 11:00:00,51.1,0.163,330.4
sensor_pasila,2024-01-07 11:00:00,48.8,0.166,324.5
sensor_kallio,2024-01-07 11:30:00,52.9,0.137,325.9
sensor_kamppi,2024-01-07 11:30:00,58.3,0.157,296.6
sensor_pasila,2024-01-07 11:30:00,45.4,0.143,305.8
sensor_kallio,2024-01-07 12:00:00,56.8,0.083,285.1
sensor_kamppi,2024-01-07 12:00:00,57.7,0.084,291.3
sensor_pasila,2024-01-07 12:00:00,51.9,0.085,277.5
sensor_kallio,2024-01-07 12:30:00,53.5,0.079,284.8
sensor_kamppi,2024-01-07 12:30:00,53.5,0.083,237.4
sensor_pasila,2024-01-07 12:30:00,55.7,0.109,274.8
sensor_kallio,2024-01-07 13:00:00,62.0,0.026,283.4
sensor_kamppi,2024-01-07 13:00:00,66.0,0.071,278.3
sensor_pasila,2024-01-07 13:00:00,48.3,0.069,256.0
sensor_kallio,2024-01-07 13:30:00,65.2,0.111,259.0
sensor_kamppi,2024-01-07 13:30:00,61.2,0.082,288.0
sensor_pasila,2024-01-07 13:30:00,60.2,0.113,242.2
sensor_kallio,2024-01-07 14:00:00,58.0,0.109,285.3
sensor_kamppi,2024-01-07 14:00:00,61.9,0.113,254.4
sensor_pasila,2024-01-07 14:00:00,57.9,0.108,278.9
sensor_kallio,2024-01-07 14:30:00,54.8,0.109,287.4
sensor_kamppi,2024-01-07 14:30:00,52.5,0.095,261.4
sensor_pasila,2024-01-07 14:30:00,47.9,0.091,292.2
sensor_kallio,2024-01-07 15:00:00,45.6,0.097,309.2
sensor_kamppi,2024-01-07 15:00:00,53.3,0.119,350.7
sensor_pasila,2024-01-07 15:00:00,41.0,0.093,322.7
sensor_kallio,2024-01-07 15:30:00,36.2,0.152,308.9
sensor_kamppi,2024-01-07 15:30:00,40.1,0.129,267.2
sensor_pasila,2024-01-07 15:30:00,49.1,0.07,310.9
sensor_kallio,2024-01-07 16:00:00,47.7,0.124,370.2
sensor_kamppi,2024-01-07 16:00:00,66.0,0.102,355.1
sensor_pasila,2024-01-07 16:00:00,51.2,0.098,370.3
sensor_kallio,2024-01-07 16:30:00,17.5,0.114,360.5
sensor_kamppi,2024-01-07 16:30:00,40.8,0.08,380.0
sensor_pasila,2024-01-07 16:30:00,34.9,0.194,385.0
sensor_kallio,2024-01-07 17:00:00,44.6,0.157,414.1
sensor_kamppi,2024-01-07 17:00:00,33.1,0.131,375.9
sensor_pasila,2024-01-07 17:00:00,45.0,0.136,419.3
sensor_kallio,2024-01-07 17:30:00,31.8,0.106,406.1
sensor_kamppi,2024-01-07 17:30:00,34.6,0.031,384.9
sensor_pasila,2024-01-07 17:30:00,39.5,0.134,463.7
sensor_kallio,2024-01-07 18:00:00,44.9,0.076,427.9
sensor_kamppi,2024-01-07 18:00:00,49.7,0.118,444.1
sensor_pasila,2024-01-07 18:00:00,40.1,0.136,481.0
sensor_kallio,2024-01-07 18:30:00,39.0,0.105,446.4
sensor_kamppi,2024-01-07 18:30:00,34.3,0.034,446.2
sensor_pasila,2024-01-07 18:30:00,35.2,0.139,440.0
sensor_kallio,2024-01-07 19:00:00,46.5,0.074,458.9
sensor_kamppi,2024-01-07 19:00:00,19.7,0.128,431.6
sensor_pasila,2024-01-07 19:00:00,40.7,0.089,450.0
sensor_kallio,2024-01-07 19:30:00,39.5,0.111,445.2
sensor_kamppi,2024-01-07 19:30:00,52.8,0.083,464.4
sensor_pasila,2024-01-07 19:30:00,34.2,0.136,483.1
sensor_kallio,2024-01-07 20:00:00,27.9,0.035,411.9
sensor_kamppi,2024-01-07 20:00:00,26.6,0.084,402.0
sensor_pasila,2024-01-07 20:00:00,30.8,0.143,431.1
sensor_kallio,2024-01-07 20:30:00,41.6,0.169,393.2
sensor_kamppi,2024-01-07 20:30:00,10.0,0.161,413.6
sensor_pasila,2024-01-07 20:30:00,33.2,0.046,381.6
sensor_kallio,2024-01-07 21:00:00,36.5,0.096,318.9
sensor_kamppi,2024-01-07 21:00:00,22.2,0.131,387.5
sensor_pasila,2024-01-07 21:00:00,32.7,0.185,382.5
sensor_kallio,2024-01-07 21:30:00,44.3,0.14,378.6
sensor_kamppi,2024-01-07 21:30:00,18.2,0.052,347.1
sensor_pasila,2024-01-07 21:30:00,32.9,0.1,369.4
sensor_kallio,2024-01-07 22:00:00,30.3,0.114,330.9
sensor_kamppi,2024-01-07 22:00:00,30.5,0.091,258.8
sensor_pasila,2024-01-07 22:00:00,34.8,0.077,293.0
sensor_kallio,2024-01-07 22:30:00,36.5,0.128,324.8
sensor_kamppi,2024-01-07 22:30:00,39.9,0.067,306.6
sensor_pasila,2024-01-07 22:30:00,27.7,0.152,328.5
sensor_kallio,2024-01-07 23:00:00,28.3,0.125,279.9
sensor_kamppi,2024-01-07 23:00:00,28.8,0.114,289.5
sensor_pasila,2024-01-07 23:00:00,29.3,0.062,279.5
sensor_kallio,2024-01-07 23:30:00,28.2,0.066,257.1
sensor_kamppi,2024-01-07 23:30:00,27.5,0.101,283.7
sensor_pasila,2024-01-07 23:30:00,28.9,0.113,265.0
sensor_kallio,2024-01-08 00:00:00,34.2,0.112,322.6
sensor_kamppi,2024-01-08 00:00:00,44.8,0.092,279.3
sensor_pasila,2024-01-08 00:00:00,30.0,0.124,311.7
sensor_kallio,2024-01-08 00:30:00,32.6,0.048,294.5
sensor_kamppi,2024-01-08 00:30:00,35.8,0.123,296.2
sensor_pasila,2024-01-08 00:30:00,32.2,0.079,288.1
sensor_kallio,2024-01-08 01:00:00,32.1,0.107,280.4
sensor_kamppi,2024-01-08 01:00:00,38.9,0.15,291.4
sensor_pasila,2024-01-08 01:00:00,29.8,0.128,243.1
sensor_kallio,2024-01-08 01:30:00,32.3,0.132,286.0
sensor_kamppi,2024-01-08 01:30:00,39.9,0.157,257.6
sensor_pasila,2024-01-08 01:30:00,35.6,0.097,294.7
sensor_kallio,2024-01-08 02:00:00,34.3,0.123,288.9
sensor_kamppi,2024-01-08 02:00:00,39.8,0.094,250.6
sensor_pasila,2024-01-08 02:00:00,30.0,0.131,284.2
sensor_kallio,2024-01-08 02:30:00,31.8,0.046,245.3
sensor_kamppi,2024-01-08 02:30:00,37.9,0.072,218.8
sensor_pasila,2024-01-08 02:30:00,31.3,0.039,264.5
sensor_kallio,2024-01-08 03:00:00,33.2,0.102,298.4
sensor_kamppi,2024-01-08 03:00:00,26.9,0.036,271.9
sensor_pasila,2024-01-08 03:00:00,38.3,0.058,265.1
sensor_kallio,2024-01-08 03:30:00,33.6,0.101,260.1
sensor_kamppi,2024-01-08 03:30:00,62.6,0.093,276.2
sensor_pasila,2024-01-08 03:30:00,33.6,0.021,300.1
sensor_kallio,2024-01-08 04:00:00,16.8,0.146,284.8
sensor_kamppi,2024-01-08 04:00:00,25.3,0.102,355.1
sensor_pasila,2024-01-08 04:00:00,40.5,0.1,295.8
sensor_kallio,2024-01-08 04:30:00,43.4,0.095,325.5
sensor_kamppi,2024-01-08 04:30:00,19.3,0.122,317.6
sensor_pasila,2024-01-08 04:30:00,32.1,0.075,308.2
sensor_kallio,2024-01-08 05:00:00,38.6,0.154,333.3
sensor_kamppi,2024-01-08 05:00:00,33.2,0.209,345.1
sensor_pasila,2024-01-08 05:00:00,39.9,0.14,356.4
sensor_kallio,2024-01-08 05:30:00,50.4,0.128,379.0
sensor_kamppi,2024-01-08 05:30:00,33.4,0.169,357.7
sensor_pasila,2024-01-08 05:30:00,41.1,0.143,373.0
sensor_kallio,2024-01-08 06:00:00,36.8,0.27,449.3
sensor_kamppi,2024-01-08 06:00:00,50.2,0.288,421.4
sensor_pasila,2024-01-08 06:00:00,44.8,0.232,411.8
sensor_kallio,2024-01-08 06:30:00,44.3,0.31,393.1
sensor_kamppi,2024-01-08 06:30:00,42.9,0.333,405.6
sensor_pasila,2024-01-08 06:30:00,43.0,0.31,400.7
sensor_kallio,2024-01-08 07:00:00,80.5,0.578,443.6
sensor_kamppi,2024-01-08 07:00:00,66.0,0.546,450.7
sensor_pasila,2024-01-08 07:00:00,74.3,0.603,451.0
sensor_kallio,2024-01-08 07:30:00,62.7,0.587,396.2
sensor_kamppi,2024-01-08 07:30:00,78.2,0.551,445.7
sensor_pasila,2024-01-08 07:30:00,76.6,0.567,435.9
sensor_kallio,2024-01-08 08:00:00,84.0,0.7,449.2
sensor_kamppi,2024-01-08 08:00:00,76.7,0.778,403.3
sensor_pasila,2024-01-08 08:00:00,75.5,0.783,463.5
sensor_kallio,2024-01-08 08:30:00,70.1,0.742,473.1
sensor_kamppi,2024-01-08 08:30:00,61.3,0.749,439.9
sensor_pasila,2024-01-08 08:30:00,76.4,0.722,455.6
sensor_kallio,2024-01-08 09:00:00,83.6,0.638,392.7
sensor_kamppi,2024-01-08 09:00:00,72.6,0.616,444.9
sensor_pasila,2024-01-08 09:00:00,77.3,0.538,404.3
sensor_kallio,2024-01-08 09:30:00,84.1,0.604,430.9
sensor_kamppi,2024-01-08 09:30:00,96.6,0.571,390.5
sensor_pasila,2024-01-08 09:30:00,71.4,0.58,429.0
sensor_kallio,2024-01-08 10:00:00,65.7,0.306,362.2
sensor_kamppi,2024-01-08 10:00:00,52.3,0.336,346.7
sensor_pasila,2024-01-08 10:00:00,53.1,0.297,361.4
sensor_kallio,2024-01-08 10:30:00,66.2,0.272,411.1
sensor_kamppi,2024-01-08 10:30:00,47.0,0.274,348.7
sensor_pasila,2024-01-08 10:30:00,56.8,0.299,384.4
sensor_kallio,2024-01-08 11:00:00,48.2,0.095,303.8
sensor_kamppi,2024-01-08 11:00:00,56.8,0.101,309.1
sensor_pasila,2024-01-08 11:00:00,56.7,0.121,294.7
sensor_kallio,2024-01-08 11:30:00,46.3,0.141,320.3
sensor_kamppi,2024-01-08 11:30:00,81.5,0.18,286.0
sensor_pasila,2024-01-08 11:30:00,46.3,0.142,342.6
sensor_kallio,2024-01-08 12:00:00,58.2,0.09,292.5
sensor_kamppi,2024-01-08 12:00:00,67.4,0.15,251.1
sensor_pasila,2024-01-08 12:00:00,55.8,0.067,256.3
sensor_kallio,2024-01-08 12:30:00,44.6,0.098,243.7
sensor_kamppi,2024-01-08 12:30:00,61.3,0.105,255.2
sensor_pasila,2024-01-08 12:30:00,56.0,0.152,279.4
sensor_kallio,2024-01-08 13:00:00,48.3,0.092,255.9
sensor_kamppi,2024-01-08 13:00:00,45.4,0.049,250.4
sensor_pasila,2024-01-08 13:00:00,58.6,0.076,219.4
sensor_kallio,2024-01-08 13:30:00,51.8,0.133,223.6
sensor_kamppi,2024-01-08 13:30:00,54.3,0.113,268.7
sensor_pasila,2024-01-08 13:30:00,55.2,0.119,226.3
sensor_kallio,2024-01-08 14:00:00,54.8,0.141,268.0
sensor_kamppi,2024-01-08 14:00:00,54.2,0.07,298.5
sensor_pasila,2024-01-08 14:00:00,47.4,0.149,264.8
sensor_kallio,2024-01-08 14:30:00,55.2,0.084,310.0
sensor_kamppi,2024-01-08 14:30:00,30.8,0.111,230.9
sensor_pasila,2024-01-08 14:30:00,44.5,0.157,290.6
sensor_kallio,2024-01-08 15:00:00,33.9,0.1,298.8
sensor_kamppi,2024-01-08 15:00:00,53.7,0.156,324.3
sensor_pasila,2024-01-08 15:00:00,50.2,0.115,289.3
sensor_kallio,2024-01-08 15:30:00,52.9,0.128,299.0
sensor_kamppi,2024-01-08 15:30:00,41.6,0.143,315.4
sensor_pasila,2024-01-08 15:30:00,42.3,0.087,302.0
sensor_kallio,2024-01-08 16:00:00,69.7,0.098,357.0
sensor_kamppi,2024-01-08 16:00:00,86.8,0.125,391.6
sensor_pasila,2024-01-08 16:00:00,61.6,0.103,385.4
sensor_kallio,2024-01-08 16:30:00,75.2,0.08,346.8
sensor_kamppi,2024-01-08 16:30:00,79.7,0.094,374.9
sensor_pasila,2024-01-08 16:30:00,70.9,0.096,364.4
sensor_kallio,2024-01-08 17:00:00,61.2,0.151,419.6
sensor_kamppi,2024-01-08 17:00:00,81.0,0.084,397.8
sensor_pasila,2024-01-08 17:00:00,65.4,0.074,422.2
sensor_kallio,2024-01-08 17:30:00,72.0,0.085,402.2
sensor_kamppi,2024-01-08 17:30:00,70.8,0.077,400.4
sensor_pasila,2024-01-08 17:30:00,74.8,0.078,398.3
sensor_kallio,2024-01-08 18:00:00,81.4,0.036,412.6
sensor_kamppi,2024-01-08 18:00:00,81.9,0.088,446.3
sensor_pasila,2024-01-08 18:00:00,74.5,0.078,424.5
sensor_kallio,2024-01-08 18:30:00,66.8,0.098,425.8
sensor_kamppi,2024-01-08 18:30:00,62.6,0.06,445.6
sensor_pasila,2024-01-08 18:30:00,68.1,0.095,431.8
sensor_kallio,2024-01-08 19:00:00,39.8,0.084,430.2
sensor_kamppi,2024-01-08 19:00:00,35.3,0.144,435.3
sensor_pasila,2024-01-08 19:00:00,35.4,0.095,428.6
sensor_kallio,2024-01-08 19:30:00,29.2,0.072,453.5
sensor_kamppi,2024-01-08 19:30:00,30.3,0.103,426.8
sensor_pasila,2024-01-08 19:30:00,29.4,0.086,464.3
sensor_kallio,2024-01-08 20:00:00,30.6,0.08,400.0
sensor_kamppi,2024-01-08 20:00:00,30.2,0.107,400.4
sensor_pasila,2024-01-08 20:00:00,33.0,0.085,415.7
sensor_kallio,2024-01-08 20:30:00,35.7,0.106,421.3
sensor_kamppi,2024-01-08 20:30:00,32.5,0.136,417.9
sensor_pasila,2024-01-08 20:30:00,41.0,0.098,414.0
sensor_kallio,2024-01-08 21:00:00,26.8,0.1,378.3
sensor_kamppi,2024-01-08 21:00:00,28.0,0.145,362.5
sensor_pasila,2024-01-08 21:00:00,39.5,0.069,356.4
sensor_kallio,2024-01-08 21:30:00,28.1,0.13,374.8
sensor_kamppi,2024-01-08 21:30:00,30.8,0.086,361.4
sensor_pasila,2024-01-08 21:30:00,35.2,0.125,360.8
sensor_kallio,2024-01-08 22:00:00,27.3,0.103,313.8
sensor_kamppi,2024-01-08 22:00:00,32.9,0.086,346.0
sensor_pasila,2024-01-08 22:00:00,27.3,0.145,339.1
sensor_kallio,2024-01-08 22:30:00,37.0,0.156,322.3
sensor_kamppi,2024-01-08 22:30:00,27.2,0.084,297.8
sensor_pasila,2024-01-08 22:30:00,34.6,0.056,282.8
sensor_kallio,2024-01-08 23:00:00,40.7,0.13,280.7
sensor_kamppi,2024-01-08 23:00:00,39.2,0.123,268.7
sensor_pasila,2024-01-08 23:00:00,22.7,0.138,281.4
sensor_kallio,2024-01-08 23:30:00,20.4,0.104,263.1
sensor_kamppi,2024-01-08 23:30:00,28.8,0.09,283.5
sensor_pasila,2024-01-08 23:30:00,29.0,0.065,285.9
sensor_kallio,2024-01-09 00:00:00,33.8,0.057,319.4
sensor_kamppi,2024-01-09 00:00:00,39.3,0.095,315.0
sensor_pasila,2024-01-09 00:00:00,26.6,0.047,321.6
sensor_kallio,2024-01-09 00:30:00,29.8,0.113,306.5
sensor_kamppi,2024-01-09 00:30:00,27.8,0.105,309.9
sensor_pasila,2024-01-09 00:30:00,34.7,0.087,282.3
sensor_kallio,2024-01-09 01:00:00,32.6,0.061,221.8
sensor_kamppi,2024-01-09 01:00:00,20.6,0.087,256.5
sensor_pasila,2024-01-09 01:00:00,23.9,0.093,296.8
sensor_kallio,2024-01-09 01:30:00,37.4,0.1,290.9
sensor_kamppi,2024-01-09 01:30:00,27.2,0.074,286.0
sensor_pasila,2024-01-09 01:30:00,26.2,0.11,271.9
sensor_kallio,2024-01-09 02:00:00,31.0,0.086,280.7
sensor_kamppi,2024-01-09 02:00:00,17.6,0.108,252.2
sensor_pasila,2024-01-09 02:00:00,29.8,0.101,264.3
sensor_kallio,2024-01-09 02:30:00,33.1,0.107,286.3
sensor_kamppi,2024-01-09 02:30:00,27.5,0.113,223.2
sensor_pasila,2024-01-09 02:30:00,35.8,0.044,270.6
sensor_kallio,2024-01-09 03:00:00,32.7,0.105,243.3
sensor_kamppi,2024-01-09 03:00:00,36.2,0.125,284.8
sensor_pasila,2024-01-09 03:00:00,35.9,0.1,295.4
sensor_kallio,2024-01-09 03:30:00,41.2,0.082,260.8
sensor_kamppi,2024-01-09 03:30:00,29.2,0.099,249.2
sensor_pasila,2024-01-09 03:30:00,25.2,0.094,277.5
sensor_kallio,2024-01-09 04:00:00,40.2,0.138,285.3
sensor_kamppi,2024-01-09 04:00:00,33.8,0.062,316.1
sensor_pasila,2024-01-09 04:00:00,38.4,0.091,312.0
sensor_kallio,2024-01-09 04:30:00,33.9,0.075,342.8
sensor_kamppi,2024-01-09 04:30:00,47.0,0.1,280.4
sensor_pasila,2024-01-09 04:30:00,37.8,0.123,314.6
sensor_kallio,2024-01-09 05:00:00,49.1,0.182,360.3
sensor_kamppi,2024-01-09 05:00:00,37.3,0.131,353.7
sensor_pasila,2024-01-09 05:00:00,46.5,0.133,328.3
sensor_kallio,2024-01-09 05:30:00,45.3,0.142,352.6
sensor_kamppi,2024-01-09 05:30:00,22.4,0.18,375.9
sensor_pasila,2024-01-09 05:30:00,36.3,0.15,340.3
sensor_kallio,2024-01-09 06:00:00,35.6,0.236,424.2
sensor_kamppi,2024-01-09 06:00:00,53.9,0.29,407.4
sensor_pasila,2024-01-09 06:00:00,53.9,0.276,384.9
sensor_kallio,2024-01-09 06:30:00,46.0,0.316,402.7
sensor_kamppi,2024-01-09 06:30:00,30.8,0.276,422.3
sensor_pasila,2024-01-09 06:30:00,48.7,0.249,384.1
sensor_kallio,2024-01-09 07:00:00,66.1,0.583,480.5
sensor_kamppi,2024-01-09 07:00:00,70.1,0.585,420.4
sensor_pasila,2024-01-09 07:00:00,85.9,0.565,426.1
sensor_kallio,2024-01-09 07:30:00,74.1,0.544,452.5
sensor_kamppi,2024-01-09 07:30:00,72.9,0.558,424.4
sensor_pasila,2024-01-09 07:30:00,63.5,0.567,390.8
sensor_kallio,2024-01-09 08:00:00,72.3,0.735,424.5
sensor_kamppi,2024-01-09 08:00:00,69.7,0.725,461.0
sensor_pasila,2024-01-09 08:00:00,82.7,0.745,459.2
sensor_kallio,2024-01-09 08:30:00,73.3,0.741,419.7
sensor_kamppi,2024-01-09 08:30:00,82.5,0.769,410.5
sensor_pasila,2024-01-09 08:30:00,76.3,0.734,418.3
sensor_kallio,2024-01-09 09:00:00,77.2,0.526,399.9
sensor_kamppi,2024-01-09 09:00:00,96.3,0.597,385.9
sensor_pasila,2024-01-09 09:00:00,80.2,0.586,402.2
sensor_kallio,2024-01-09 09:30:00,73.3,0.584,396.7
sensor_kamppi,2024-01-09 09:30:00,75.7,0.606,424.9
sensor_pasila,2024-01-09 09:30:00,70.9,0.569,440.7
sensor_kallio,2024-01-09 10:00:00,66.2,0.31,394.1
sensor_kamppi,2024-01-09 10:00:00,65.7,0.295,322.0
sensor_pasila,2024-01-09 10:00:00,53.3,0.261,364.7
sensor_kallio,2024-01-09 10:30:00,65.8,0.307,346.2
sensor_kamppi,2024-01-09 10:30:00,41.9,0.24,323.8
sensor_pasila,2024-01-09 10:30:00,61.7,0.325,359.3
sensor_kallio,2024-01-09 11:00:00,52.9,0.144,311.0
sensor_kamppi,2024-01-09 11:00:00,67.9,0.157,271.5
sensor_pasila,2024-01-09 11:00:00,59.3,0.087,303.1
sensor_kallio,2024-01-09 11:30:00,44.3,0.147,286.1
sensor_kamppi,2024-01-09 11:30:00,40.2,0.114,327.5
sensor_pasila,2024-01-09 11:30:00,53.1,0.165,338.4
sensor_kallio,2024-01-09 12:00:00,55.3,0.123,253.1
sensor_kamppi,2024-01-09 12:00:00,52.7,0.071,283.5
sensor_pasila,2024-01-09 12:00:00,58.1,0.135,271.9
sensor_kallio,2024-01-09 12:30:00,59.9,0.101,261.2
sensor_kamppi,2024-01-09 12:30:00,58.6,0.127,316.5
sensor_pasila,2024-01-09 12:30:00,57.2,0.073,252.9
sensor_kallio,2024-01-09 13:00:00,43.3,0.103,236.0
sensor_kamppi,2024-01-09 13:00:00,66.0,0.092,270.8
sensor_pasila,2024-01-09 13:00:00,53.2,0.111,237.3
sensor_kallio,2024-01-09 13:30:00,52.2,0.088,256.0
sensor_kamppi,2024-01-09 13:30:00,53.6,0.121,248.7
sensor_pasila,2024-01-09 13:30:00,56.5,0.11,290.8
sensor_kallio,2024-01-09 14:00:00,27.3,0.081,297.6
sensor_kamppi,2024-01-09 14:00:00,25.3,0.145,274.1
sensor_pasila,2024-01-09 14:00:00,40.3,0.122,251.4
sensor_kallio,2024-01-09 14:30:00,44.1,0.144,264.7
sensor_kamppi,2024-01-09 14:30:00,40.9,0.16,291.0
sensor_pasila,2024-01-09 14:30:00,48.8,0.076,268.4
sensor_kallio,2024-01-09 15:00:00,59.0,0.071,285.7
sensor_kamppi,2024-01-09 15:00:00,60.7,0.092,313.2
sensor_pasila,2024-01-09 15:00:00,50.6,0.088,262.7
sensor_kallio,2024-01-09 15:30:00,46.5,0.137,354.6
sensor_kamppi,2024-01-09 15:30:00,46.8,0.099,338.5
sensor_pasila,2024-01-09 15:30:00,51.0,0.109,271.6
sensor_kallio,2024-01-09 16:00:00,67.2,0.106,331.7
sensor_kamppi,2024-01-09 16:00:00,66.4,0.151,356.8
sensor_pasila,2024-01-09 16:00:00,62.9,0.043,361.7
sensor_kallio,2024-01-09 16:30:00,66.1,0.074,366.5
sensor_kamppi,2024-01-09 16:30:00,73.0,0.105,369.0
sensor_pasila,2024-01-09 16:30:00,64.0,0.081,355.4
sensor_kallio,2024-01-09 17:00:00,66.6,0.13,394.0
sensor_kamppi,2024-01-09 17:00:00,59.2,0.145,411.8
sensor_pasila,2024-01-09 17:00:00,60.0,0.091,383.9
sensor_kallio,2024-01-09 17:30:00,59.0,0.06,392.7
sensor_kamppi,2024-01-09 17:30:00,87.6,0.13,436.2
sensor_pasila,2024-01-09 17:30:00,72.4,0.096,416.7
sensor_kallio,2024-01-09 18:00:00,64.6,0.068,413.1
sensor_kamppi,2024-01-09 18:00:00,72.9,0.063,440.3
sensor_pasila,2024-01-09 18:00:00,67.2,0.123,443.7
sensor_kallio,2024-01-09 18:30:00,55.5,0.116,433.5
sensor_kamppi,2024-01-09 18:30:00,54.1,0.04,445.3
sensor_pasila,2024-01-09 18:30:00,56.1,0.049,471.3
sensor_kallio,2024-01-09 19:00:00,27.6,0.087,437.7
sensor_kamppi,2024-01-09 19:00:00,36.7,0.069,422.1
sensor_pasila,2024-01-09 19:00:00,40.0,0.092,435.9
sensor_kallio,2024-01-09 19:30:00,20.9,0.083,453.5
sensor_kamppi,2024-01-09 19:30:00,28.7,0.071,443.8
sensor_pasila,2024-01-09 19:30:00,39.0,0.11,425.0
sensor_kallio,2024-01-09 20:00:00,38.8,0.149,432.0
sensor_kamppi,2024-01-09 20:00:00,17.9,0.188,382.1
sensor_pasila,2024-01-09 20:00:00,27.4,0.109,406.7
sensor_kallio,2024-01-09 20:30:00,36.0,0.139,427.2
sensor_kamppi,2024-01-09 20:30:00,24.6,0.102,428.8
sensor_pasila,2024-01-09 20:30:00,38.8,0.134,424.9
sensor_kallio,2024-01-09 21:00:00,36.6,0.085,335.6
sensor_kamppi,2024-01-09 21:00:00,35.8,0.086,386.8
sensor_pasila,2024-01-09 21:00:00,27.2,0.089,353.4
sensor_kallio,2024-01-09 21:30:00,38.4,0.123,362.4
sensor_kamppi,2024-01-09 21:30:00,34.5,0.148,326.7
sensor_pasila,2024-01-09 21:30:00,35.3,0.132,386.2
sensor_kallio,2024-01-09 22:00:00,36.0,0.077,300.4
sensor_kamppi,2024-01-09 22:00:00,37.0,0.082,307.2
sensor_pasila,2024-01-09 22:00:00,22.9,0.064,318.1
sensor_kallio,2024-01-09 22:30:00,27.4,0.077,307.4
sensor_kamppi,2024-01-09 22:30:00,33.4,0.092,314.6
sensor_pasila,2024-01-09 22:30:00,30.9,0.092,311.0
sensor_kallio,2024-01-09 23:00:00,23.8,0.085,235.7
sensor_kamppi,2024-01-09 23:00:00,18.3,0.064,264.5
sensor_pasila,2024-01-09 23:00:00,35.7,0.1,275.5
sensor_kallio,2024-01-09 23:30:00,23.4,0.109,306.4
sensor_kamppi,2024-01-09 23:30:00,29.1,0.075,249.1
sensor_pasila,2024-01-09 23:30:00,31.3,0.072,286.7
sensor_kallio,2024-01-10 00:00:00,23.3,0.05,320.8
sensor_kamppi,2024-01-10 00:00:00,17.5,0.118,331.9
sensor_pasila,2024-01-10 00:00:00,27.4,0.106,339.0
sensor_kallio,2024-01-10 00:30:00,27.2,0.148,304.6
sensor_kamppi,2024-01-10 00:30:00,21.0,0.103,315.7
sensor_pasila,2024-01-10 00:30:00,36.1,0.127,318.6
sensor_kallio,2024-01-10 01:00:00,36.2,0.105,288.3
sensor_kamppi,2024-01-10 01:00:00,26.4,0.068,276.6
sensor_pasila,2024-01-10 01:00:00,45.1,0.124,258.4
sensor_kallio,2024-01-10 01:30:00,41.4,0.044,267.4
sensor_kamppi,2024-01-10 01:30:00,35.6,0.08,260.6
sensor_pasila,2024-01-10 01:30:00,30.8,0.084,256.8
sensor_kallio,2024-01-10 02:00:00,25.9,0.053,238.7
sensor_kamppi,2024-01-10 02:00:00,32.5,0.13,244.7
sensor_pasila,2024-01-10 02:00:00,27.5,0.148,235.1
sensor_kallio,2024-01-10 02:30:00,34.2,0.072,243.6
sensor_kamppi,2024-01-10 02:30:00,37.4,0.114,283.4
sensor_pasila,2024-01-10 02:30:00,36.9,0.105,270.5
sensor_kallio,2024-01-10 03:00:00,28.8,0.137,283.1
sensor_kamppi,2024-01-10 03:00:00,40.9,0.118,242.9
sensor_pasila,2024-01-10 03:00:00,30.3,0.104,275.3
sensor_kallio,2024-01-10 03:30:00,40.0,0.104,268.8
sensor_kamppi,2024-01-10 03:30:00,48.6,0.111,287.4
sensor_pasila,2024-01-10 03:30:00,42.0,0.138,278.8
sensor_kallio,2024-01-10 04:00:00,44.0,0.114,332.6
sensor_kamppi,2024-01-10 04:00:00,61.7,0.074,296.1
sensor_pasila,2024-01-10 04:00:00,46.8,0.111,302.6
sensor_kallio,2024-01-10 04:30:00,34.0,0.134,322.4
sensor_kamppi,2024-01-10 04:30:00,59.0,0.103,329.2
sensor_pasila,2024-01-10 04:30:00,47.2,0.063,290.1
sensor_kallio,2024-01-10 05:00:00,43.9,0.128,353.5
sensor_kamppi,2024-01-10 05:00:00,35.4,0.141,343.9
sensor_pasila,2024-01-10 05:00:00,35.6,0.157,364.4
sensor_kallio,2024-01-10 05:30:00,48.9,0.161,370.4
sensor_kamppi,2024-01-10 05:30:00,49.5,0.118,352.0
sensor_pasila,2024-01-10 05:30:00,43.4,0.173,374.9
sensor_kallio,2024-01-10 06:00:00,43.6,0.293,413.6
sensor_kamppi,2024-01-10 06:00:00,33.5,0.325,424.0
sensor_pasila,2024-01-10 06:00:00,49.8,0.329,428.6
sensor_kallio,2024-01-10 06:30:00,31.9,0.306,380.0
sensor_kamppi,2024-01-10 06:30:00,35.6,0.295,432.3
sensor_pasila,2024-01-10 06:30:00,46.8,0.306,444.3
sensor_kallio,2024-01-10 07:00:00,74.7,0.555,408.4
sensor_kamppi,2024-01-10 07:00:00,64.3,0.587,405.5
sensor_pasila,2024-01-10 07:00:00,75.2,0.593,421.9
sensor_kallio,2024-01-10 07:30:00,73.7,0.599,423.7
sensor_kamppi,2024-01-10 07:30:00,80.3,0.562,448.1
sensor_pasila,2024-01-10 07:30:00,80.3,0.593,410.8
sensor_kallio,2024-01-10 08:00:00,76.1,0.752,419.1
sensor_kamppi,2024-01-10 08:00:00,62.9,0.739,453.7
sensor_pasila,2024-01-10 08:00:00,79.6,0.786,435.4
sensor_kallio,2024-01-10 08:30:00,89.2,0.725,445.1
sensor_kamppi,2024-01-10 08:30:00,73.1,0.795,437.0
sensor_pasila,2024-01-10 08:30:00,70.3,0.757,413.9
sensor_kallio,2024-01-10 09:00:00,71.3,0.611,408.2
sensor_kamppi,2024-01-10 09:00:00,85.9,0.557,434.5
sensor_pasila,2024-01-10 09:00:00,76.5,0.525,390.7
sensor_kallio,2024-01-10 09:30:00,67.6,0.54,418.8
sensor_kamppi,2024-01-10 09:30:00,81.0,0.601,393.8
sensor_pasila,2024-01-10 09:30:00,80.1,0.539,398.9
sensor_kallio,2024-01-10 10:00:00,52.5,0.282,364.0
sensor_kamppi,2024-01-10 10:00:00,53.4,0.313,368.0
sensor_pasila,2024-01-10 10:00:00,58.4,0.285,375.0
sensor_kallio,2024-01-10 10:30:00,55.5,0.306,364.6
sensor_kamppi,2024-01-10 10:30:00,32.0,0.357,343.6
sensor_pasila,2024-01-10 10:30:00,49.6,0.289,335.8
sensor_kallio,2024-01-10 11:00:00,66.2,0.127,297.5
sensor_kamppi,2024-01-10 11:00:00,45.7,0.158,339.1
sensor_pasila,2024-01-10 11:00:00,55.4,0.122,337.7
sensor_kallio,2024-01-10 11:30:00,56.0,0.124,309.8
sensor_kamppi,2024-01-10 11:30:00,55.3,0.152,311.2
sensor_pasila,2024-01-10 11:30:00,54.1,0.201,367.9
sensor_kallio,2024-01-10 12:00:00,54.8,0.078,251.4
sensor_kamppi,2024-01-10 12:00:00,61.7,0.057,268.8
sensor_pasila,2024-01-10 12:00:00,55.6,0.111,264.4
sensor_kallio,2024-01-10 12:30:00,66.5,0.13,263.0
sensor_kamppi,2024-01-10 12:30:00,61.4,0.1,262.1
sensor_pasila,2024-01-10 12:30:00,51.6,0.141,261.3
sensor_kallio,2024-01-10 13:00:00,51.9,0.131,264.1
sensor_kamppi,2024-01-10 13:00:00,54.8,0.08,304.6
sensor_pasila,2024-01-10 13:00:00,56.5,0.029,284.1
sensor_kallio,2024-01-10 13:30:00,43.4,0.059,244.0
sensor_kamppi,2024-01-10 13:30:00,65.0,0.092,262.2
sensor_pasila,2024-01-10 13:30:00,44.0,0.133,252.7
sensor_kallio,2024-01-10 14:00:00,41.5,0.11,282.2
sensor_kamppi,2024-01-10 14:00:00,51.3,0.139,284.1
sensor_pasila,2024-01-10 14:00:00,58.0,0.098,274.6
sensor_kallio,2024-01-10 14:30:00,56.5,0.135,265.8
sensor_kamppi,2024-01-10 14:30:00,69.3,0.103,272.5
sensor_pasila,2024-01-10 14:30:00,52.7,0.074,239.5
sensor_kallio,2024-01-10 15:00:00,62.4,0.132,292.7
sensor_kamppi,2024-01-10 15:00:00,49.4,0.119,301.4
sensor_pasila,2024-01-10 15:00:00,55.2,0.085,331.0
sensor_kallio,2024-01-10 15:30:00,43.6,0.115,342.2
sensor_kamppi,2024-01-10 15:30:00,52.7,0.085,315.6
sensor_pasila,2024-01-10 15:30:00,51.6,0.087,303.3
sensor_kallio,2024-01-10 16:00:00,82.4,0.142,348.7
sensor_kamppi,2024-01-10 16:00:00,56.9,0.061,339.7
sensor_pasila,2024-01-10 16:00:00,68.7,0.098,334.3
sensor_kallio,2024-01-10 16:30:00,71.2,0.02,364.7
sensor_kamppi,2024-01-10 16:30:00,86.2,0.064,304.4
sensor_pasila,2024-01-10 16:30:00,70.9,0.121,353.8
sensor_kallio,2024-01-10 17:00:00,68.6,0.139,442.4
sensor_kamppi,2024-01-10 17:00:00,73.0,0.063,412.0
sensor_pasila,2024-01-10 17:00:00,62.0,0.1,403.8
sensor_kallio,2024-01-10 17:30:00,63.0,0.146,404.0
sensor_kamppi,2024-01-10 17:30:00,52.2,0.111,422.3
sensor_pasila,2024-01-10 17:30:00,67.3,0.077,399.9
sensor_kallio,2024-01-10 18:00:00,59.8,0.085,422.3
sensor_kamppi,2024-01-10 18:00:00,61.7,0.059,441.2
sensor_pasila,2024-01-10 18:00:00,60.0,0.126,443.9
sensor_kallio,2024-01-10 18:30:00,74.4,0.059,464.5
sensor_kamppi,2024-01-10 18:30:00,62.7,0.119,454.1
sensor_pasila,2024-01-10 18:30:00,68.7,0.102,445.4
sensor_kallio,2024-01-10 19:00:00,35.4,0.122,418.5
sensor_kamppi,2024-01-10 19:00:00,40.0,0.146,476.4
sensor_pasila,2024-01-10 19:00:00,41.3,0.144,446.8
sensor_kallio,2024-01-10 19:30:00,43.4,0.158,435.2
sensor_kamppi,2024-01-10 19:30:00,20.1,0.095,440.0
sensor_pasila,2024-01-10 19:30:00,31.9,0.064,426.5
sensor_kallio,2024-01-10 20:00:00,24.9,0.127,442.7
sensor_kamppi,2024-01-10 20:00:00,40.3,0.058,412.7
sensor_pasila,2024-01-10 20:00:00,29.2,0.108,392.1
sensor_kallio,2024-01-10 20:30:00,40.4,0.121,402.2
sensor_kamppi,2024-01-10 20:30:00,38.6,0.102,443.1
sensor_pasila,2024-01-10 20:30:00,24.0,0.112,433.5
sensor_kallio,2024-01-10 21:00:00,29.0,0.085,365.5
sensor_kamppi,2024-01-10 21:00:00,22.4,0.084,341.5
sensor_pasila,2024-01-10 21:00:00,30.7,0.037,349.9
sensor_kallio,2024-01-10 21:30:00,35.5,0.089,353.7
sensor_kamppi,2024-01-10 21:30:00,40.6,0.147,347.2
sensor_pasila,2024-01-10 21:30:00,37.6,0.047,345.0
sensor_kallio,2024-01-10 22:00:00,34.2,0.108,313.6
sensor_kamppi,2024-01-10 22:00:00,39.1,0.094,326.4
sensor_pasila,2024-01-10 22:00:00,28.0,0.081,273.7
sensor_kallio,2024-01-10 22:30:00,35.1,0.074,331.3
sensor_kamppi,2024-01-10 22:30:00,40.5,0.093,312.9
sensor_pasila,2024-01-10 22:30:00,31.4,0.094,282.0
sensor_kallio,2024-01-10 23:00:00,40.1,0.083,283.0
sensor_kamppi,2024-01-10 23:00:00,32.9,0.109,276.8
sensor_pasila,2024-01-10 23:00:00,34.6,0.074,292.3
sensor_kallio,2024-01-10 23:30:00,31.2,0.101,264.1
sensor_kamppi,2024-01-10 23:30:00,29.5,0.117,249.0
sensor_pasila,2024-01-10 23:30:00,21.4,0.092,286.5
sensor_kallio,2024-01-11 00:00:00,28.3,0.141,337.1
sensor_kamppi,2024-01-11 00:00:00,44.4,0.144,316.5
sensor_pasila,2024-01-11 00:00:00,33.2,0.08,257.5
sensor_kallio,2024-01-11 00:30:00,33.2,0.077,307.2
sensor_kamppi,2024-01-11 00:30:00,10.0,0.127,307.2
sensor_pasila,2024-01-11 00:30:00,27.5,0.065,294.9
sensor_kallio,2024-01-11 01:00:00,25.7,0.071,244.2
sensor_kamppi,2024-01-11 01:00:00,29.5,0.09,289.6
sensor_pasila,2024-01-11 01:00:00,22.9,0.087,254.6
sensor_kallio,2024-01-11 01:30:00,34.0,0.098,289.4
sensor_kamppi,2024-01-11 01:30:00,50.0,0.1,283.0
sensor_pasila,2024-01-11 01:30:00,27.9,0.096,272.9
sensor_kallio,2024-01-11 02:00:00,48.5,0.066,255.3
sensor_kamppi,2024-01-11 02:00:00,33.7,0.077,265.0
sensor_pasila,2024-01-11 02:00:00,33.6,0.104,243.6
sensor_kallio,2024-01-11 02:30:00,38.7,0.072,250.6
sensor_kamppi,2024-01-11 02:30:00,42.0,0.142,243.0
sensor_pasila,2024-01-11 02:30:00,36.6,0.097,278.9
sensor_kallio,2024-01-11 03:00:00,36.8,0.151,303.1
sensor_kamppi,2024-01-11 03:00:00,26.3,0.091,257.4
sensor_pasila,2024-01-11 03:00:00,35.6,0.046,239.0
sensor_kallio,2024-01-11 03:30:00,43.1,0.111,287.5
sensor_kamppi,2024-01-11 03:30:00,27.0,0.069,268.6
sensor_pasila,2024-01-11 03:30:00,42.9,0.103,276.1
sensor_kallio,2024-01-11 04:00:00,47.1,0.117,314.8
sensor_kamppi,2024-01-11 04:00:00,43.2,0.1,342.7
sensor_pasila,2024-01-11 04:00:00,38.4,0.084,324.8
sensor_kallio,2024-01-11 04:30:00,45.5,0.092,325.7
sensor_kamppi,2024-01-11 04:30:00,49.7,0.02,276.7
sensor_pasila,2024-01-11 04:30:00,40.9,0.078,344.9
sensor_kallio,2024-01-11 05:00:00,44.3,0.142,363.2
sensor_kamppi,2024-01-11 05:00:00,38.2,0.126,364.4
sensor_pasila,2024-01-11 05:00:00,47.0,0.099,366.8
sensor_kallio,2024-01-11 05:30:00,38.9,0.148,346.9
sensor_kamppi,2024-01-11 05:30:00,43.4,0.113,361.5
sensor_pasila,2024-01-11 05:30:00,40.7,0.095,370.3
sensor_kallio,2024-01-11 06:00:00,25.4,0.288,378.8
sensor_kamppi,2024-01-11 06:00:00,47.7,0.289,424.9
sensor_pasila,2024-01-11 06:00:00,44.1,0.293,431.0
sensor_kallio,2024-01-11 06:30:00,41.9,0.298,437.1
sensor_kamppi,2024-01-11 06:30:00,51.7,0.359,417.8
sensor_pasila,2024-01-11 06:30:00,42.5,0.331,427.0
sensor_kallio,2024-01-11 07:00:00,71.1,0.6,434.7
sensor_kamppi,2024-01-11 07:00:00,78.0,0.585,433.7
sensor_pasila,2024-01-11 07:00:00,81.4,0.597,409.7
sensor_kallio,2024-01-11 07:30:00,74.5,0.575,442.6
sensor_kamppi,2024-01-11 07:30:00,75.4,0.595,402.3
sensor_pasila,2024-01-11 07:30:00,65.2,0.626,435.8
sensor_kallio,2024-01-11 08:00:00,84.9,0.766,425.7
sensor_kamppi,2024-01-11 08:00:00,58.6,0.765,446.7
sensor_pasila,2024-01-11 08:00:00,84.2,0.744,437.8
sensor_kallio,2024-01-11 08:30:00,62.8,0.732,441.2
sensor_kamppi,2024-01-11 08:30:00,72.0,0.724,464.7
sensor_pasila,2024-01-11 08:30:00,83.5,0.718,438.3
sensor_kallio,2024-01-11 09:00:00,74.4,0.628,413.3
sensor_kamppi,2024-01-11 09:00:00,83.4,0.555,435.1
sensor_pasila,2024-01-11 09:00:00,75.9,0.639,430.4
sensor_kallio,2024-01-11 09:30:00,72.8,0.599,413.5
sensor_kamppi,2024-01-11 09:30:00,75.2,0.606,408.1
sensor_pasila,2024-01-11 09:30:00,77.5,0.565,393.7
sensor_kallio,2024-01-11 10:00:00,54.1,0.304,383.5
sensor_kamppi,2024-01-11 10:00:00,40.0,0.302,393.8
sensor_pasila,2024-01-11 10:00:00,50.2,0.268,343.4
sensor_kallio,2024-01-11 10:30:00,59.1,0.261,362.3
sensor_kamppi,2024-01-11 10:30:00,46.9,0.282,355.8
sensor_pasila,2024-01-11 10:30:00,51.7,0.288,360.9
sensor_kallio,2024-01-11 11:00:00,55.9,0.132,320.6
sensor_kamppi,2024-01-11 11:00:00,49.2,0.132,312.0
sensor_pasila,2024-01-11 11:00:00,45.4,0.121,297.8
sensor_kallio,2024-01-11 11:30:00,46.8,0.138,296.5
sensor_kamppi,2024-01-11 11:30:00,44.9,0.176,352.8
sensor_pasila,2024-01-11 11:30:00,59.0,0.154,333.7
sensor_kallio,2024-01-11 12:00:00,55.8,0.098,274.7
sensor_kamppi,2024-01-11 12:00:00,50.2,0.04,255.6
sensor_pasila,2024-01-11 12:00:00,49.4,0.12,262.8
sensor_kallio,2024-01-11 12:30:00,41.0,0.105,278.2
sensor_kamppi,2024-01-11 12:30:00,61.3,0.117,320.3
sensor_pasila,2024-01-11 12:30:00,49.3,0.145,290.9
sensor_kallio,2024-01-11 13:00:00,47.9,0.097,243.1
sensor_kamppi,2024-01-11 13:00:00,51.2,0.087,249.1
sensor_pasila,2024-01-11 13:00:00,52.4,0.069,280.5
sensor_kallio,2024-01-11 13:30:00,58.5,0.08,275.3
sensor_kamppi,2024-01-11 13:30:00,41.9,0.047,264.3
sensor_pasila,2024-01-11 13:30:00,55.1,0.078,268.5
sensor_kallio,2024-01-11 14:00:00,64.2,0.19,255.0
sensor_kamppi,2024-01-11 14:00:00,53.8,0.063,329.1
sensor_pasila,2024-01-11 14:00:00,48.3,0.126,274.3
sensor_kallio,2024-01-11 14:30:00,43.1,0.094,245.4
sensor_kamppi,2024-01-11 14:30:00,44.1,0.092,276.9
sensor_pasila,2024-01-11 14:30:00,39.1,0.098,323.5
sensor_kallio,2024-01-11 15:00:00,41.3,0.11,302.7
sensor_kamppi,2024-01-11 15:00:00,19.8,0.07,297.5
sensor_pasila,2024-01-11 15:00:00,52.2,0.099,306.8
sensor_kallio,2024-01-11 15:30:00,52.7,0.104,307.9
sensor_kamppi,2024-01-11 15:30:00,54.7,0.059,307.1
sensor_pasila,2024-01-11 15:30:00,54.3,0.036,295.4
sensor_kallio,2024-01-11 16:00:00,71.2,0.107,355.2
sensor_kamppi,2024-01-11 16:00:00,74.4,0.073,381.5
sensor_pasila,2024-01-11 16:00:00,71.1,0.154,378.9
sensor_kallio,2024-01-11 16:30:00,74.0,0.142,345.9
sensor_kamppi,2024-01-11 16:30:00,67.2,0.047,379.4
sensor_pasila,2024-01-11 16:30:00,78.4,0.085,337.6
sensor_kallio,2024-01-11 17:00:00,74.9,0.078,398.5
sensor_kamppi,2024-01-11 17:00:00,82.4,0.089,404.9
sensor_pasila,2024-01-11 17:00:00,75.1,0.118,387.3
sensor_kallio,2024-01-11 17:30:00,77.5,0.048,428.7
sensor_kamppi,2024-01-11 17:30:00,71.9,0.084,393.0
sensor_pasila,2024-01-11 17:30:00,61.4,0.152,411.1
sensor_kallio,2024-01-11 18:00:00,59.5,0.117,460.4
sensor_kamppi,2024-01-11 18:00:00,67.1,0.121,455.4
sensor_pasila,2024-01-11 18:00:00,64.2,0.109,434.0
sensor_kallio,2024-01-11 18:30:00,56.9,0.062,445.3
sensor_kamppi,2024-01-11 18:30:00,56.8,0.099,431.4
sensor_pasila,2024-01-11 18:30:00,68.7,0.108,442.4
sensor_kallio,2024-01-11 19:00:00,34.0,0.096,429.5
sensor_kamppi,2024-01-11 19:00:00,38.5,0.048,435.9
sensor_pasila,2024-01-11 19:00:00,37.8,0.112,414.8
sensor_kallio,2024-01-11 19:30:00,33.1,0.089,425.5
sensor_kamppi,2024-01-11 19:30:00,23.8,0.067,436.5
sensor_pasila,2024-01-11 19:30:00,37.9,0.104,418.9
sensor_kallio,2024-01-11 20:00:00,36.2,0.094,398.7
sensor_kamppi,2024-01-11 20:00:00,24.3,0.085,422.9
sensor_pasila,2024-01-11 20:00:00,32.6,0.096,388.6
sensor_kallio,2024-01-11 20:30:00,53.0,0.032,368.0
sensor_kamppi,2024-01-11 20:30:00,28.3,0.106,444.1
sensor_pasila,2024-01-11 20:30:00,36.1,0.109,427.0
sensor_kallio,2024-01-11 21:00:00,32.3,0.041,367.0
sensor_kamppi,2024-01-11 21:00:00,33.8,0.165,347.5
sensor_pasila,2024-01-11 21:00:00,37.9,0.059,392.6
sensor_kallio,2024-01-11 21:30:00,32.5,0.125,376.0
sensor_kamppi,2024-01-11 21:30:00,38.4,0.103,348.8
sensor_pasila,2024-01-11 21:30:00,30.8,0.077,359.7
sensor_kallio,2024-01-11 22:00:00,19.1,0.105,330.7
sensor_kamppi,2024-01-11 22:00:00,42.4,0.139,314.2
sensor_pasila,2024-01-11 22:00:00,29.6,0.092,319.0
sensor_kallio,2024-01-11 22:30:00,35.4,0.11,284.3
sensor_kamppi,2024-01-11 22:30:00,44.2,0.114,331.0
sensor_pasila,2024-01-11 22:30:00,30.7,0.092,349.9
sensor_kallio,2024-01-11 23:00:00,22.5,0.049,312.4
sensor_kamppi,2024-01-11 23:00:00,32.4,0.087,260.7
sensor_pasila,2024-01-11 23:00:00,20.0,0.156,286.6
sensor_kallio,2024-01-11 23:30:00,33.6,0.125,254.2
sensor_kamppi,2024-01-11 23:30:00,34.6,0.133,228.3
sensor_pasila,2024-01-11 23:30:00,33.0,0.122,274.5
sensor_kallio,2024-01-12 00:00:00,24.2,0.095,302.0
sensor_kamppi,2024-01-12 00:00:00,34.0,0.084,326.5
sensor_pasila,2024-01-12 00:00:00,27.8,0.084,334.6
sensor_kallio,2024-01-12 00:30:00,29.3,0.116,285.2
sensor_kamppi,2024-01-12 00:30:00,45.6,0.056,313.1
sensor_pasila,2024-01-12 00:30:00,29.3,0.077,305.7
sensor_kallio,2024-01-12 01:00:00,40.3,0.152,267.7
sensor_kamppi,2024-01-12 01:00:00,28.0,0.044,306.7
sensor_pasila,2024-01-12 01:00:00,26.3,0.073,274.5
sensor_kallio,2024-01-12 01:30:00,36.7,0.146,315.9
sensor_kamppi,2024-01-12 01:30:00,39.1,0.086,259.3
sensor_pasila,2024-01-12 01:30:00,30.7,0.124,291.5
sensor_kallio,2024-01-12 02:00:00,37.8,0.043,246.7
sensor_kamppi,2024-01-12 02:00:00,48.1,0.084,256.4
sensor_pasila,2024-01-12 02:00:00,47.1,0.098,286.5
sensor_kallio,2024-01-12 02:30:00,46.4,0.123,249.3
sensor_kamppi,2024-01-12 02:30:00,10.7,0.074,270.9
sensor_pasila,2024-01-12 02:30:00,36.5,0.135,235.9
sensor_kallio,2024-01-12 03:00:00,37.4,0.039,254.8
sensor_kamppi,2024-01-12 03:00:00,41.3,0.035,288.8
sensor_pasila,2024-01-12 03:00:00,45.2,0.057,267.3
sensor_kallio,2024-01-12 03:30:00,48.0,0.115,280.4
sensor_kamppi,2024-01-12 03:30:00,37.1,0.059,269.7
sensor_pasila,2024-01-12 03:30:00,42.4,0.103,286.9
sensor_kallio,2024-01-12 04:00:00,36.4,0.08,302.6
sensor_kamppi,2024-01-12 04:00:00,28.4,0.065,310.8
sensor_pasila,2024-01-12 04:00:00,37.8,0.078,325.1
sensor_kallio,2024-01-12 04:30:00,32.4,0.118,321.2
sensor_kamppi,2024-01-12 04:30:00,55.6,0.116,327.0
sensor_pasila,2024-01-12 04:30:00,39.3,0.064,328.3
sensor_kallio,2024-01-12 05:00:00,53.8,0.142,403.8
sensor_kamppi,2024-01-12 05:00:00,51.2,0.205,358.3
sensor_pasila,2024-01-12 05:00:00,37.6,0.147,347.4
sensor_kallio,2024-01-12 05:30:00,43.4,0.138,365.2
sensor_kamppi,2024-01-12 05:30:00,41.1,0.116,351.4
sensor_pasila,2024-01-12 05:30:00,48.3,0.143,335.1
sensor_kallio,2024-01-12 06:00:00,31.0,0.289,414.2
sensor_kamppi,2024-01-12 06:00:00,33.3,0.245,419.8
sensor_pasila,2024-01-12 06:00:00,61.1,0.325,388.7
sensor_kallio,2024-01-12 06:30:00,44.3,0.295,383.2
sensor_kamppi,2024-01-12 06:30:00,31.1,0.295,424.4
sensor_pasila,2024-01-12 06:30:00,46.4,0.279,418.8
sensor_kallio,2024-01-12 07:00:00,76.6,0.554,412.0
sensor_kamppi,2024-01-12 07:00:00,79.5,0.618,444.4
sensor_pasila,2024-01-12 07:00:00,78.9,0.628,405.7
sensor_kallio,2024-01-12 07:30:00,76.4,0.623,459.0
sensor_kamppi,2024-01-12 07:30:00,87.3,0.566,449.9
sensor_pasila,2024-01-12 07:30:00,76.9,0.566,440.1
sensor_kallio,2024-01-12 08:00:00,66.2,0.725,442.9
sensor_kamppi,2024-01-12 08:00:00,86.0,0.75,467.0
sensor_pasila,2024-01-12 08:00:00,82.9,0.721,434.3
sensor_kallio,2024-01-12 08:30:00,72.0,0.775,450.7
sensor_kamppi,2024-01-12 08:30:00,67.5,0.778,409.9
sensor_pasila,2024-01-12 08:30:00,81.4,0.677,432.7
sensor_kallio,2024-01-12 09:00:00,72.4,0.604,413.6
sensor_kamppi,2024-01-12 09:00:00,55.5,0.543,396.8
sensor_pasila,2024-01-12 09:00:00,83.3,0.632,422.2
sensor_kallio,2024-01-12 09:30:00,87.4,0.561,416.9
sensor_kamppi,2024-01-12 09:30:00,78.7,0.551,401.6
sensor_pasila,2024-01-12 09:30:00,75.6,0.597,418.5
sensor_kallio,2024-01-12 10:00:00,49.8,0.283,323.9
sensor_kamppi,2024-01-12 10:00:00,58.6,0.296,361.4
sensor_pasila,2024-01-12 10:00:00,56.3,0.284,342.7
sensor_kallio,2024-01-12 10:30:00,49.4,0.289,366.3
sensor_kamppi,2024-01-12 10:30:00,47.5,0.286,335.4
sensor_pasila,2024-01-12 10:30:00,51.6,0.247,348.7
sensor_kallio,2024-01-12 11:00:00,57.8,0.15,308.1
sensor_kamppi,2024-01-12 11:00:00,51.8,0.172,287.6
sensor_pasila,2024-01-12 11:00:00,56.2,0.124,316.8
sensor_kallio,2024-01-12 11:30:00,52.9,0.129,317.4
sensor_kamppi,2024-01-12 11:30:00,47.5,0.109,301.5
sensor_pasila,2024-01-12 11:30:00,47.7,0.15,299.0
sensor_kallio,2024-01-12 12:00:00,44.7,0.117,280.5
sensor_kamppi,2024-01-12 12:00:00,51.7,0.097,290.7
sensor_pasila,2024-01-12 12:00:00,52.2,0.113,249.7
sensor_kallio,2024-01-12 12:30:00,57.5,0.101,282.8
sensor_kamppi,2024-01-12 12:30:00,50.9,0.083,248.4
sensor_pasila,2024-01-12 12:30:00,52.6,0.092,246.5
sensor_kallio,2024-01-12 13:00:00,61.1,0.131,217.3
sensor_kamppi,2024-01-12 13:00:00,31.0,0.055,261.1
sensor_pasila,2024-01-12 13:00:00,65.8,0.065,251.7
sensor_kallio,2024-01-12 13:30:00,61.7,0.086,280.3
sensor_kamppi,2024-01-12 13:30:00,61.7,0.1,275.6
sensor_pasila,2024-01-12 13:30:00,57.1,0.058,254.5
sensor_kallio,2024-01-12 14:00:00,46.1,0.101,248.2
sensor_kamppi,2024-01-12 14:00:00,40.5,0.102,272.3
sensor_pasila,2024-01-12 14:00:00,57.4,0.106,301.1
sensor_kallio,2024-01-12 14:30:00,59.7,0.134,201.7
sensor_kamppi,2024-01-12 14:30:00,42.8,0.114,246.0
sensor_pasila,2024-01-12 14:30:00,47.8,0.12,273.4
sensor_kallio,2024-01-12 15:00:00,45.6,0.152,302.8
sensor_kamppi,2024-01-12 15:00:00,59.1,0.099,313.2
sensor_pasila,2024-01-12 15:00:00,46.2,0.075,306.8
sensor_kallio,2024-01-12 15:30:00,38.4,0.118,313.5
sensor_kamppi,2024-01-12 15:30:00,43.6,0.124,290.4
sensor_pasila,2024-01-12 15:30:00,38.2,0.113,283.6
sensor_kallio,2024-01-12 16:00:00,60.3,0.105,381.3
sensor_kamppi,2024-01-12 16:00:00,62.3,0.073,392.1
sensor_pasila,2024-01-12 16:00:00,63.0,0.125,370.5
sensor_kallio,2024-01-12 16:30:00,65.0,0.096,344.8
sensor_kamppi,2024-01-12 16:30:00,63.4,0.095,347.8
sensor_pasila,2024-01-12 16:30:00,61.9,0.121,349.9
sensor_kallio,2024-01-12 17:00:00,72.6,0.095,464.8
sensor_kamppi,2024-01-12 17:00:00,72.6,0.06,381.1
sensor_pasila,2024-01-12 17:00:00,62.5,0.087,375.5
sensor_kallio,2024-01-12 17:30:00,59.1,0.1,377.3
sensor_kamppi,2024-01-12 17:30:00,66.0,0.107,388.5
sensor_pasila,2024-01-12 17:30:00,70.0,0.103,430.5
sensor_kallio,2024-01-12 18:00:00,68.5,0.094,433.2
sensor_kamppi,2024-01-12 18:00:00,68.5,0.111,402.5
sensor_pasila,2024-01-12 18:00:00,68.5,0.083,459.0
sensor_kallio,2024-01-12 18:30:00,65.1,0.081,436.3
sensor_kamppi,2024-01-12 18:30:00,78.3,0.078,402.1
sensor_pasila,2024-01-12 18:30:00,62.6,0.138,468.1
sensor_kallio,2024-01-12 19:00:00,43.2,0.036,431.6
sensor_kamppi,2024-01-12 19:00:00,31.2,0.095,414.4
sensor_pasila,2024-01-12 19:00:00,34.6,0.064,482.7
sensor_kallio,2024-01-12 19:30:00,36.4,0.084,411.5
sensor_kamppi,2024-01-12 19:30:00,45.6,0.118,459.6
sensor_pasila,2024-01-12 19:30:00,37.7,0.086,421.8
sensor_kallio,2024-01-12 20:00:00,28.2,0.088,422.3
sensor_kamppi,2024-01-12 20:00:00,28.0,0.109,423.7
sensor_pasila,2024-01-12 20:00:00,31.2,0.129,417.0
sensor_kallio,2024-01-12 20:30:00,36.2,0.099,412.1
sensor_kamppi,2024-01-12 20:30:00,24.9,0.075,413.6
sensor_pasila,2024-01-12 20:30:00,38.0,0.093,418.6
sensor_kallio,2024-01-12 21:00:00,30.0,0.077,362.2
sensor_kamppi,2024-01-12 21:00:00,35.5,0.079,350.1
sensor_pasila,2024-01-12 21:00:00,29.1,0.105,332.5
sensor_kallio,2024-01-12 21:30:00,33.5,0.108,366.1
sensor_kamppi,2024-01-12 21:30:00,26.0,0.108,339.9
sensor_pasila,2024-01-12 21:30:00,27.8,0.124,335.4
sensor_kallio,2024-01-12 22:00:00,25.9,0.083,324.2
sensor_kamppi,2024-01-12 22:00:00,16.0,0.082,289.5
sensor_pasila,2024-01-12 22:00:00,38.7,0.092,300.8
sensor_kallio,2024-01-12 22:30:00,31.2,0.126,269.7
sensor_kamppi,2024-01-12 22:30:00,19.6,0.107,298.6
sensor_pasila,2024-01-12 22:30:00,23.2,0.079,314.3
sensor_kallio,2024-01-12 23:00:00,32.3,0.159,239.7
sensor_kamppi,2024-01-12 23:00:00,15.2,0.064,291.9
sensor_pasila,2024-01-12 23:00:00,25.5,0.054,288.7
sensor_kallio,2024-01-12 23:30:00,24.8,0.133,276.7
sensor_kamppi,2024-01-12 23:30:00,23.4,0.127,288.8
sensor_pasila,2024-01-12 23:30:00,37.5,0.088,266.1
sensor_kallio,2024-01-13 00:00:00,40.7,0.133,316.3
sensor_kamppi,2024-01-13 00:00:00,21.9,0.069,282.6
sensor_pasila,2024-01-13 00:00:00,25.5,0.094,287.4
sensor_kallio,2024-01-13 00:30:00,35.5,0.023,295.2
sensor_kamppi,2024-01-13 00:30:00,23.6,0.118,321.7
sensor_pasila,2024-01-13 00:30:00,24.3,0.107,290.3
sensor_kallio,2024-01-13 01:00:00,33.6,0.063,275.0
sensor_kamppi,2024-01-13 01:00:00,46.3,0.161,294.2
sensor_pasila,2024-01-13 01:00:00,26.4,0.084,253.8
sensor_kallio,2024-01-13 01:30:00,27.3,0.048,259.8
sensor_kamppi,2024-01-13 01:30:00,42.8,0.167,281.1
sensor_pasila,2024-01-13 01:30:00,32.6,0.12,240.8
sensor_kallio,2024-01-13 02:00:00,27.6,0.124,253.3
sensor_kamppi,2024-01-13 02:00:00,29.8,0.126,219.9
sensor_pasila,2024-01-13 02:00:00,39.4,0.076,269.3
sensor_kallio,2024-01-13 02:30:00,33.5,0.122,277.8
sensor_kamppi,2024-01-13 02:30:00,23.4,0.125,268.1
sensor_pasila,2024-01-13 02:30:00,40.6,0.084,281.8
sensor_kallio,2024-01-13 03:00:00,41.1,0.087,292.5
sensor_kamppi,2024-01-13 03:00:00,32.3,0.128,270.4
sensor_pasila,2024-01-13 03:00:00,36.5,0.102,292.7
sensor_kallio,2024-01-13 03:30:00,35.4,0.118,284.4
sensor_kamppi,2024-01-13 03:30:00,27.4,0.128,301.9
sensor_pasila,2024-01-13 03:30:00,38.6,0.113,255.4
sensor_kallio,2024-01-13 04:00:00,47.9,0.06,314.1
sensor_kamppi,2024-01-13 04:00:00,54.4,0.085,322.0
sensor_pasila,2024-01-13 04:00:00,35.3,0.125,282.9
sensor_kallio,2024-01-13 04:30:00,36.0,0.087,313.2
sensor_kamppi,2024-01-13 04:30:00,21.9,0.151,317.4
sensor_pasila,2024-01-13 04:30:00,36.4,0.15,310.7
sensor_kallio,2024-01-13 05:00:00,43.8,0.154,393.8
sensor_kamppi,2024-01-13 05:00:00,43.6,0.113,363.7
sensor_pasila,2024-01-13 05:00:00,44.1,0.145,349.0
sensor_kallio,2024-01-13 05:30:00,36.3,0.094,371.6
sensor_kamppi,2024-01-13 05:30:00,33.7,0.126,372.1
sensor_pasila,2024-01-13 05:30:00,47.4,0.114,354.9
sensor_kallio,2024-01-13 06:00:00,42.3,0.314,387.8
sensor_kamppi,2024-01-13 06:00:00,37.1,0.312,396.5
sensor_pasila,2024-01-13 06:00:00,40.0,0.299,390.3
sensor_kallio,2024-01-13 06:30:00,43.2,0.338,405.1
sensor_kamppi,2024-01-13 06:30:00,43.7,0.285,378.2
sensor_pasila,2024-01-13 06:30:00,46.0,0.33,433.8
sensor_kallio,2024-01-13 07:00:00,68.0,0.575,440.3
sensor_kamppi,2024-01-13 07:00:00,37.0,0.639,456.1
sensor_pasila,2024-01-13 07:00:00,52.8,0.601,433.7
sensor_kallio,2024-01-13 07:30:00,30.2,0.621,449.7
sensor_kamppi,2024-01-13 07:30:00,50.6,0.559,453.7
sensor_pasila,2024-01-13 07:30:00,49.5,0.59,414.2
sensor_kallio,2024-01-13 08:00:00,42.6,0.747,434.2
sensor_kamppi,2024-01-13 08:00:00,40.1,0.802,427.5
sensor_pasila,2024-01-13 08:00:00,50.2,0.758,465.8
sensor_kallio,2024-01-13 08:30:00,45.1,0.744,410.8
sensor_kamppi,2024-01-13 08:30:00,61.0,0.763,439.5
sensor_pasila,2024-01-13 08:30:00,51.9,0.804,434.1
sensor_kallio,2024-01-13 09:00:00,48.3,0.566,429.2
sensor_kamppi,2024-01-13 09:00:00,58.3,0.598,395.6
sensor_pasila,2024-01-13 09:00:00,55.1,0.602,410.7
sensor_kallio,2024-01-13 09:30:00,51.5,0.598,416.6
sensor_kamppi,2024-01-13 09:30:00,47.6,0.574,374.3
sensor_pasila,2024-01-13 09:30:00,55.4,0.58,439.6
sensor_kallio,2024-01-13 10:00:00,41.1,0.304,373.8
sensor_kamppi,2024-01-13 10:00:00,46.6,0.314,367.6
sensor_pasila,2024-01-13 10:00:00,56.2,0.292,298.4
sensor_kallio,2024-01-13 10:30:00,54.2,0.302,347.3
sensor_kamppi,2024-01-13 10:30:00,40.3,0.315,369.9
sensor_pasila,2024-01-13 10:30:00,61.5,0.275,385.7
sensor_kallio,2024-01-13 11:00:00,54.1,0.13,321.2
sensor_kamppi,2024-01-13 11:00:00,62.8,0.13,342.6
sensor_pasila,2024-01-13 11:00:00,54.1,0.108,288.4
sensor_kallio,2024-01-13 11:30:00,61.5,0.129,313.0
sensor_kamppi,2024-01-13 11:30:00,55.1,0.142,330.8
sensor_pasila,2024-01-13 11:30:00,51.6,0.112,265.2
sensor_kallio,2024-01-13 12:00:00,52.8,0.098,297.2
sensor_kamppi,2024-01-13 12:00:00,46.6,0.136,266.7
sensor_pasila,2024-01-13 12:00:00,62.2,0.077,264.4
sensor_kallio,2024-01-13 12:30:00,58.3,0.141,289.3
sensor_kamppi,2024-01-13 12:30:00,40.2,0.138,272.3
sensor_pasila,2024-01-13 12:30:00,45.5,0.089,265.5
sensor_kallio,2024-01-13 13:00:00,46.8,0.14,268.7
sensor_kamppi,2024-01-13 13:00:00,63.8,0.074,224.6
sensor_pasila,2024-01-13 13:00:00,54.7,0.101,275.3
sensor_kallio,2024-01-13 13:30:00,57.0,0.105,274.0
sensor_kamppi,2024-01-13 13:30:00,53.2,0.107,297.6
sensor_pasila,2024-01-13 13:30:00,58.8,0.069,226.4
sensor_kallio,2024-01-13 14:00:00,60.0,0.087,269.8
sensor_kamppi,2024-01-13 14:00:00,45.6,0.11,264.2
sensor_pasila,2024-01-13 14:00:00,44.5,0.046,224.6
sensor_kallio,2024-01-13 14:30:00,43.1,0.137,253.7
sensor_kamppi,2024-01-13 14:30:00,50.3,0.134,298.7
sensor_pasila,2024-01-13 14:30:00,47.7,0.121,264.9
sensor_kallio,2024-01-13 15:00:00,34.4,0.129,313.4
sensor_kamppi,2024-01-13 15:00:00,39.2,0.106,317.9
sensor_pasila,2024-01-13 15:00:00,48.8,0.071,307.7
sensor_kallio,2024-01-13 15:30:00,50.1,0.123,306.9
sensor_kamppi,2024-01-13 15:30:00,37.2,0.113,335.9
sensor_pasila,2024-01-13 15:30:00,45.0,0.115,332.2
sensor_kallio,2024-01-13 16:00:00,52.5,0.14,367.6
sensor_kamppi,2024-01-13 16:00:00,59.2,0.141,345.4
sensor_pasila,2024-01-13 16:00:00,46.7,0.107,348.3
sensor_kallio,2024-01-13 16:30:00,42.8,0.04,376.2
sensor_kamppi,2024-01-13 16:30:00,53.6,0.135,388.9
sensor_pasila,2024-01-13 16:30:00,42.1,0.095,392.8
sensor_kallio,2024-01-13 17:00:00,49.6,0.078,361.4
sensor_kamppi,2024-01-13 17:00:00,39.7,0.068,409.8
sensor_pasila,2024-01-13 17:00:00,46.9,0.057,414.1
sensor_kallio,2024-01-13 17:30:00,33.5,0.174,409.6
sensor_kamppi,2024-01-13 17:30:00,46.8,0.069,365.9
sensor_pasila,2024-01-13 17:30:00,37.2,0.071,432.0
sensor_kallio,2024-01-13 18:00:00,30.9,0.125,444.7
sensor_kamppi,2024-01-13 18:00:00,37.8,0.025,425.3
sensor_pasila,2024-01-13 18:00:00,43.7,0.116,439.3
sensor_kallio,2024-01-13 18:30:00,28.8,0.104,441.4
sensor_kamppi,2024-01-13 18:30:00,34.0,0.113,422.1
sensor_pasila,2024-01-13 18:30:00,28.9,0.081,422.5
sensor_kallio,2024-01-13 19:00:00,44.5,0.122,435.3
sensor_kamppi,2024-01-13 19:00:00,30.5,0.117,466.2
sensor_pasila,2024-01-13 19:00:00,31.2,0.081,459.3
sensor_kallio,2024-01-13 19:30:00,39.4,0.087,459.4
sensor_kamppi,2024-01-13 19:30:00,41.5,0.072,441.8
sensor_pasila,2024-01-13 19:30:00,36.0,0.15,448.5
sensor_kallio,2024-01-13 20:00:00,36.9,0.104,419.0
sensor_kamppi,2024-01-13 20:00:00,19.6,0.056,416.4
sensor_pasila,2024-01-13 20:00:00,35.5,0.088,368.6
sensor_kallio,2024-01-13 20:30:00,25.9,0.116,411.1
sensor_kamppi,2024-01-13 20:30:00,27.1,0.072,413.9
sensor_pasila,2024-01-13 20:30:00,32.8,0.095,398.5
sensor_kallio,2024-01-13 21:00:00,32.7,0.108,349.4
sensor_kamppi,2024-01-13 21:00:00,48.2,0.082,365.3
sensor_pasila,2024-01-13 21:00:00,23.8,0.07,380.4
sensor_kallio,2024-01-13 21:30:00,36.7,0.106,348.5
sensor_kamppi,2024-01-13 21:30:00,35.1,0.07,383.4
sensor_pasila,2024-01-13 21:30:00,18.5,0.088,346.0
sensor_kallio,2024-01-13 22:00:00,39.5,0.094,335.9
sensor_kamppi,2024-01-13 22:00:00,44.9,0.114,278.4
sensor_pasila,2024-01-13 22:00:00,26.6,0.085,319.2
sensor_kallio,2024-01-13 22:30:00,33.1,0.06,326.9
sensor_kamppi,2024-01-13 22:30:00,20.3,0.089,316.3
sensor_pasila,2024-01-13 22:30:00,29.8,0.147,334.0
sensor_kallio,2024-01-13 23:00:00,20.8,0.066,295.4
sensor_kamppi,2024-01-13 23:00:00,31.1,0.119,272.9
sensor_pasila,2024-01-13 23:00:00,36.2,0.123,288.2
sensor_kallio,2024-01-13 23:30:00,25.3,0.118,240.2
sensor_kamppi,2024-01-13 23:30:00,27.6,0.081,256.9
sensor_pasila,2024-01-13 23:30:00,25.3,0.04,297.2
sensor_kallio,2024-01-14 00:00:00,28.9,0.095,321.2
sensor_kamppi,2024-01-14 00:00:00,41.1,0.14,302.6
sensor_pasila,2024-01-14 00:00:00,31.3,0.073,325.9
sensor_kallio,2024-01-14 00:30:00,30.6,0.127,327.7
sensor_kamppi,2024-01-14 00:30:00,38.2,0.116,312.9
sensor_pasila,2024-01-14 00:30:00,24.2,0.11,344.9
sensor_kallio,2024-01-14 01:00:00,28.6,0.08,284.8
sensor_kamppi,2024-01-14 01:00:00,48.4,0.069,224.1
sensor_pasila,2024-01-14 01:00:00,28.5,0.103,269.6
sensor_kallio,2024-01-14 01:30:00,29.8,0.085,259.5
sensor_kamppi,2024-01-14 01:30:00,23.3,0.111,283.9
sensor_pasila,2024-01-14 01:30:00,23.7,0.147,281.3
sensor_kallio,2024-01-14 02:00:00,37.4,0.092,263.1
sensor_kamppi,2024-01-14 02:00:00,22.3,0.148,286.3
sensor_pasila,2024-01-14 02:00:00,32.3,0.06,251.9
sensor_kallio,2024-01-14 02:30:00,37.7,0.088,242.1
sensor_kamppi,2024-01-14 02:30:00,35.1,0.074,284.7
sensor_pasila,2024-01-14 02:30:00,38.2,0.12,243.8
sensor_kallio,2024-01-14 03:00:00,37.4,0.134,230.6
sensor_kamppi,2024-01-14 03:00:00,38.1,0.143,308.7
sensor_pasila,2024-01-14 03:00:00,31.2,0.109,293.3
sensor_kallio,2024-01-14 03:30:00,44.4,0.045,232.3
sensor_kamppi,2024-01-14 03:30:00,37.5,0.115,270.0
sensor_pasila,2024-01-14 03:30:00,34.4,0.139,302.0
sensor_kallio,2024-01-14 04:00:00,34.7,0.11,288.1
sensor_kamppi,2024-01-14 04:00:00,56.2,0.064,289.8
sensor_pasila,2024-01-14 04:00:00,34.4,0.074,336.7
sensor_kallio,2024-01-14 04:30:00,55.1,0.114,304.5
sensor_kamppi,2024-01-14 04:30:00,46.1,0.079,338.0
sensor_pasila,2024-01-14 04:30:00,38.7,0.118,297.4
sensor_kallio,2024-01-14 05:00:00,40.6,0.097,362.3
sensor_kamppi,2024-01-14 05:00:00,50.9,0.09,341.8
sensor_pasila,2024-01-14 05:00:00,39.6,0.136,360.1
sensor_kallio,2024-01-14 05:30:00,41.7,0.154,361.2
sensor_kamppi,2024-01-14 05:30:00,25.2,0.155,386.0
sensor_pasila,2024-01-14 05:30:00,43.3,0.092,366.6
sensor_kallio,2024-01-14 06:00:00,48.4,0.269,410.1
sensor_kamppi,2024-01-14 06:00:00,57.9,0.348,411.1
sensor_pasila,2024-01-14 06:00:00,47.6,0.294,400.4
sensor_kallio,2024-01-14 06:30:00,54.8,0.328,420.9
sensor_kamppi,2024-01-14 06:30:00,39.8,0.343,429.4
sensor_pasila,2024-01-14 06:30:00,38.6,0.332,412.0
sensor_kallio,2024-01-14 07:00:00,49.9,0.523,407.1
sensor_kamppi,2024-01-14 07:00:00,57.9,0.561,452.6
sensor_pasila,2024-01-14 07:00:00,41.4,0.539,474.5
sensor_kallio,2024-01-14 07:30:00,54.4,0.58,440.8
sensor_kamppi,2024-01-14 07:30:00,40.9,0.594,459.9
sensor_pasila,2024-01-14 07:30:00,45.9,0.598,402.5
sensor_kallio,2024-01-14 08:00:00,63.1,0.78,435.7
sensor_kamppi,2024-01-14 08:00:00,47.1,0.792,426.2
sensor_pasila,2024-01-14 08:00:00,52.3,0.741,417.9
sensor_kallio,2024-01-14 08:30:00,57.8,0.738,445.6
sensor_kamppi,2024-01-14 08:30:00,47.0,0.746,432.9
sensor_pasila,2024-01-14 08:30:00,47.2,0.772,434.6
sensor_kallio,2024-01-14 09:00:00,58.4,0.606,433.0
sensor_kamppi,2024-01-14 09:00:00,47.5,0.603,405.1
sensor_pasila,2024-01-14 09:00:00,52.3,0.562,399.1
sensor_kallio,2024-01-14 09:30:00,56.8,0.573,394.0
sensor_kamppi,2024-01-14 09:30:00,60.9,0.594,384.2
sensor_pasila,2024-01-14 09:30:00,52.9,0.617,430.5
sensor_kallio,2024-01-14 10:00:00,49.8,0.266,354.6
sensor_kamppi,2024-01-14 10:00:00,67.0,0.321,316.1
sensor_pasila,2024-01-14 10:00:00,57.9,0.233,400.6
sensor_kallio,2024-01-14 10:30:00,59.5,0.287,364.1
sensor_kamppi,2024-01-14 10:30:00,60.2,0.284,371.2
sensor_pasila,2024-01-14 10:30:00,52.9,0.292,392.5
sensor_kallio,2024-01-14 11:00:00,39.7,0.147,283.3
sensor_kamppi,2024-01-14 11:00:00,52.2,0.124,362.1
sensor_pasila,2024-01-14 11:00:00,51.4,0.141,298.8
sensor_kallio,2024-01-14 11:30:00,60.2,0.13,298.1
sensor_kamppi,2024-01-14 11:30:00,72.7,0.169,316.6
sensor_pasila,2024-01-14 11:30:00,66.1,0.126,294.9
sensor_kallio,2024-01-14 12:00:00,48.0,0.142,260.1
sensor_kamppi,2024-01-14 12:00:00,65.5,0.087,236.2
sensor_pasila,2024-01-14 12:00:00,49.6,0.114,296.3
sensor_kallio,2024-01-14 12:30:00,62.7,0.117,286.1
sensor_kamppi,2024-01-14 12:30:00,27.1,0.114,273.2
sensor_pasila,2024-01-14 12:30:00,52.0,0.086,290.0
sensor_kallio,2024-01-14 13:00:00,60.4,0.159,254.1
sensor_kamppi,2024-01-14 13:00:00,44.4,0.157,251.6
sensor_pasila,2024-01-14 13:00:00,49.8,0.059,266.4
sensor_kallio,2024-01-14 13:30:00,56.6,0.126,262.5
sensor_kamppi,2024-01-14 13:30:00,57.8,0.117,268.3
sensor_pasila,2024-01-14 13:30:00,58.3,0.126,261.8
sensor_kallio,2024-01-14 14:00:00,46.7,0.124,260.9
sensor_kamppi,2024-01-14 14:00:00,49.0,0.079,315.1
sensor_pasila,2024-01-14 14:00:00,45.6,0.12,286.0
sensor_kallio,2024-01-14 14:30:00,56.6,0.099,274.1
sensor_kamppi,2024-01-14 14:30:00,48.5,0.02,257.2
sensor_pasila,2024-01-14 14:30:00,57.3,0.076,275.1
sensor_kallio,2024-01-14 15:00:00,66.5,0.071,301.1
sensor_kamppi,2024-01-14 15:00:00,45.5,0.04,293.8
sensor_pasila,2024-01-14 15:00:00,40.9,0.116,306.3
sensor_kallio,2024-01-14 15:30:00,33.1,0.124,330.6
sensor_kamppi,2024-01-14 15:30:00,44.4,0.128,322.9
sensor_pasila,2024-01-14 15:30:00,43.4,0.108,314.9
sensor_kallio,2024-01-14 16:00:00,39.3,0.069,370.1
sensor_kamppi,2024-01-14 16:00:00,68.2,0.099,366.2
sensor_pasila,2024-01-14 16:00:00,39.8,0.092,357.9
sensor_kallio,2024-01-14 16:30:00,42.5,0.08,361.0
sensor_kamppi,2024-01-14 16:30:00,39.5,0.137,402.9
sensor_pasila,2024-01-14 16:30:00,41.3,0.089,370.6
sensor_kallio,2024-01-14 17:00:00,46.1,0.077,397.2
sensor_kamppi,2024-01-14 17:00:00,47.9,0.051,452.9
sensor_pasila,2024-01-14 17:00:00,43.5,0.091,405.6
sensor_kallio,2024-01-14 17:30:00,34.5,0.154,406.9
sensor_kamppi,2024-01-14 17:30:00,37.6,0.153,429.2
sensor_pasila,2024-01-14 17:30:00,41.0,0.113,401.9
sensor_kallio,2024-01-14 18:00:00,36.4,0.093,442.3
sensor_kamppi,2024-01-14 18:00:00,49.8,0.159,392.9
sensor_pasila,2024-01-14 18:00:00,50.5,0.131,436.6
sensor_kallio,2024-01-14 18:30:00,35.9,0.044,460.2
sensor_kamppi,2024-01-14 18:30:00,27.9,0.12,428.0
sensor_pasila,2024-01-14 18:30:00,30.8,0.113,446.0
sensor_kallio,2024-01-14 19:00:00,29.4,0.126,472.4
sensor_kamppi,2024-01-14 19:00:00,40.9,0.113,421.6
sensor_pasila,2024-01-14 19:00:00,30.8,0.088,437.7
sensor_kallio,2024-01-14 19:30:00,36.1,0.094,486.1
sensor_kamppi,2024-01-14 19:30:00,41.7,0.071,412.3
sensor_pasila,2024-01-14 19:30:00,27.3,0.07,447.9
sensor_kallio,2024-01-14 20:00:00,31.5,0.079,420.4
sensor_kamppi,2024-01-14 20:00:00,39.0,0.111,408.3
sensor_pasila,2024-01-14 20:00:00,33.3,0.06,371.7
sensor_kallio,2024-01-14 20:30:00,27.9,0.076,392.2
sensor_kamppi,2024-01-14 20:30:00,31.8,0.086,382.5
sensor_pasila,2024-01-14 20:30:00,33.0,0.11,398.7
sensor_kallio,2024-01-14 21:00:00,37.3,0.109,369.7
sensor_kamppi,2024-01-14 21:00:00,27.9,0.112,375.6
sensor_pasila,2024-01-14 21:00:00,22.0,0.132,351.7
sensor_kallio,2024-01-14 21:30:00,36.2,0.031,353.3
sensor_kamppi,2024-01-14 21:30:00,14.6,0.096,365.6
sensor_pasila,2024-01-14 21:30:00,33.6,0.101,336.9
sensor_kallio,2024-01-14 22:00:00,39.5,0.06,304.5
sensor_kamppi,2024-01-14 22:00:00,22.6,0.082,283.1
sensor_pasila,2024-01-14 22:00:00,35.8,0.122,312.6
sensor_kallio,2024-01-14 22:30:00,29.4,0.071,309.0
sensor_kamppi,2024-01-14 22:30:00,21.3,0.103,319.1
sensor_pasila,2024-01-14 22:30:00,29.2,0.112,322.9
sensor_kallio,2024-01-14 23:00:00,35.6,0.159,243.9
sensor_kamppi,2024-01-14 23:00:00,17.7,0.064,268.5
sensor_pasila,2024-01-14 23:00:00,22.0,0.084,289.2
sensor_kallio,2024-01-14 23:30:00,35.1,0.149,289.5
sensor_kamppi,2024-01-14 23:30:00,40.1,0.084,265.3
sensor_pasila,2024-01-14 23:30:00,34.4,0.126,234.1
sensor_kallio,2024-01-15 00:00:00,20.7,0.071,294.0
sensor_kamppi,2024-01-15 00:00:00,43.6,0.154,317.8
sensor_pasila,2024-01-15 00:00:00,32.1,0.158,320.2
sensor_kallio,2024-01-15 00:30:00,34.3,0.111,318.7
sensor_kamppi,2024-01-15 00:30:00,43.9,0.122,312.9
sensor_pasila,2024-01-15 00:30:00,28.4,0.108,277.9
sensor_kallio,2024-01-15 01:00:00,34.8,0.104,278.9
sensor_kamppi,2024-01-15 01:00:00,20.0,0.114,276.1
sensor_pasila,2024-01-15 01:00:00,31.6,0.111,255.9
sensor_kallio,2024-01-15 01:30:00,21.4,0.114,228.4
sensor_kamppi,2024-01-15 01:30:00,37.6,0.162,279.9
sensor_pasila,2024-01-15 01:30:00,35.9,0.149,293.3
sensor_kallio,2024-01-15 02:00:00,49.5,0.074,251.2
sensor_kamppi,2024-01-15 02:00:00,38.3,0.052,257.9
sensor_pasila,2024-01-15 02:00:00,33.8,0.139,279.3
sensor_kallio,2024-01-15 02:30:00,38.9,0.121,259.2
sensor_kamppi,2024-01-15 02:30:00,36.4,0.123,278.2
sensor_pasila,2024-01-15 02:30:00,29.9,0.114,256.5
sensor_kallio,2024-01-15 03:00:00,37.9,0.135,267.4
sensor_kamppi,2024-01-15 03:00:00,26.8,0.073,261.0
sensor_pasila,2024-01-15 03:00:00,39.0,0.095,260.5
sensor_kallio,2024-01-15 03:30:00,41.4,0.105,286.5
sensor_kamppi,2024-01-15 03:30:00,57.9,0.157,279.3
sensor_pasila,2024-01-15 03:30:00,37.7,0.134,298.0
sensor_kallio,2024-01-15 04:00:00,36.4,0.069,328.5
sensor_kamppi,2024-01-15 04:00:00,41.1,0.124,322.1
sensor_pasila,2024-01-15 04:00:00,35.4,0.09,332.6
sensor_kallio,2024-01-15 04:30:00,37.8,0.082,305.7
sensor_kamppi,2024-01-15 04:30:00,42.9,0.09,345.9
sensor_pasila,2024-01-15 04:30:00,43.0,0.061,315.8
sensor_kallio,2024-01-15 05:00:00,53.0,0.244,352.5
sensor_kamppi,2024-01-15 05:00:00,42.2,0.105,373.1
sensor_pasila,2024-01-15 05:00:00,44.4,0.154,340.3
sensor_kallio,2024-01-15 05:30:00,47.5,0.2,389.1
sensor_kamppi,2024-01-15 05:30:00,45.6,0.144,379.9
sensor_pasila,2024-01-15 05:30:00,41.3,0.069,327.6
sensor_kallio,2024-01-15 06:00:00,54.7,0.339,406.1
sensor_kamppi,2024-01-15 06:00:00,37.1,0.29,382.9
sensor_pasila,2024-01-15 06:00:00,43.8,0.351,396.1
sensor_kallio,2024-01-15 06:30:00,39.5,0.259,412.7
sensor_kamppi,2024-01-15 06:30:00,35.6,0.319,402.4
sensor_pasila,2024-01-15 06:30:00,53.5,0.317,418.1
sensor_kallio,2024-01-15 07:00:00,63.2,0.584,442.4
sensor_kamppi,2024-01-15 07:00:00,76.4,0.594,438.8
sensor_pasila,2024-01-15 07:00:00,67.2,0.511,414.0
sensor_kallio,2024-01-15 07:30:00,80.1,0.608,459.2
sensor_kamppi,2024-01-15 07:30:00,76.3,0.59,436.7
sensor_pasila,2024-01-15 07:30:00,64.5,0.589,423.4
sensor_kallio,2024-01-15 08:00:00,71.2,0.72,435.0
sensor_kamppi,2024-01-15 08:00:00,84.6,0.774,416.9
sensor_pasila,2024-01-15 08:00:00,76.7,0.748,396.1
sensor_kallio,2024-01-15 08:30:00,82.1,0.731,447.9
sensor_kamppi,2024-01-15 08:30:00,67.6,0.773,461.3
sensor_pasila,2024-01-15 08:30:00,76.8,0.766,423.2
sensor_kallio,2024-01-15 09:00:00,75.2,0.55,429.6
sensor_kamppi,2024-01-15 09:00:00,89.3,0.569,409.4
sensor_pasila,2024-01-15 09:00:00,74.1,0.544,398.3
sensor_kallio,2024-01-15 09:30:00,69.0,0.525,414.5
sensor_kamppi,2024-01-15 09:30:00,67.4,0.582,355.4
sensor_pasila,2024-01-15 09:30:00,77.8,0.563,396.1
sensor_kallio,2024-01-15 10:00:00,59.7,0.295,367.9
sensor_kamppi,2024-01-15 10:00:00,54.1,0.313,346.1
sensor_pasila,2024-01-15 10:00:00,53.5,0.292,376.1
sensor_kallio,2024-01-15 10:30:00,49.6,0.322,372.5
sensor_kamppi,2024-01-15 10:30:00,47.8,0.321,354.0
sensor_pasila,2024-01-15 10:30:00,50.4,0.275,340.5
sensor_kallio,2024-01-15 11:00:00,56.2,0.139,305.1
sensor_kamppi,2024-01-15 11:00:00,62.5,0.172,313.4
sensor_pasila,2024-01-15 11:00:00,44.3,0.16,272.0
sensor_kallio,2024-01-15 11:30:00,47.8,0.141,341.9
sensor_kamppi,2024-01-15 11:30:00,29.2,0.099,296.9
sensor_pasila,2024-01-15 11:30:00,57.5,0.096,295.2
sensor_kallio,2024-01-15 12:00:00,62.1,0.132,260.3
sensor_kamppi,2024-01-15 12:00:00,63.7,0.108,254.3
sensor_pasila,2024-01-15 12:00:00,50.0,0.087,250.9
sensor_kallio,2024-01-15 12:30:00,56.8,0.136,243.6
sensor_kamppi,2024-01-15 12:30:00,60.3,0.074,271.0
sensor_pasila,2024-01-15 12:30:00,55.1,0.136,272.0
sensor_kallio,2024-01-15 13:00:00,54.1,0.149,290.3
sensor_kamppi,2024-01-15 13:00:00,62.9,0.123,268.2
sensor_pasila,2024-01-15 13:00:00,60.6,0.123,244.4
sensor_kallio,2024-01-15 13:30:00,53.1,0.113,230.1
sensor_kamppi,2024-01-15 13:30:00,46.6,0.152,235.3
sensor_pasila,2024-01-15 13:30:00,54.9,0.11,277.3
sensor_kallio,2024-01-15 14:00:00,45.0,0.077,273.5
sensor_kamppi,2024-01-15 14:00:00,44.2,0.146,276.1
sensor_pasila,2024-01-15 14:00:00,54.8,0.07,284.3
sensor_kallio,2024-01-15 14:30:00,67.9,0.098,250.0
sensor_kamppi,2024-01-15 14:30:00,61.9,0.086,246.7
sensor_pasila,2024-01-15 14:30:00,44.8,0.065,282.9
sensor_kallio,2024-01-15 15:00:00,42.1,0.074,303.8
sensor_kamppi,2024-01-15 15:00:00,52.3,0.127,335.9
sensor_pasila,2024-01-15 15:00:00,46.3,0.13,295.4
sensor_kallio,2024-01-15 15:30:00,60.0,0.119,316.5
sensor_kamppi,2024-01-15 15:30:00,32.1,0.129,301.8
sensor_pasila,2024-01-15 15:30:00,44.9,0.075,299.1
sensor_kallio,2024-01-15 16:00:00,73.6,0.113,363.0
sensor_kamppi,2024-01-15 16:00:00,88.8,0.063,367.7
sensor_pasila,2024-01-15 16:00:00,63.5,0.117,373.4
sensor_kallio,2024-01-15 16:30:00,71.1,0.115,373.6
sensor_kamppi,2024-01-15 16:30:00,74.9,0.058,379.5
sensor_pasila,2024-01-15 16:30:00,78.8,0.134,356.7
sensor_kallio,2024-01-15 17:00:00,80.8,0.107,432.0
sensor_kamppi,2024-01-15 17:00:00,73.8,0.143,376.7
sensor_pasila,2024-01-15 17:00:00,63.0,0.116,403.8
sensor_kallio,2024-01-15 17:30:00,64.5,0.145,397.4
sensor_kamppi,2024-01-15 17:30:00,70.1,0.111,404.1
sensor_pasila,2024-01-15 17:30:00,55.4,0.044,403.4
sensor_kallio,2024-01-15 18:00:00,79.3,0.078,435.8
sensor_kamppi,2024-01-15 18:00:00,84.7,0.101,446.5
sensor_pasila,2024-01-15 18:00:00,65.5,0.075,419.2
sensor_kallio,2024-01-15 18:30:00,60.4,0.1,421.6
sensor_kamppi,2024-01-15 18:30:00,59.0,0.108,460.3
sensor_pasila,2024-01-15 18:30:00,75.7,0.079,442.0
sensor_kallio,2024-01-15 19:00:00,29.1,0.081,401.9
sensor_kamppi,2024-01-15 19:00:00,53.3,0.087,455.5
sensor_pasila,2024-01-15 19:00:00,30.7,0.03,470.5
sensor_kallio,2024-01-15 19:30:00,24.7,0.069,460.4
sensor_kamppi,2024-01-15 19:30:00,36.9,0.094,463.0
sensor_pasila,2024-01-15 19:30:00,34.6,0.124,411.6
sensor_kallio,2024-01-15 20:00:00,43.5,0.083,412.2
sensor_kamppi,2024-01-15 20:00:00,26.3,0.076,403.0
sensor_pasila,2024-01-15 20:00:00,38.1,0.093,412.5
sensor_kallio,2024-01-15 20:30:00,30.2,0.14,379.3
sensor_kamppi,2024-01-15 20:30:00,16.7,0.142,365.4
sensor_pasila,2024-01-15 20:30:00,42.1,0.1,417.3
sensor_kallio,2024-01-15 21:00:00,33.9,0.08,372.3
sensor_kamppi,2024-01-15 21:00:00,52.0,0.137,347.7
sensor_pasila,2024-01-15 21:00:00,37.8,0.065,357.6
sensor_kallio,2024-01-15 21:30:00,32.6,0.137,334.2
sensor_kamppi,2024-01-15 21:30:00,42.1,0.088,329.2
sensor_pasila,2024-01-15 21:30:00,36.6,0.088,321.9
sensor_kallio,2024-01-15 22:00:00,36.0,0.049,303.6
sensor_kamppi,2024-01-15 22:00:00,19.1,0.076,333.0
sensor_pasila,2024-01-15 22:00:00,33.6,0.055,306.7
sensor_kallio,2024-01-15 22:30:00,30.9,0.141,320.4
sensor_kamppi,2024-01-15 22:30:00,18.3,0.061,324.5
sensor_pasila,2024-01-15 22:30:00,34.2,0.082,298.7
sensor_kallio,2024-01-15 23:00:00,33.6,0.109,219.8
sensor_kamppi,2024-01-15 23:00:00,27.3,0.125,242.8
sensor_pasila,2024-01-15 23:00:00,34.4,0.063,277.1
sensor_kallio,2024-01-15 23:30:00,24.1,0.052,276.9
sensor_kamppi,2024-01-15 23:30:00,29.0,0.146,289.1
sensor_pasila,2024-01-15 23:30:00,22.1,0.11,292.1
sensor_kallio,2024-01-16 00:00:00,36.3,0.156,350.3
sensor_kamppi,2024-01-16 00:00:00,23.3,0.112,359.2
sensor_pasila,2024-01-16 00:00:00,36.8,0.08,280.7
sensor_kallio,2024-01-16 00:30:00,19.5,0.12,309.0
sensor_kamppi,2024-01-16 00:30:00,28.6,0.083,294.0
sensor_pasila,2024-01-16 00:30:00,33.5,0.099,319.8
sensor_kallio,2024-01-16 01:00:00,20.1,0.154,296.0
sensor_kamppi,2024-01-16 01:00:00,42.3,0.038,290.3
sensor_pasila,2024-01-16 01:00:00,24.4,0.113,295.7
sensor_kallio,2024-01-16 01:30:00,39.1,0.122,309.5
sensor_kamppi,2024-01-16 01:30:00,33.3,0.076,261.9
sensor_pasila,2024-01-16 01:30:00,31.7,0.125,251.2
sensor_kallio,2024-01-16 02:00:00,39.2,0.099,248.8
sensor_kamppi,2024-01-16 02:00:00,24.2,0.086,264.1
sensor_pasila,2024-01-16 02:00:00,32.5,0.123,225.8
sensor_kallio,2024-01-16 02:30:00,23.2,0.069,280.2
sensor_kamppi,2024-01-16 02:30:00,32.1,0.101,269.8
sensor_pasila,2024-01-16 02:30:00,36.8,0.084,229.5
sensor_kallio,2024-01-16 03:00:00,33.5,0.055,271.1
sensor_kamppi,2024-01-16 03:00:00,28.3,0.109,276.4
sensor_pasila,2024-01-16 03:00:00,34.2,0.119,329.2
sensor_kallio,2024-01-16 03:30:00,23.1,0.173,253.0
sensor_kamppi,2024-01-16 03:30:00,22.5,0.072,287.1
sensor_pasila,2024-01-16 03:30:00,37.1,0.082,260.9
sensor_kallio,2024-01-16 04:00:00,33.6,0.123,336.3
sensor_kamppi,2024-01-16 04:00:00,36.3,0.085,303.7
sensor_pasila,2024-01-16 04:00:00,27.4,0.104,318.9
sensor_kallio,2024-01-16 04:30:00,36.3,0.091,333.6
sensor_kamppi,2024-01-16 04:30:00,42.0,0.117,321.3
sensor_pasila,2024-01-16 04:30:00,39.6,0.145,283.8
sensor_kallio,2024-01-16 05:00:00,41.8,0.077,353.5
sensor_kamppi,2024-01-16 05:00:00,62.0,0.107,339.9
sensor_pasila,2024-01-16 05:00:00,41.6,0.171,375.6
sensor_kallio,2024-01-16 05:30:00,38.2,0.196,360.8
sensor_kamppi,2024-01-16 05:30:00,53.4,0.193,342.3
sensor_pasila,2024-01-16 05:30:00,34.5,0.161,365.7
sensor_kallio,2024-01-16 06:00:00,45.3,0.307,406.6
sensor_kamppi,2024-01-16 06:00:00,60.7,0.209,434.0
sensor_pasila,2024-01-16 06:00:00,46.4,0.295,389.1
sensor_kallio,2024-01-16 06:30:00,53.7,0.264,410.8
sensor_kamppi,2024-01-16 06:30:00,56.5,0.249,414.9
sensor_pasila,2024-01-16 06:30:00,46.7,0.312,399.3
sensor_kallio,2024-01-16 07:00:00,77.1,0.615,430.3
sensor_kamppi,2024-01-16 07:00:00,93.8,0.549,422.7
sensor_pasila,2024-01-16 07:00:00,79.0,0.577,417.6
sensor_kallio,2024-01-16 07:30:00,69.9,0.629,452.2
sensor_kamppi,2024-01-16 07:30:00,63.7,0.527,466.2
sensor_pasila,2024-01-16 07:30:00,74.2,0.571,418.2
sensor_kallio,2024-01-16 08:00:00,61.0,0.71,442.3
sensor_kamppi,2024-01-16 08:00:00,70.5,0.799,454.7
sensor_pasila,2024-01-16 08:00:00,72.5,0.722,462.1
sensor_kallio,2024-01-16 08:30:00,72.9,0.829,438.2
sensor_kamppi,2024-01-16 08:30:00,61.8,0.689,421.6
sensor_pasila,2024-01-16 08:30:00,82.7,0.743,386.3
sensor_kallio,2024-01-16 09:00:00,73.0,0.575,436.0
sensor_kamppi,2024-01-16 09:00:00,81.7,0.579,414.7
sensor_pasila,2024-01-16 09:00:00,88.5,0.615,393.8
sensor_kallio,2024-01-16 09:30:00,82.2,0.617,455.2
sensor_kamppi,2024-01-16 09:30:00,80.3,0.574,415.7
sensor_pasila,2024-01-16 09:30:00,75.0,0.588,392.5
sensor_kallio,2024-01-16 10:00:00,53.8,0.255,378.8
sensor_kamppi,2024-01-16 10:00:00,61.6,0.25,376.9
sensor_pasila,2024-01-16 10:00:00,50.8,0.341,382.0
sensor_kallio,2024-01-16 10:30:00,61.2,0.317,341.1
sensor_kamppi,2024-01-16 10:30:00,32.8,0.303,336.5
sensor_pasila,2024-01-16 10:30:00,54.5,0.254,377.6
sensor_kallio,2024-01-16 11:00:00,57.6,0.107,291.9
sensor_kamppi,2024-01-16 11:00:00,58.2,0.172,315.8
sensor_pasila,2024-01-16 11:00:00,50.5,0.15,306.7
sensor_kallio,2024-01-16 11:30:00,50.3,0.103,312.0
sensor_kamppi,2024-01-16 11:30:00,45.8,0.142,270.9
sensor_pasila,2024-01-16 11:30:00,58.2,0.128,312.8
sensor_kallio,2024-01-16 12:00:00,64.1,0.152,285.7
sensor_kamppi,2024-01-16 12:00:00,43.4,0.103,278.4
sensor_pasila,2024-01-16 12:00:00,54.9,0.11,288.9
sensor_kallio,2024-01-16 12:30:00,58.2,0.142,288.9
sensor_kamppi,2024-01-16 12:30:00,46.6,0.096,272.2
sensor_pasila,2024-01-16 12:30:00,55.7,0.091,272.2
sensor_kallio,2024-01-16 13:00:00,50.1,0.084,266.3
sensor_kamppi,2024-01-16 13:00:00,61.5,0.154,278.5
sensor_pasila,2024-01-16 13:00:00,50.4,0.139,229.4
sensor_kallio,2024-01-16 13:30:00,55.3,0.084,247.0
sensor_kamppi,2024-01-16 13:30:00,72.2,0.088,262.9
sensor_pasila,2024-01-16 13:30:00,55.3,0.1,230.8
sensor_kallio,2024-01-16 14:00:00,52.8,0.09,270.3
sensor_kamppi,2024-01-16 14:00:00,50.3,0.114,280.7
sensor_pasila,2024-01-16 14:00:00,42.9,0.107,307.7
sensor_kallio,2024-01-16 14:30:00,37.1,0.072,258.6
sensor_kamppi,2024-01-16 14:30:00,30.6,0.045,253.3
sensor_pasila,2024-01-16 14:30:00,56.2,0.089,253.8
sensor_kallio,2024-01-16 15:00:00,46.8,0.115,320.9
sensor_kamppi,2024-01-16 15:00:00,48.4,0.179,316.5
sensor_pasila,2024-01-16 15:00:00,50.2,0.084,294.0
sensor_kallio,2024-01-16 15:30:00,39.8,0.061,322.2
sensor_kamppi,2024-01-16 15:30:00,49.6,0.081,304.2
sensor_pasila,2024-01-16 15:30:00,53.3,0.094,311.9
sensor_kallio,2024-01-16 16:00:00,72.1,0.115,346.8
sensor_kamppi,2024-01-16 16:00:00,45.5,0.041,369.0
sensor_pasila,2024-01-16 16:00:00,67.2,0.09,327.6
sensor_kallio,2024-01-16 16:30:00,64.5,0.104,362.7
sensor_kamppi,2024-01-16 16:30:00,59.3,0.065,400.5
sensor_pasila,2024-01-16 16:30:00,68.9,0.097,335.1
sensor_kallio,2024-01-16 17:00:00,61.5,0.092,385.6
sensor_kamppi,2024-01-16 17:00:00,67.9,0.065,393.7
sensor_pasila,2024-01-16 17:00:00,63.0,0.05,377.0
sensor_kallio,2024-01-16 17:30:00,67.8,0.069,404.9
sensor_kamppi,2024-01-16 17:30:00,65.5,0.11,424.8
sensor_pasila,2024-01-16 17:30:00,63.8,0.065,412.5
sensor_kallio,2024-01-16 18:00:00,69.9,0.09,435.0
sensor_kamppi,2024-01-16 18:00:00,62.0,0.095,449.0
sensor_pasila,2024-01-16 18:00:00,61.9,0.118,444.6
sensor_kallio,2024-01-16 18:30:00,78.9,0.078,459.3
sensor_kamppi,2024-01-16 18:30:00,71.9,0.063,447.6
sensor_pasila,2024-01-16 18:30:00,67.0,0.082,387.1
sensor_kallio,2024-01-16 19:00:00,41.2,0.061,432.9
sensor_kamppi,2024-01-16 19:00:00,18.3,0.118,399.6
sensor_pasila,2024-01-16 19:00:00,33.1,0.083,436.2
sensor_kallio,2024-01-16 19:30:00,25.6,0.114,446.0
sensor_kamppi,2024-01-16 19:30:00,32.4,0.091,381.3
sensor_pasila,2024-01-16 19:30:00,44.0,0.093,449.3
sensor_kallio,2024-01-16 20:00:00,34.8,0.102,422.4
sensor_kamppi,2024-01-16 20:00:00,27.1,0.131,440.1
sensor_pasila,2024-01-16 20:00:00,34.5,0.095,428.1
sensor_kallio,2024-01-16 20:30:00,36.4,0.089,401.8
sensor_kamppi,2024-01-16 20:30:00,34.8,0.123,398.5
sensor_pasila,2024-01-16 20:30:00,37.5,0.159,420.4
sensor_kallio,2024-01-16 21:00:00,31.2,0.117,353.1
sensor_kamppi,2024-01-16 21:00:00,20.4,0.077,334.6
sensor_pasila,2024-01-16 21:00:00,36.4,0.086,324.9
sensor_kallio,2024-01-16 21:30:00,35.2,0.111,368.0
sensor_kamppi,2024-01-16 21:30:00,18.2,0.066,397.2
sensor_pasila,2024-01-16 21:30:00,28.6,0.114,364.4
sensor_kallio,2024-01-16 22:00:00,20.7,0.056,321.1
sensor_kamppi,2024-01-16 22:00:00,27.3,0.092,332.0
sensor_pasila,2024-01-16 22:00:00,22.3,0.098,334.6
sensor_kallio,2024-01-16 22:30:00,36.3,0.092,320.6
sensor_kamppi,2024-01-16 22:30:00,36.7,0.074,281.6
sensor_pasila,2024-01-16 22:30:00,34.7,0.102,347.6
sensor_kallio,2024-01-16 23:00:00,25.5,0.13,289.0
sensor_kamppi,2024-01-16 23:00:00,34.9,0.101,253.5
sensor_pasila,2024-01-16 23:00:00,28.5,0.085,272.9
sensor_kallio,2024-01-16 23:30:00,22.7,0.107,308.1
sensor_kamppi,2024-01-16 23:30:00,21.2,0.116,234.6
sensor_pasila,2024-01-16 23:30:00,32.5,0.108,254.2
sensor_kallio,2024-01-17 00:00:00,34.3,0.103,347.4
sensor_kamppi,2024-01-17 00:00:00,31.5,0.112,308.3
sensor_pasila,2024-01-17 00:00:00,24.8,0.178,314.8
sensor_kallio,2024-01-17 00:30:00,32.5,0.103,281.9
sensor_kamppi,2024-01-17 00:30:00,16.8,0.05,337.6
sensor_pasila,2024-01-17 00:30:00,32.9,0.09,282.6
sensor_kallio,2024-01-17 01:00:00,25.8,0.097,247.8
sensor_kamppi,2024-01-17 01:00:00,40.3,0.076,266.8
sensor_pasila,2024-01-17 01:00:00,31.1,0.034,288.6
sensor_kallio,2024-01-17 01:30:00,31.9,0.034,264.6
sensor_kamppi,2024-01-17 01:30:00,28.3,0.069,279.4
sensor_pasila,2024-01-17 01:30:00,37.6,0.11,244.2
sensor_kallio,2024-01-17 02:00:00,28.8,0.041,262.0
sensor_kamppi,2024-01-17 02:00:00,23.5,0.108,274.0
sensor_pasila,2024-01-17 02:00:00,37.9,0.106,252.9
sensor_kallio,2024-01-17 02:30:00,22.2,0.165,302.2
sensor_kamppi,2024-01-17 02:30:00,32.6,0.113,235.0
sensor_pasila,2024-01-17 02:30:00,31.6,0.101,246.2
sensor_kallio,2024-01-17 03:00:00,48.3,0.11,260.0
sensor_kamppi,2024-01-17 03:00:00,31.9,0.108,240.6
sensor_pasila,2024-01-17 03:00:00,38.4,0.099,290.4
sensor_kallio,2024-01-17 03:30:00,38.5,0.081,259.0
sensor_kamppi,2024-01-17 03:30:00,49.9,0.113,284.4
sensor_pasila,2024-01-17 03:30:00,39.0,0.098,250.5
sensor_kallio,2024-01-17 04:00:00,51.5,0.1,337.0
sensor_kamppi,2024-01-17 04:00:00,38.0,0.139,293.9
sensor_pasila,2024-01-17 04:00:00,32.3,0.097,301.5
sensor_kallio,2024-01-17 04:30:00,43.5,0.116,280.3
sensor_kamppi,2024-01-17 04:30:00,31.5,0.064,296.2
sensor_pasila,2024-01-17 04:30:00,38.4,0.087,334.5
sensor_kallio,2024-01-17 05:00:00,44.9,0.12,387.7
sensor_kamppi,2024-01-17 05:00:00,51.1,0.151,354.7
sensor_pasila,2024-01-17 05:00:00,51.7,0.169,340.5
sensor_kallio,2024-01-17 05:30:00,43.1,0.12,379.8
sensor_kamppi,2024-01-17 05:30:00,31.7,0.126,349.6
sensor_pasila,2024-01-17 05:30:00,44.4,0.114,362.1
sensor_kallio,2024-01-17 06:00:00,30.1,0.325,354.9
sensor_kamppi,2024-01-17 06:00:00,46.9,0.307,398.6
sensor_pasila,2024-01-17 06:00:00,50.6,0.333,430.1
sensor_kallio,2024-01-17 06:30:00,53.0,0.309,401.0
sensor_kamppi,2024-01-17 06:30:00,47.7,0.332,407.5
sensor_pasila,2024-01-17 06:30:00,33.1,0.249,444.6
sensor_kallio,2024-01-17 07:00:00,67.2,0.565,455.2
sensor_kamppi,2024-01-17 07:00:00,82.0,0.6,439.2
sensor_pasila,2024-01-17 07:00:00,62.4,0.65,428.7
sensor_kallio,2024-01-17 07:30:00,80.6,0.588,425.6
sensor_kamppi,2024-01-17 07:30:00,70.3,0.578,469.3
sensor_pasila,2024-01-17 07:30:00,66.5,0.595,472.4
sensor_kallio,2024-01-17 08:00:00,71.9,0.751,412.8
sensor_kamppi,2024-01-17 08:00:00,91.9,0.716,449.2
sensor_pasila,2024-01-17 08:00:00,65.7,0.724,440.8
sensor_kallio,2024-01-17 08:30:00,67.7,0.742,409.5
sensor_kamppi,2024-01-17 08:30:00,76.4,0.715,415.1
sensor_pasila,2024-01-17 08:30:00,76.8,0.693,448.9
sensor_kallio,2024-01-17 09:00:00,71.7,0.631,398.1
sensor_kamppi,2024-01-17 09:00:00,68.6,0.587,428.5
sensor_pasila,2024-01-17 09:00:00,65.2,0.564,433.7
sensor_kallio,2024-01-17 09:30:00,70.1,0.547,376.8
sensor_kamppi,2024-01-17 09:30:00,73.9,0.546,417.6
sensor_pasila,2024-01-17 09:30:00,69.9,0.569,404.7
sensor_kallio,2024-01-17 10:00:00,49.3,0.292,342.7
sensor_kamppi,2024-01-17 10:00:00,44.7,0.336,370.4
sensor_pasila,2024-01-17 10:00:00,55.7,0.331,370.0
sensor_kallio,2024-01-17 10:30:00,51.5,0.316,357.0
sensor_kamppi,2024-01-17 10:30:00,71.0,0.305,362.9
sensor_pasila,2024-01-17 10:30:00,61.4,0.324,347.9
sensor_kallio,2024-01-17 11:00:00,57.3,0.107,306.2
sensor_kamppi,2024-01-17 11:00:00,55.8,0.15,307.9
sensor_pasila,2024-01-17 11:00:00,49.2,0.157,322.3
sensor_kallio,2024-01-17 11:30:00,49.3,0.145,321.1
sensor_kamppi,2024-01-17 11:30:00,58.9,0.156,320.7
sensor_pasila,2024-01-17 11:30:00,57.0,0.167,320.3
sensor_kallio,2024-01-17 12:00:00,50.0,0.116,259.1
sensor_kamppi,2024-01-17 12:00:00,47.7,0.116,273.6
sensor_pasila,2024-01-17 12:00:00,50.2,0.123,257.3
sensor_kallio,2024-01-17 12:30:00,56.8,0.066,298.9
sensor_kamppi,2024-01-17 12:30:00,58.5,0.12,272.8
sensor_pasila,2024-01-17 12:30:00,47.0,0.056,273.9
sensor_kallio,2024-01-17 13:00:00,49.8,0.11,278.8
sensor_kamppi,2024-01-17 13:00:00,56.5,0.072,270.7
sensor_pasila,2024-01-17 13:00:00,49.3,0.112,270.0
sensor_kallio,2024-01-17 13:30:00,48.8,0.144,251.2
sensor_kamppi,2024-01-17 13:30:00,52.7,0.139,261.7
sensor_pasila,2024-01-17 13:30:00,48.2,0.09,262.6
sensor_kallio,2024-01-17 14:00:00,47.4,0.085,291.4
sensor_kamppi,2024-01-17 14:00:00,48.5,0.152,269.2
sensor_pasila,2024-01-17 14:00:00,45.4,0.093,291.1
sensor_kallio,2024-01-17 14:30:00,46.4,0.134,272.6
sensor_kamppi,2024-01-17 14:30:00,54.4,0.078,273.1
sensor_pasila,2024-01-17 14:30:00,50.5,0.131,263.1
sensor_kallio,2024-01-17 15:00:00,37.1,0.067,297.6
sensor_kamppi,2024-01-17 15:00:00,54.4,0.073,291.6
sensor_pasila,2024-01-17 15:00:00,46.5,0.099,309.4
sensor_kallio,2024-01-17 15:30:00,39.0,0.091,330.3
sensor_kamppi,2024-01-17 15:30:00,51.9,0.111,296.0
sensor_pasila,2024-01-17 15:30:00,46.6,0.063,322.6
sensor_kallio,2024-01-17 16:00:00,76.0,0.093,354.4
sensor_kamppi,2024-01-17 16:00:00,61.8,0.096,395.3
sensor_pasila,2024-01-17 16:00:00,66.5,0.107,380.1
sensor_kallio,2024-01-17 16:30:00,69.4,0.061,368.7
sensor_kamppi,2024-01-17 16:30:00,85.4,0.105,361.2
sensor_pasila,2024-01-17 16:30:00,69.9,0.036,368.3
sensor_kallio,2024-01-17 17:00:00,63.6,0.073,433.3
sensor_kamppi,2024-01-17 17:00:00,57.5,0.103,383.8
sensor_pasila,2024-01-17 17:00:00,68.7,0.058,413.0
sensor_kallio,2024-01-17 17:30:00,67.8,0.122,382.6
sensor_kamppi,2024-01-17 17:30:00,62.6,0.075,423.0
sensor_pasila,2024-01-17 17:30:00,58.3,0.088,418.3
sensor_kallio,2024-01-17 18:00:00,65.1,0.054,458.6
sensor_kamppi,2024-01-17 18:00:00,64.5,0.13,427.9
sensor_pasila,2024-01-17 18:00:00,64.1,0.106,427.5
sensor_kallio,2024-01-17 18:30:00,79.4,0.092,443.1
sensor_kamppi,2024-01-17 18:30:00,57.5,0.083,433.4
sensor_pasila,2024-01-17 18:30:00,60.3,0.072,437.1
sensor_kallio,2024-01-17 19:00:00,33.1,0.164,432.7
sensor_kamppi,2024-01-17 19:00:00,29.4,0.118,471.3
sensor_pasila,2024-01-17 19:00:00,28.0,0.137,415.1
sensor_kallio,2024-01-17 19:30:00,32.6,0.058,426.9
sensor_kamppi,2024-01-17 19:30:00,22.1,0.082,429.6
sensor_pasila,2024-01-17 19:30:00,35.3,0.108,441.6
sensor_kallio,2024-01-17 20:00:00,33.0,0.139,412.0
sensor_kamppi,2024-01-17 20:00:00,45.6,0.104,395.8
sensor_pasila,2024-01-17 20:00:00,26.7,0.02,399.9
sensor_kallio,2024-01-17 20:30:00,25.4,0.099,434.2
sensor_kamppi,2024-01-17 20:30:00,10.9,0.12,378.3
sensor_pasila,2024-01-17 20:30:00,24.2,0.167,423.7
sensor_kallio,2024-01-17 21:00:00,10.8,0.14,357.4
sensor_kamppi,2024-01-17 21:00:00,46.5,0.072,365.9
sensor_pasila,2024-01-17 21:00:00,32.2,0.038,364.5
sensor_kallio,2024-01-17 21:30:00,37.2,0.071,372.5
sensor_kamppi,2024-01-17 21:30:00,38.2,0.101,384.6
sensor_pasila,2024-01-17 21:30:00,34.8,0.148,367.1
sensor_kallio,2024-01-17 22:00:00,37.7,0.096,324.7
sensor_kamppi,2024-01-17 22:00:00,33.8,0.113,326.0
sensor_pasila,2024-01-17 22:00:00,28.8,0.09,275.1
sensor_kallio,2024-01-17 22:30:00,32.0,0.065,295.8
sensor_kamppi,2024-01-17 22:30:00,26.6,0.12,322.7
sensor_pasila,2024-01-17 22:30:00,32.7,0.095,316.8
sensor_kallio,2024-01-17 23:00:00,23.8,0.146,304.9
sensor_kamppi,2024-01-17 23:00:00,24.0,0.063,249.2
sensor_pasila,2024-01-17 23:00:00,25.4,0.072,278.5
sensor_kallio,2024-01-17 23:30:00,31.3,0.125,276.1
sensor_kamppi,2024-01-17 23:30:00,32.1,0.091,303.7
sensor_pasila,2024-01-17 23:30:00,38.1,0.076,278.5
sensor_kallio,2024-01-18 00:00:00,28.6,0.092,299.9
sensor_kamppi,2024-01-18 00:00:00,18.9,0.092,330.0
sensor_pasila,2024-01-18 00:00:00,37.3,0.128,314.1
sensor_kallio,2024-01-18 00:30:00,39.8,0.098,308.7
sensor_kamppi,2024-01-18 00:30:00,17.1,0.136,331.5
sensor_pasila,2024-01-18 00:30:00,25.7,0.062,351.0
sensor_kallio,2024-01-18 01:00:00,33.2,0.068,266.3
sensor_kamppi,2024-01-18 01:00:00,37.4,0.132,288.6
sensor_pasila,2024-01-18 01:00:00,39.7,0.122,281.5
sensor_kallio,2024-01-18 01:30:00,40.2,0.085,260.8
sensor_kamppi,2024-01-18 01:30:00,17.5,0.123,258.4
sensor_pasila,2024-01-18 01:30:00,32.9,0.103,265.7
sensor_kallio,2024-01-18 02:00:00,30.7,0.13,290.4
sensor_kamppi,2024-01-18 02:00:00,29.3,0.077,296.6
sensor_pasila,2024-01-18 02:00:00,34.0,0.083,251.4
sensor_kallio,2024-01-18 02:30:00,39.5,0.097,259.9
sensor_kamppi,2024-01-18 02:30:00,20.6,0.077,280.3
sensor_pasila,2024-01-18 02:30:00,35.6,0.13,224.0
sensor_kallio,2024-01-18 03:00:00,31.9,0.11,285.9
sensor_kamppi,2024-01-18 03:00:00,56.8,0.106,254.6
sensor_pasila,2024-01-18 03:00:00,32.2,0.06,299.3
sensor_kallio,2024-01-18 03:30:00,34.9,0.081,295.4
sensor_kamppi,2024-01-18 03:30:00,49.5,0.091,262.1
sensor_pasila,2024-01-18 03:30:00,37.5,0.05,282.4
sensor_kallio,2024-01-18 04:00:00,43.6,0.111,325.4
sensor_kamppi,2024-01-18 04:00:00,39.1,0.111,339.0
sensor_pasila,2024-01-18 04:00:00,39.5,0.154,328.4
sensor_kallio,2024-01-18 04:30:00,37.1,0.104,297.7
sensor_kamppi,2024-01-18 04:30:00,51.1,0.189,306.1
sensor_pasila,2024-01-18 04:30:00,40.4,0.12,313.1
sensor_kallio,2024-01-18 05:00:00,40.8,0.164,332.7
sensor_kamppi,2024-01-18 05:00:00,33.3,0.152,363.3
sensor_pasila,2024-01-18 05:00:00,43.0,0.163,385.9
sensor_kallio,2024-01-18 05:30:00,34.6,0.125,383.4
sensor_kamppi,2024-01-18 05:30:00,42.9,0.151,386.2
sensor_pasila,2024-01-18 05:30:00,32.8,0.19,365.9
sensor_kallio,2024-01-18 06:00:00,36.2,0.335,444.6
sensor_kamppi,2024-01-18 06:00:00,60.2,0.292,422.5
sensor_pasila,2024-01-18 06:00:00,47.8,0.258,459.8
sensor_kallio,2024-01-18 06:30:00,38.2,0.361,408.0
sensor_kamppi,2024-01-18 06:30:00,47.8,0.291,436.6
sensor_pasila,2024-01-18 06:30:00,54.1,0.304,396.1
sensor_kallio,2024-01-18 07:00:00,68.1,0.604,391.8
sensor_kamppi,2024-01-18 07:00:00,56.9,0.584,442.5
sensor_pasila,2024-01-18 07:00:00,70.6,0.571,401.9
sensor_kallio,2024-01-18 07:30:00,70.3,0.579,442.2
sensor_kamppi,2024-01-18 07:30:00,78.7,0.525,467.6
sensor_pasila,2024-01-18 07:30:00,62.4,0.599,427.3
sensor_kallio,2024-01-18 08:00:00,82.4,0.767,432.5
sensor_kamppi,2024-01-18 08:00:00,72.4,0.7,434.5
sensor_pasila,2024-01-18 08:00:00,71.8,0.722,414.0
sensor_kallio,2024-01-18 08:30:00,75.6,0.737,453.7
sensor_kamppi,2024-01-18 08:30:00,70.1,0.705,420.5
sensor_pasila,2024-01-18 08:30:00,75.6,0.695,462.6
sensor_kallio,2024-01-18 09:00:00,75.7,0.579,411.2
sensor_kamppi,2024-01-18 09:00:00,84.0,0.603,393.4
sensor_pasila,2024-01-18 09:00:00,73.8,0.643,366.4
sensor_kallio,2024-01-18 09:30:00,70.3,0.557,426.6
sensor_kamppi,2024-01-18 09:30:00,80.2,0.593,391.1
sensor_pasila,2024-01-18 09:30:00,79.0,0.555,397.3
sensor_kallio,2024-01-18 10:00:00,48.2,0.277,341.9
sensor_kamppi,2024-01-18 10:00:00,55.7,0.308,345.5
sensor_pasila,2024-01-18 10:00:00,51.3,0.312,364.9
sensor_kallio,2024-01-18 10:30:00,63.6,0.291,368.4
sensor_kamppi,2024-01-18 10:30:00,60.2,0.269,340.2
sensor_pasila,2024-01-18 10:30:00,46.7,0.311,357.9
sensor_kallio,2024-01-18 11:00:00,55.8,0.149,315.3
sensor_kamppi,2024-01-18 11:00:00,60.3,0.133,326.1
sensor_pasila,2024-01-18 11:00:00,57.0,0.104,306.4
sensor_kallio,2024-01-18 11:30:00,64.8,0.253,310.3
sensor_kamppi,2024-01-18 11:30:00,54.2,0.096,313.4
sensor_pasila,2024-01-18 11:30:00,53.7,0.128,346.6
sensor_kallio,2024-01-18 12:00:00,55.1,0.076,250.6
sensor_kamppi,2024-01-18 12:00:00,60.9,0.087,253.7
sensor_pasila,2024-01-18 12:00:00,45.2,0.102,284.4
sensor_kallio,2024-01-18 12:30:00,59.3,0.113,305.4
sensor_kamppi,2024-01-18 12:30:00,41.7,0.111,280.0
sensor_pasila,2024-01-18 12:30:00,45.4,0.1,250.5
sensor_kallio,2024-01-18 13:00:00,54.0,0.075,271.1
sensor_kamppi,2024-01-18 13:00:00,68.2,0.094,245.0
sensor_pasila,2024-01-18 13:00:00,46.3,0.112,239.5
sensor_kallio,2024-01-18 13:30:00,58.9,0.15,292.6
sensor_kamppi,2024-01-18 13:30:00,70.6,0.104,267.2
sensor_pasila,2024-01-18 13:30:00,48.5,0.061,272.8
sensor_kallio,2024-01-18 14:00:00,40.5,0.13,255.2
sensor_kamppi,2024-01-18 14:00:00,48.4,0.152,277.6
sensor_pasila,2024-01-18 14:00:00,53.0,0.092,289.6
sensor_kallio,2024-01-18 14:30:00,48.6,0.072,252.6
sensor_kamppi,2024-01-18 14:30:00,34.8,0.062,285.9
sensor_pasila,2024-01-18 14:30:00,50.1,0.071,288.1
sensor_kallio,2024-01-18 15:00:00,49.3,0.113,291.3
sensor_kamppi,2024-01-18 15:00:00,43.4,0.11,305.8
sensor_pasila,2024-01-18 15:00:00,53.0,0.123,341.1
sensor_kallio,2024-01-18 15:30:00,50.1,0.081,312.1
sensor_kamppi,2024-01-18 15:30:00,71.3,0.133,308.1
sensor_pasila,2024-01-18 15:30:00,51.6,0.094,304.8
sensor_kallio,2024-01-18 16:00:00,78.0,0.113,380.6
sensor_kamppi,2024-01-18 16:00:00,87.6,0.085,368.2
sensor_pasila,2024-01-18 16:00:00,74.9,0.124,354.5
sensor_kallio,2024-01-18 16:30:00,70.5,0.158,350.8
sensor_kamppi,2024-01-18 16:30:00,74.8,0.115,333.3
sensor_pasila,2024-01-18 16:30:00,73.4,0.06,366.2
sensor_kallio,2024-01-18 17:00:00,75.6,0.085,378.2
sensor_kamppi,2024-01-18 17:00:00,66.8,0.099,411.0
sensor_pasila,2024-01-18 17:00:00,68.1,0.109,379.3
sensor_kallio,2024-01-18 17:30:00,74.5,0.035,401.5
sensor_kamppi,2024-01-18 17:30:00,75.1,0.077,379.6
sensor_pasila,2024-01-18 17:30:00,63.2,0.085,448.7
sensor_kallio,2024-01-18 18:00:00,53.4,0.113,432.3
sensor_kamppi,2024-01-18 18:00:00,55.7,0.059,412.6
sensor_pasila,2024-01-18 18:00:00,65.6,0.12,462.6
sensor_kallio,2024-01-18 18:30:00,57.2,0.036,447.8
sensor_kamppi,2024-01-18 18:30:00,69.2,0.136,398.4
sensor_pasila,2024-01-18 18:30:00,71.4,0.104,476.7
sensor_kallio,2024-01-18 19:00:00,34.5,0.142,424.7
sensor_kamppi,2024-01-18 19:00:00,57.5,0.085,406.0
sensor_pasila,2024-01-18 19:00:00,37.2,0.134,461.7
sensor_kallio,2024-01-18 19:30:00,35.6,0.112,436.1
sensor_kamppi,2024-01-18 19:30:00,49.5,0.131,426.2
sensor_pasila,2024-01-18 19:30:00,40.9,0.099,460.1
sensor_kallio,2024-01-18 20:00:00,30.9,0.103,397.2
sensor_kamppi,2024-01-18 20:00:00,17.9,0.064,431.1
sensor_pasila,2024-01-18 20:00:00,36.6,0.076,418.4
sensor_kallio,2024-01-18 20:30:00,33.7,0.123,399.7
sensor_kamppi,2024-01-18 20:30:00,33.4,0.065,431.5
sensor_pasila,2024-01-18 20:30:00,36.1,0.104,457.5
sensor_kallio,2024-01-18 21:00:00,39.9,0.143,368.6
sensor_kamppi,2024-01-18 21:00:00,26.5,0.114,363.0
sensor_pasila,2024-01-18 21:00:00,29.9,0.136,355.7
sensor_kallio,2024-01-18 21:30:00,33.4,0.104,332.0
sensor_kamppi,2024-01-18 21:30:00,37.0,0.123,363.1
sensor_pasila,2024-01-18 21:30:00,32.9,0.09,349.5
sensor_kallio,2024-01-18 22:00:00,26.0,0.046,322.0
sensor_kamppi,2024-01-18 22:00:00,17.2,0.087,269.5
sensor_pasila,2024-01-18 22:00:00,27.1,0.116,313.0
sensor_kallio,2024-01-18 22:30:00,30.6,0.107,277.4
sensor_kamppi,2024-01-18 22:30:00,39.1,0.087,311.8
sensor_pasila,2024-01-18 22:30:00,32.6,0.02,339.7
sensor_kallio,2024-01-18 23:00:00,27.6,0.117,265.6
sensor_kamppi,2024-01-18 23:00:00,23.8,0.14,248.4
sensor_pasila,2024-01-18 23:00:00,31.5,0.084,282.8
sensor_kallio,2024-01-18 23:30:00,36.3,0.121,283.6
sensor_kamppi,2024-01-18 23:30:00,24.0,0.093,279.1
sensor_pasila,2024-01-18 23:30:00,36.0,0.114,268.6
sensor_kallio,2024-01-19 00:00:00,31.9,0.127,320.6
sensor_kamppi,2024-01-19 00:00:00,39.4,0.088,329.4
sensor_pasila,2024-01-19 00:00:00,28.6,0.103,322.7
sensor_kallio,2024-01-19 00:30:00,21.1,0.092,316.7
sensor_kamppi,2024-01-19 00:30:00,32.1,0.125,264.7
sensor_pasila,2024-01-19 00:30:00,22.1,0.13,326.0
sensor_kallio,2024-01-19 01:00:00,45.2,0.097,296.4
sensor_kamppi,2024-01-19 01:00:00,53.9,0.031,239.3
sensor_pasila,2024-01-19 01:00:00,29.1,0.057,302.8
sensor_kallio,2024-01-19 01:30:00,29.7,0.079,297.2
sensor_kamppi,2024-01-19 01:30:00,38.1,0.083,286.1
sensor_pasila,2024-01-19 01:30:00,27.0,0.079,296.0
sensor_kallio,2024-01-19 02:00:00,27.6,0.085,248.8
sensor_kamppi,2024-01-19 02:00:00,27.9,0.024,226.8
sensor_pasila,2024-01-19 02:00:00,34.3,0.141,271.7
sensor_kallio,2024-01-19 02:30:00,29.9,0.096,224.4
sensor_kamppi,2024-01-19 02:30:00,30.9,0.093,246.2
sensor_pasila,2024-01-19 02:30:00,36.5,0.112,269.0
sensor_kallio,2024-01-19 03:00:00,51.4,0.116,233.0
sensor_kamppi,2024-01-19 03:00:00,22.0,0.099,254.6
sensor_pasila,2024-01-19 03:00:00,34.7,0.143,274.0
sensor_kallio,2024-01-19 03:30:00,27.5,0.143,268.4
sensor_kamppi,2024-01-19 03:30:00,35.5,0.107,282.7
sensor_pasila,2024-01-19 03:30:00,32.3,0.102,297.3
sensor_kallio,2024-01-19 04:00:00,47.5,0.081,311.5
sensor_kamppi,2024-01-19 04:00:00,54.1,0.098,284.3
sensor_pasila,2024-01-19 04:00:00,35.7,0.124,309.1
sensor_kallio,2024-01-19 04:30:00,39.2,0.114,305.6
sensor_kamppi,2024-01-19 04:30:00,43.9,0.146,319.7
sensor_pasila,2024-01-19 04:30:00,41.5,0.139,325.8
sensor_kallio,2024-01-19 05:00:00,49.9,0.085,362.6
sensor_kamppi,2024-01-19 05:00:00,46.0,0.141,344.9
sensor_pasila,2024-01-19 05:00:00,41.3,0.123,368.7
sensor_kallio,2024-01-19 05:30:00,46.7,0.138,383.2
sensor_kamppi,2024-01-19 05:30:00,36.8,0.127,363.5
sensor_pasila,2024-01-19 05:30:00,40.0,0.175,358.5
sensor_kallio,2024-01-19 06:00:00,48.8,0.327,376.0
sensor_kamppi,2024-01-19 06:00:00,44.6,0.303,371.7
sensor_pasila,2024-01-19 06:00:00,45.4,0.293,379.8
sensor_kallio,2024-01-19 06:30:00,54.4,0.303,363.5
sensor_kamppi,2024-01-19 06:30:00,40.3,0.289,406.3
sensor_pasila,2024-01-19 06:30:00,41.3,0.267,413.6
sensor_kallio,2024-01-19 07:00:00,66.2,0.612,446.1
sensor_kamppi,2024-01-19 07:00:00,75.4,0.566,438.5
sensor_pasila,2024-01-19 07:00:00,73.3,0.588,404.2
sensor_kallio,2024-01-19 07:30:00,73.0,0.515,438.8
sensor_kamppi,2024-01-19 07:30:00,97.7,0.554,420.1
sensor_pasila,2024-01-19 07:30:00,77.1,0.558,415.7
sensor_kallio,2024-01-19 08:00:00,73.8,0.755,453.7
sensor_kamppi,2024-01-19 08:00:00,70.8,0.732,431.0
sensor_pasila,2024-01-19 08:00:00,71.9,0.759,463.7
sensor_kallio,2024-01-19 08:30:00,69.7,0.715,434.9
sensor_kamppi,2024-01-19 08:30:00,69.7,0.707,409.7
sensor_pasila,2024-01-19 08:30:00,66.2,0.748,421.5
sensor_kallio,2024-01-19 09:00:00,89.9,0.595,388.2
sensor_kamppi,2024-01-19 09:00:00,66.4,0.57,381.3
sensor_pasila,2024-01-19 09:00:00,77.0,0.617,402.2
sensor_kallio,2024-01-19 09:30:00,72.5,0.524,379.1
sensor_kamppi,2024-01-19 09:30:00,78.2,0.58,412.4
sensor_pasila,2024-01-19 09:30:00,70.3,0.61,398.5
sensor_kallio,2024-01-19 10:00:00,40.7,0.266,349.1
sensor_kamppi,2024-01-19 10:00:00,52.8,0.249,379.5
sensor_pasila,2024-01-19 10:00:00,53.5,0.324,390.7
sensor_kallio,2024-01-19 10:30:00,51.5,0.28,373.5
sensor_kamppi,2024-01-19 10:30:00,36.2,0.331,360.7
sensor_pasila,2024-01-19 10:30:00,51.5,0.265,335.8
sensor_kallio,2024-01-19 11:00:00,51.8,0.159,310.8
sensor_kamppi,2024-01-19 11:00:00,30.9,0.125,321.5
sensor_pasila,2024-01-19 11:00:00,63.2,0.141,318.8
sensor_kallio,2024-01-19 11:30:00,54.0,0.133,288.2
sensor_kamppi,2024-01-19 11:30:00,44.8,0.105,320.5
sensor_pasila,2024-01-19 11:30:00,58.3,0.14,298.5
sensor_kallio,2024-01-19 12:00:00,60.7,0.172,237.5
sensor_kamppi,2024-01-19 12:00:00,59.2,0.11,278.9
sensor_pasila,2024-01-19 12:00:00,57.1,0.152,269.9
sensor_kallio,2024-01-19 12:30:00,68.7,0.07,287.7
sensor_kamppi,2024-01-19 12:30:00,39.3,0.063,280.8
sensor_pasila,2024-01-19 12:30:00,57.2,0.088,283.6
sensor_kallio,2024-01-19 13:00:00,47.3,0.134,228.4
sensor_kamppi,2024-01-19 13:00:00,54.5,0.109,262.2
sensor_pasila,2024-01-19 13:00:00,52.4,0.097,206.5
sensor_kallio,2024-01-19 13:30:00,42.1,0.13,271.9
sensor_kamppi,2024-01-19 13:30:00,66.0,0.102,291.7
sensor_pasila,2024-01-19 13:30:00,51.7,0.131,248.6
sensor_kallio,2024-01-19 14:00:00,46.6,0.127,243.5
sensor_kamppi,2024-01-19 14:00:00,65.7,0.155,272.3
sensor_pasila,2024-01-19 14:00:00,57.4,0.084,267.5
sensor_kallio,2024-01-19 14:30:00,52.1,0.083,286.5
sensor_kamppi,2024-01-19 14:30:00,59.4,0.12,262.2
sensor_pasila,2024-01-19 14:30:00,42.9,0.113,265.4
sensor_kallio,2024-01-19 15:00:00,36.7,0.064,305.5
sensor_kamppi,2024-01-19 15:00:00,63.2,0.111,293.6
sensor_pasila,2024-01-19 15:00:00,42.6,0.07,290.8
sensor_kallio,2024-01-19 15:30:00,49.1,0.133,365.3
sensor_kamppi,2024-01-19 15:30:00,65.7,0.086,330.0
sensor_pasila,2024-01-19 15:30:00,48.5,0.152,321.5
sensor_kallio,2024-01-19 16:00:00,66.6,0.129,346.1
sensor_kamppi,2024-01-19 16:00:00,63.8,0.091,356.6
sensor_pasila,2024-01-19 16:00:00,59.7,0.13,415.4
sensor_kallio,2024-01-19 16:30:00,61.4,0.141,328.0
sensor_kamppi,2024-01-19 16:30:00,69.3,0.075,365.7
sensor_pasila,2024-01-19 16:30:00,72.7,0.061,358.7
sensor_kallio,2024-01-19 17:00:00,72.2,0.072,433.4
sensor_kamppi,2024-01-19 17:00:00,79.8,0.086,437.0
sensor_pasila,2024-01-19 17:00:00,57.3,0.082,419.3
sensor_kallio,2024-01-19 17:30:00,73.6,0.133,428.2
sensor_kamppi,2024-01-19 17:30:00,67.4,0.121,409.2
sensor_pasila,2024-01-19 17:30:00,59.7,0.127,420.0
sensor_kallio,2024-01-19 18:00:00,63.0,0.083,475.3
sensor_kamppi,2024-01-19 18:00:00,54.6,0.102,422.3
sensor_pasila,2024-01-19 18:00:00,63.6,0.134,444.5
sensor_kallio,2024-01-19 18:30:00,61.7,0.124,454.9
sensor_kamppi,2024-01-19 18:30:00,63.2,0.087,421.8
sensor_pasila,2024-01-19 18:30:00,54.4,0.147,422.1
sensor_kallio,2024-01-19 19:00:00,27.9,0.075,413.5
sensor_kamppi,2024-01-19 19:00:00,47.1,0.097,416.8
sensor_pasila,2024-01-19 19:00:00,32.0,0.07,458.8
sensor_kallio,2024-01-19 19:30:00,26.0,0.102,446.1
sensor_kamppi,2024-01-19 19:30:00,39.7,0.107,433.5
sensor_pasila,2024-01-19 19:30:00,24.3,0.099,426.4
sensor_kallio,2024-01-19 20:00:00,24.3,0.143,433.7
sensor_kamppi,2024-01-19 20:00:00,29.8,0.111,408.7
sensor_pasila,2024-01-19 20:00:00,24.1,0.087,426.0
sensor_kallio,2024-01-19 20:30:00,32.7,0.07,431.2
sensor_kamppi,2024-01-19 20:30:00,37.0,0.065,397.2
sensor_pasila,2024-01-19 20:30:00,31.4,0.07,423.8
sensor_kallio,2024-01-19 21:00:00,27.8,0.104,397.6
sensor_kamppi,2024-01-19 21:00:00,24.9,0.067,362.0
sensor_pasila,2024-01-19 21:00:00,29.4,0.09,343.7
sensor_kallio,2024-01-19 21:30:00,20.8,0.088,336.1
sensor_kamppi,2024-01-19 21:30:00,20.6,0.185,410.4
sensor_pasila,2024-01-19 21:30:00,43.5,0.091,340.0
sensor_kallio,2024-01-19 22:00:00,34.3,0.069,305.7
sensor_kamppi,2024-01-19 22:00:00,21.1,0.127,309.1
sensor_pasila,2024-01-19 22:00:00,32.0,0.082,307.2
sensor_kallio,2024-01-19 22:30:00,17.7,0.097,304.9
sensor_kamppi,2024-01-19 22:30:00,34.6,0.086,291.3
sensor_pasila,2024-01-19 22:30:00,30.8,0.144,308.3
sensor_kallio,2024-01-19 23:00:00,42.5,0.025,255.1
sensor_kamppi,2024-01-19 23:00:00,27.3,0.06,217.7
sensor_pasila,2024-01-19 23:00:00,30.2,0.07,256.4
sensor_kallio,2024-01-19 23:30:00,29.0,0.093,260.0
sensor_kamppi,2024-01-19 23:30:00,36.2,0.076,295.2
sensor_pasila,2024-01-19 23:30:00,36.1,0.053,254.9
sensor_kallio,2024-01-20 00:00:00,36.9,0.062,299.7
sensor_kamppi,2024-01-20 00:00:00,32.0,0.13,334.7
sensor_pasila,2024-01-20 00:00:00,29.7,0.116,317.8
sensor_kallio,2024-01-20 00:30:00,41.8,0.1,308.5
sensor_kamppi,2024-01-20 00:30:00,28.4,0.061,285.2
sensor_pasila,2024-01-20 00:30:00,17.0,0.144,350.4
sensor_kallio,2024-01-20 01:00:00,19.6,0.125,280.5
sensor_kamppi,2024-01-20 01:00:00,29.6,0.119,270.4
sensor_pasila,2024-01-20 01:00:00,44.9,0.127,256.7
sensor_kallio,2024-01-20 01:30:00,24.0,0.141,267.1
sensor_kamppi,2024-01-20 01:30:00,29.4,0.104,273.8
sensor_pasila,2024-01-20 01:30:00,37.4,0.072,226.4
sensor_kallio,2024-01-20 02:00:00,29.6,0.076,245.3
sensor_kamppi,2024-01-20 02:00:00,16.9,0.072,228.9
sensor_pasila,2024-01-20 02:00:00,38.3,0.067,253.4
sensor_kallio,2024-01-20 02:30:00,43.6,0.09,265.5
sensor_kamppi,2024-01-20 02:30:00,43.6,0.117,246.3
sensor_pasila,2024-01-20 02:30:00,28.3,0.139,261.8
sensor_kallio,2024-01-20 03:00:00,31.0,0.09,271.4
sensor_kamppi,2024-01-20 03:00:00,18.2,0.115,293.3
sensor_pasila,2024-01-20 03:00:00,32.7,0.075,264.2
sensor_kallio,2024-01-20 03:30:00,34.6,0.161,289.5
sensor_kamppi,2024-01-20 03:30:00,37.8,0.082,274.0
sensor_pasila,2024-01-20 03:30:00,35.1,0.065,263.9
sensor_kallio,2024-01-20 04:00:00,42.0,0.074,284.9
sensor_kamppi,2024-01-20 04:00:00,37.3,0.094,276.8
sensor_pasila,2024-01-20 04:00:00,44.8,0.141,352.9
sensor_kallio,2024-01-20 04:30:00,35.7,0.123,335.7
sensor_kamppi,2024-01-20 04:30:00,44.3,0.14,314.4
sensor_pasila,2024-01-20 04:30:00,36.5,0.12,321.0
sensor_kallio,2024-01-20 05:00:00,46.8,0.178,365.1
sensor_kamppi,2024-01-20 05:00:00,39.9,0.181,359.0
sensor_pasila,2024-01-20 05:00:00,37.9,0.174,319.3
sensor_kallio,2024-01-20 05:30:00,49.8,0.171,362.0
sensor_kamppi,2024-01-20 05:30:00,53.4,0.133,368.0
sensor_pasila,2024-01-20 05:30:00,34.8,0.108,370.9
sensor_kallio,2024-01-20 06:00:00,42.2,0.265,427.2
sensor_kamppi,2024-01-20 06:00:00,44.3,0.279,405.3
sensor_pasila,2024-01-20 06:00:00,52.6,0.331,409.6
sensor_kallio,2024-01-20 06:30:00,49.6,0.282,444.6
sensor_kamppi,2024-01-20 06:30:00,58.2,0.288,412.6
sensor_pasila,2024-01-20 06:30:00,49.7,0.328,428.8
sensor_kallio,2024-01-20 07:00:00,52.8,0.594,404.4
sensor_kamppi,2024-01-20 07:00:00,62.6,0.573,441.2
sensor_pasila,2024-01-20 07:00:00,47.9,0.615,427.8
sensor_kallio,2024-01-20 07:30:00,39.8,0.628,450.2
sensor_kamppi,2024-01-20 07:30:00,63.4,0.582,443.1
sensor_pasila,2024-01-20 07:30:00,52.5,0.553,405.4
sensor_kallio,2024-01-20 08:00:00,44.7,0.731,471.9
sensor_kamppi,2024-01-20 08:00:00,76.2,0.744,438.2
sensor_pasila,2024-01-20 08:00:00,48.9,0.743,443.2
sensor_kallio,2024-01-20 08:30:00,52.9,0.739,434.1
sensor_kamppi,2024-01-20 08:30:00,44.4,0.728,428.3
sensor_pasila,2024-01-20 08:30:00,53.9,0.765,425.8
sensor_kallio,2024-01-20 09:00:00,59.2,0.585,427.7
sensor_kamppi,2024-01-20 09:00:00,50.5,0.638,436.5
sensor_pasila,2024-01-20 09:00:00,56.0,0.627,395.7
sensor_kallio,2024-01-20 09:30:00,64.6,0.547,410.2
sensor_kamppi,2024-01-20 09:30:00,46.3,0.526,382.7
sensor_pasila,2024-01-20 09:30:00,50.2,0.598,401.2
sensor_kallio,2024-01-20 10:00:00,60.2,0.289,343.4
sensor_kamppi,2024-01-20 10:00:00,67.2,0.335,357.0
sensor_pasila,2024-01-20 10:00:00,45.5,0.266,351.6
sensor_kallio,2024-01-20 10:30:00,54.1,0.335,363.4
sensor_kamppi,2024-01-20 10:30:00,56.5,0.312,338.3
sensor_pasila,2024-01-20 10:30:00,59.2,0.345,372.4
sensor_kallio,2024-01-20 11:00:00,64.8,0.138,311.4
sensor_kamppi,2024-01-20 11:00:00,67.7,0.14,298.9
sensor_pasila,2024-01-20 11:00:00,62.9,0.141,295.1
sensor_kallio,2024-01-20 11:30:00,53.9,0.081,332.1
sensor_kamppi,2024-01-20 11:30:00,67.5,0.108,297.8
sensor_pasila,2024-01-20 11:30:00,63.3,0.174,304.6
sensor_kallio,2024-01-20 12:00:00,52.4,0.118,300.9
sensor_kamppi,2024-01-20 12:00:00,61.3,0.123,268.4
sensor_pasila,2024-01-20 12:00:00,61.3,0.123,250.5
sensor_kallio,2024-01-20 12:30:00,50.9,0.16,236.1
sensor_kamppi,2024-01-20 12:30:00,43.0,0.122,269.7
sensor_pasila,2024-01-20 12:30:00,47.9,0.02,265.8
sensor_kallio,2024-01-20 13:00:00,60.7,0.07,235.1
sensor_kamppi,2024-01-20 13:00:00,60.1,0.142,240.4
sensor_pasila,2024-01-20 13:00:00,50.7,0.055,258.0
sensor_kallio,2024-01-20 13:30:00,47.2,0.095,209.0
sensor_kamppi,2024-01-20 13:30:00,61.6,0.045,231.0
sensor_pasila,2024-01-20 13:30:00,51.2,0.04,225.7
sensor_kallio,2024-01-20 14:00:00,43.9,0.045,258.3
sensor_kamppi,2024-01-20 14:00:00,49.4,0.151,289.8
sensor_pasila,2024-01-20 14:00:00,38.2,0.094,255.2
sensor_kallio,2024-01-20 14:30:00,53.7,0.09,279.5
sensor_kamppi,2024-01-20 14:30:00,57.0,0.088,239.4
sensor_pasila,2024-01-20 14:30:00,48.4,0.119,283.8
sensor_kallio,2024-01-20 15:00:00,46.7,0.12,309.2
sensor_kamppi,2024-01-20 15:00:00,35.1,0.105,327.9
sensor_pasila,2024-01-20 15:00:00,54.6,0.082,313.7
sensor_kallio,2024-01-20 15:30:00,46.3,0.06,317.6
sensor_kamppi,2024-01-20 15:30:00,38.6,0.102,297.8
sensor_pasila,2024-01-20 15:30:00,45.0,0.098,312.8
sensor_kallio,2024-01-20 16:00:00,48.6,0.088,356.3
sensor_kamppi,2024-01-20 16:00:00,48.8,0.087,362.4
sensor_pasila,2024-01-20 16:00:00,42.2,0.098,378.4
sensor_kallio,2024-01-20 16:30:00,50.8,0.125,386.2
sensor_kamppi,2024-01-20 16:30:00,46.6,0.13,355.5
sensor_pasila,2024-01-20 16:30:00,50.1,0.123,395.2
sensor_kallio,2024-01-20 17:00:00,47.8,0.12,414.9
sensor_kamppi,2024-01-20 17:00:00,37.0,0.081,425.6
sensor_pasila,2024-01-20 17:00:00,35.6,0.147,412.7
sensor_kallio,2024-01-20 17:30:00,46.3,0.129,413.6
sensor_kamppi,2024-01-20 17:30:00,41.2,0.036,415.7
sensor_pasila,2024-01-20 17:30:00,44.8,0.056,412.4
sensor_kallio,2024-01-20 18:00:00,38.2,0.131,402.2
sensor_kamppi,2024-01-20 18:00:00,33.3,0.094,419.0
sensor_pasila,2024-01-20 18:00:00,39.8,0.038,391.0
sensor_kallio,2024-01-20 18:30:00,38.7,0.116,419.8
sensor_kamppi,2024-01-20 18:30:00,42.6,0.109,447.8
sensor_pasila,2024-01-20 18:30:00,39.3,0.049,436.3
sensor_kallio,2024-01-20 19:00:00,36.9,0.145,406.4
sensor_kamppi,2024-01-20 19:00:00,58.9,0.097,415.0
sensor_pasila,2024-01-20 19:00:00,34.6,0.134,437.3
sensor_kallio,2024-01-20 19:30:00,30.7,0.121,455.9
sensor_kamppi,2024-01-20 19:30:00,36.1,0.151,478.5
sensor_pasila,2024-01-20 19:30:00,23.9,0.101,473.4
sensor_kallio,2024-01-20 20:00:00,37.0,0.145,420.0
sensor_kamppi,2024-01-20 20:00:00,19.1,0.081,408.4
sensor_pasila,2024-01-20 20:00:00,40.2,0.098,399.0
sensor_kallio,2024-01-20 20:30:00,29.7,0.106,412.7
sensor_kamppi,2024-01-20 20:30:00,56.5,0.096,383.8
sensor_pasila,2024-01-20 20:30:00,36.6,0.108,412.1
sensor_kallio,2024-01-20 21:00:00,26.6,0.114,352.2
sensor_kamppi,2024-01-20 21:00:00,26.2,0.082,381.5
sensor_pasila,2024-01-20 21:00:00,24.4,0.097,356.7
sensor_kallio,2024-01-20 21:30:00,36.8,0.095,380.2
sensor_kamppi,2024-01-20 21:30:00,24.0,0.113,367.5
sensor_pasila,2024-01-20 21:30:00,32.0,0.147,372.6
sensor_kallio,2024-01-20 22:00:00,32.3,0.133,318.9
sensor_kamppi,2024-01-20 22:00:00,27.9,0.129,355.9
sensor_pasila,2024-01-20 22:00:00,27.6,0.119,313.9
sensor_kallio,2024-01-20 22:30:00,31.1,0.043,298.5
sensor_kamppi,2024-01-20 22:30:00,22.4,0.143,288.8
sensor_pasila,2024-01-20 22:30:00,37.1,0.072,307.7
sensor_kallio,2024-01-20 23:00:00,27.2,0.083,241.3
sensor_kamppi,2024-01-20 23:00:00,43.9,0.134,296.5
sensor_pasila,2024-01-20 23:00:00,34.8,0.127,297.3
sensor_kallio,2024-01-20 23:30:00,24.7,0.117,301.5
sensor_kamppi,2024-01-20 23:30:00,33.5,0.095,254.9
sensor_pasila,2024-01-20 23:30:00,28.7,0.086,212.7
sensor_kallio,2024-01-21 00:00:00,33.7,0.146,323.8
sensor_kamppi,2024-01-21 00:00:00,32.2,0.078,306.4
sensor_pasila,2024-01-21 00:00:00,37.4,0.059,356.5
sensor_kallio,2024-01-21 00:30:00,19.9,0.126,297.8
sensor_kamppi,2024-01-21 00:30:00,25.9,0.035,330.2
sensor_pasila,2024-01-21 00:30:00,32.6,0.132,301.3
sensor_kallio,2024-01-21 01:00:00,41.0,0.106,269.0
sensor_kamppi,2024-01-21 01:00:00,26.6,0.137,279.7
sensor_pasila,2024-01-21 01:00:00,33.7,0.056,271.3
sensor_kallio,2024-01-21 01:30:00,24.6,0.076,235.4
sensor_kamppi,2024-01-21 01:30:00,37.5,0.097,272.5
sensor_pasila,2024-01-21 01:30:00,26.7,0.106,252.5
sensor_kallio,2024-01-21 02:00:00,32.9,0.119,265.5
sensor_kamppi,2024-01-21 02:00:00,39.4,0.08,219.2
sensor_pasila,2024-01-21 02:00:00,34.9,0.068,251.6
sensor_kallio,2024-01-21 02:30:00,25.3,0.093,271.3
sensor_kamppi,2024-01-21 02:30:00,30.2,0.063,260.9
sensor_pasila,2024-01-21 02:30:00,34.9,0.101,263.6
sensor_kallio,2024-01-21 03:00:00,44.7,0.15,286.7
sensor_kamppi,2024-01-21 03:00:00,32.5,0.111,244.7
sensor_pasila,2024-01-21 03:00:00,36.1,0.156,271.4
sensor_kallio,2024-01-21 03:30:00,35.9,0.077,294.8
sensor_kamppi,2024-01-21 03:30:00,33.2,0.11,265.5
sensor_pasila,2024-01-21 03:30:00,29.9,0.095,252.3
sensor_kallio,2024-01-21 04:00:00,34.2,0.089,345.6
sensor_kamppi,2024-01-21 04:00:00,45.4,0.115,298.6
sensor_pasila,2024-01-21 04:00:00,41.9,0.102,335.6
sensor_kallio,2024-01-21 04:30:00,37.4,0.157,306.6
sensor_kamppi,2024-01-21 04:30:00,39.8,0.092,310.7
sensor_pasila,2024-01-21 04:30:00,34.0,0.071,277.9
sensor_kallio,2024-01-21 05:00:00,36.1,0.117,367.7
sensor_kamppi,2024-01-21 05:00:00,35.6,0.141,388.2
sensor_pasila,2024-01-21 05:00:00,45.0,0.098,370.1
sensor_kallio,2024-01-21 05:30:00,46.2,0.141,343.0
sensor_kamppi,2024-01-21 05:30:00,45.6,0.138,367.3
sensor_pasila,2024-01-21 05:30:00,44.9,0.158,352.1
sensor_kallio,2024-01-21 06:00:00,33.8,0.302,406.1
sensor_kamppi,2024-01-21 06:00:00,43.5,0.309,419.3
sensor_pasila,2024-01-21 06:00:00,39.7,0.324,415.6
sensor_kallio,2024-01-21 06:30:00,46.3,0.301,452.4
sensor_kamppi,2024-01-21 06:30:00,49.6,0.296,376.8
sensor_pasila,2024-01-21 06:30:00,43.8,0.314,383.2
sensor_kallio,2024-01-21 07:00:00,47.0,0.588,452.0
sensor_kamppi,2024-01-21 07:00:00,32.9,0.578,431.6
sensor_pasila,2024-01-21 07:00:00,48.0,0.596,453.9
sensor_kallio,2024-01-21 07:30:00,55.7,0.661,440.7
sensor_kamppi,2024-01-21 07:30:00,52.6,0.58,434.7
sensor_pasila,2024-01-21 07:30:00,43.5,0.578,423.3
sensor_kallio,2024-01-21 08:00:00,41.5,0.755,425.1
sensor_kamppi,2024-01-21 08:00:00,52.5,0.741,446.4
sensor_pasila,2024-01-21 08:00:00,57.7,0.766,429.2
sensor_kallio,2024-01-21 08:30:00,47.9,0.756,428.0
sensor_kamppi,2024-01-21 08:30:00,47.0,0.784,442.0
sensor_pasila,2024-01-21 08:30:00,48.1,0.756,434.0
sensor_kallio,2024-01-21 09:00:00,48.8,0.591,400.6
sensor_kamppi,2024-01-21 09:00:00,46.5,0.605,395.0
sensor_pasila,2024-01-21 09:00:00,59.3,0.546,417.9
sensor_kallio,2024-01-21 09:30:00,55.2,0.594,414.5
sensor_kamppi,2024-01-21 09:30:00,61.4,0.576,401.1
sensor_pasila,2024-01-21 09:30:00,50.7,0.643,387.8
sensor_kallio,2024-01-21 10:00:00,61.1,0.274,372.7
sensor_kamppi,2024-01-21 10:00:00,64.7,0.262,344.3
sensor_pasila,2024-01-21 10:00:00,57.9,0.335,350.2
sensor_kallio,2024-01-21 10:30:00,65.8,0.291,369.6
sensor_kamppi,2024-01-21 10:30:00,66.3,0.277,395.2
sensor_pasila,2024-01-21 10:30:00,49.9,0.296,354.2
sensor_kallio,2024-01-21 11:00:00,70.3,0.146,328.6
sensor_kamppi,2024-01-21 11:00:00,65.7,0.133,329.2
sensor_pasila,2024-01-21 11:00:00,52.4,0.094,303.8
sensor_kallio,2024-01-21 11:30:00,54.4,0.078,287.4
sensor_kamppi,2024-01-21 11:30:00,53.2,0.158,323.9
sensor_pasila,2024-01-21 11:30:00,53.9,0.126,322.8
sensor_kallio,2024-01-21 12:00:00,44.0,0.127,242.0
sensor_kamppi,2024-01-21 12:00:00,62.7,0.079,303.6
sensor_pasila,2024-01-21 12:00:00,51.5,0.087,252.0
sensor_kallio,2024-01-21 12:30:00,57.6,0.07,267.3
sensor_kamppi,2024-01-21 12:30:00,57.9,0.079,254.2
sensor_pasila,2024-01-21 12:30:00,51.0,0.065,258.0
sensor_kallio,2024-01-21 13:00:00,52.3,0.054,258.1
sensor_kamppi,2024-01-21 13:00:00,53.1,0.106,257.9
sensor_pasila,2024-01-21 13:00:00,40.7,0.073,264.2
sensor_kallio,2024-01-21 13:30:00,51.2,0.066,289.5
sensor_kamppi,2024-01-21 13:30:00,64.8,0.059,254.9
sensor_pasila,2024-01-21 13:30:00,55.1,0.149,215.4
sensor_kallio,2024-01-21 14:00:00,54.9,0.088,275.6
sensor_kamppi,2024-01-21 14:00:00,47.5,0.15,311.4
sensor_pasila,2024-01-21 14:00:00,49.1,0.072,323.5
sensor_kallio,2024-01-21 14:30:00,53.5,0.068,294.9
sensor_kamppi,2024-01-21 14:30:00,48.4,0.09,293.6
sensor_pasila,2024-01-21 14:30:00,41.9,0.128,276.0
sensor_kallio,2024-01-21 15:00:00,50.5,0.106,277.9
sensor_kamppi,2024-01-21 15:00:00,40.3,0.111,321.5
sensor_pasila,2024-01-21 15:00:00,47.7,0.05,305.8
sensor_kallio,2024-01-21 15:30:00,42.4,0.077,320.8
sensor_kamppi,2024-01-21 15:30:00,51.0,0.055,308.5
sensor_pasila,2024-01-21 15:30:00,50.8,0.106,307.7
sensor_kallio,2024-01-21 16:00:00,45.2,0.065,399.7
sensor_kamppi,2024-01-21 16:00:00,46.4,0.074,325.0
sensor_pasila,2024-01-21 16:00:00,36.2,0.081,382.6
sensor_kallio,2024-01-21 16:30:00,41.1,0.092,341.6
sensor_kamppi,2024-01-21 16:30:00,60.0,0.167,307.2
sensor_pasila,2024-01-21 16:30:00,43.2,0.115,371.7
sensor_kallio,2024-01-21 17:00:00,38.4,0.086,422.0
sensor_kamppi,2024-01-21 17:00:00,57.1,0.046,394.6
sensor_pasila,2024-01-21 17:00:00,44.3,0.069,397.5
sensor_kallio,2024-01-21 17:30:00,51.3,0.108,398.0
sensor_kamppi,2024-01-21 17:30:00,46.7,0.059,411.9
sensor_pasila,2024-01-21 17:30:00,44.3,0.136,421.4
sensor_kallio,2024-01-21 18:00:00,39.8,0.094,431.3
sensor_kamppi,2024-01-21 18:00:00,51.1,0.137,447.1
sensor_pasila,2024-01-21 18:00:00,39.1,0.074,409.3
sensor_kallio,2024-01-21 18:30:00,35.7,0.123,439.5
sensor_kamppi,2024-01-21 18:30:00,51.7,0.094,403.8
sensor_pasila,2024-01-21 18:30:00,35.4,0.125,441.2
sensor_kallio,2024-01-21 19:00:00,36.9,0.099,426.2
sensor_kamppi,2024-01-21 19:00:00,42.4,0.084,444.2
sensor_pasila,2024-01-21 19:00:00,36.1,0.052,467.0
sensor_kallio,2024-01-21 19:30:00,34.2,0.125,448.1
sensor_kamppi,2024-01-21 19:30:00,35.8,0.086,440.3
sensor_pasila,2024-01-21 19:30:00,33.3,0.075,426.1
sensor_kallio,2024-01-21 20:00:00,21.8,0.07,405.7
sensor_kamppi,2024-01-21 20:00:00,39.1,0.039,418.2
sensor_pasila,2024-01-21 20:00:00,40.1,0.126,435.7
sensor_kallio,2024-01-21 20:30:00,25.1,0.071,380.4
sensor_kamppi,2024-01-21 20:30:00,47.2,0.165,376.5
sensor_pasila,2024-01-21 20:30:00,32.7,0.06,371.0
sensor_kallio,2024-01-21 21:00:00,24.9,0.144,351.9
sensor_kamppi,2024-01-21 21:00:00,39.6,0.12,345.2
sensor_pasila,2024-01-21 21:00:00,38.3,0.067,351.5
sensor_kallio,2024-01-21 21:30:00,34.7,0.091,356.9
sensor_kamppi,2024-01-21 21:30:00,39.7,0.134,325.8
sensor_pasila,2024-01-21 21:30:00,31.7,0.138,393.5
sensor_kallio,2024-01-21 22:00:00,12.8,0.077,312.9
sensor_kamppi,2024-01-21 22:00:00,26.2,0.122,320.9
sensor_pasila,2024-01-21 22:00:00,33.1,0.093,307.6
sensor_kallio,2024-01-21 22:30:00,36.9,0.116,317.9
sensor_kamppi,2024-01-21 22:30:00,31.5,0.077,296.0
sensor_pasila,2024-01-21 22:30:00,31.1,0.131,290.9
sensor_kallio,2024-01-21 23:00:00,32.3,0.112,267.3
sensor_kamppi,2024-01-21 23:00:00,28.8,0.119,256.8
sensor_pasila,2024-01-21 23:00:00,36.9,0.048,285.6
sensor_kallio,2024-01-21 23:30:00,34.8,0.141,231.6
sensor_kamppi,2024-01-21 23:30:00,19.4,0.132,256.8
sensor_pasila,2024-01-21 23:30:00,29.9,0.132,251.1
sensor_kallio,2024-01-22 00:00:00,23.1,0.07,310.4
sensor_kamppi,2024-01-22 00:00:00,22.9,0.102,308.9
sensor_pasila,2024-01-22 00:00:00,32.9,0.08,322.2
sensor_kallio,2024-01-22 00:30:00,36.3,0.127,320.0
sensor_kamppi,2024-01-22 00:30:00,26.1,0.103,283.2
sensor_pasila,2024-01-22 00:30:00,31.9,0.127,298.1
sensor_kallio,2024-01-22 01:00:00,41.4,0.125,311.7
sensor_kamppi,2024-01-22 01:00:00,20.4,0.102,259.2
sensor_pasila,2024-01-22 01:00:00,29.5,0.123,295.5
sensor_kallio,2024-01-22 01:30:00,31.4,0.09,250.7
sensor_kamppi,2024-01-22 01:30:00,31.1,0.108,285.0
sensor_pasila,2024-01-22 01:30:00,36.3,0.083,258.9
sensor_kallio,2024-01-22 02:00:00,42.8,0.108,223.7
sensor_kamppi,2024-01-22 02:00:00,49.6,0.08,274.2
sensor_pasila,2024-01-22 02:00:00,31.9,0.102,291.4
sensor_kallio,2024-01-22 02:30:00,20.8,0.09,243.5
sensor_kamppi,2024-01-22 02:30:00,30.8,0.091,276.5
sensor_pasila,2024-01-22 02:30:00,35.7,0.086,288.1
sensor_kallio,2024-01-22 03:00:00,41.9,0.074,264.9
sensor_kamppi,2024-01-22 03:00:00,29.2,0.107,264.7
sensor_pasila,2024-01-22 03:00:00,39.7,0.084,272.7
sensor_kallio,2024-01-22 03:30:00,31.8,0.082,289.4
sensor_kamppi,2024-01-22 03:30:00,20.9,0.107,288.9
sensor_pasila,2024-01-22 03:30:00,42.5,0.072,296.8
sensor_kallio,2024-01-22 04:00:00,38.1,0.108,316.8
sensor_kamppi,2024-01-22 04:00:00,25.7,0.145,325.1
sensor_pasila,2024-01-22 04:00:00,35.6,0.088,358.3
sensor_kallio,2024-01-22 04:30:00,37.5,0.104,278.6
sensor_kamppi,2024-01-22 04:30:00,36.6,0.121,300.3
sensor_pasila,2024-01-22 04:30:00,39.6,0.115,303.8
sensor_kallio,2024-01-22 05:00:00,49.0,0.14,360.2
sensor_kamppi,2024-01-22 05:00:00,41.9,0.091,373.5
sensor_pasila,2024-01-22 05:00:00,45.8,0.169,370.8
sensor_kallio,2024-01-22 05:30:00,41.4,0.162,416.5
sensor_kamppi,2024-01-22 05:30:00,31.0,0.163,371.7
sensor_pasila,2024-01-22 05:30:00,46.2,0.103,402.2
sensor_kallio,2024-01-22 06:00:00,54.1,0.292,445.1
sensor_kamppi,2024-01-22 06:00:00,46.8,0.363,412.9
sensor_pasila,2024-01-22 06:00:00,35.0,0.298,399.5
sensor_kallio,2024-01-22 06:30:00,35.5,0.269,414.2
sensor_kamppi,2024-01-22 06:30:00,37.6,0.329,374.9
sensor_pasila,2024-01-22 06:30:00,43.9,0.313,416.7
sensor_kallio,2024-01-22 07:00:00,69.1,0.592,415.6
sensor_kamppi,2024-01-22 07:00:00,66.0,0.541,462.5
sensor_pasila,2024-01-22 07:00:00,71.0,0.554,430.5
sensor_kallio,2024-01-22 07:30:00,82.5,0.636,418.4
sensor_kamppi,2024-01-22 07:30:00,91.1,0.582,459.3
sensor_pasila,2024-01-22 07:30:00,77.4,0.561,422.6
sensor_kallio,2024-01-22 08:00:00,63.8,0.751,444.5
sensor_kamppi,2024-01-22 08:00:00,73.5,0.713,445.4
sensor_pasila,2024-01-22 08:00:00,79.5,0.755,423.8
sensor_kallio,2024-01-22 08:30:00,77.9,0.722,441.8
sensor_kamppi,2024-01-22 08:30:00,79.3,0.782,473.5
sensor_pasila,2024-01-22 08:30:00,84.7,0.777,425.7
sensor_kallio,2024-01-22 09:00:00,82.1,0.541,408.5
sensor_kamppi,2024-01-22 09:00:00,76.2,0.568,418.7
sensor_pasila,2024-01-22 09:00:00,75.2,0.644,405.1
sensor_kallio,2024-01-22 09:30:00,90.7,0.592,388.7
sensor_kamppi,2024-01-22 09:30:00,78.5,0.648,405.6
sensor_pasila,2024-01-22 09:30:00,77.8,0.6,424.5
sensor_kallio,2024-01-22 10:00:00,58.9,0.248,347.3
sensor_kamppi,2024-01-22 10:00:00,48.3,0.39,346.0
sensor_pasila,2024-01-22 10:00:00,54.3,0.38,372.1
sensor_kallio,2024-01-22 10:30:00,63.0,0.325,330.3
sensor_kamppi,2024-01-22 10:30:00,49.0,0.292,325.9
sensor_pasila,2024-01-22 10:30:00,43.2,0.329,400.4
sensor_kallio,2024-01-22 11:00:00,46.5,0.142,340.3
sensor_kamppi,2024-01-22 11:00:00,64.5,0.103,310.4
sensor_pasila,2024-01-22 11:00:00,56.1,0.089,300.4
sensor_kallio,2024-01-22 11:30:00,50.1,0.076,295.3
sensor_kamppi,2024-01-22 11:30:00,55.3,0.158,285.2
sensor_pasila,2024-01-22 11:30:00,56.7,0.139,308.6
sensor_kallio,2024-01-22 12:00:00,49.4,0.041,289.7
sensor_kamppi,2024-01-22 12:00:00,58.3,0.105,261.9
sensor_pasila,2024-01-22 12:00:00,46.8,0.118,263.1
sensor_kallio,2024-01-22 12:30:00,57.6,0.126,262.4
sensor_kamppi,2024-01-22 12:30:00,46.3,0.101,279.0
sensor_pasila,2024-01-22 12:30:00,45.0,0.111,243.3
sensor_kallio,2024-01-22 13:00:00,49.8,0.17,238.1
sensor_kamppi,2024-01-22 13:00:00,42.2,0.088,253.5
sensor_pasila,2024-01-22 13:00:00,45.9,0.111,270.7
sensor_kallio,2024-01-22 13:30:00,55.9,0.111,252.6
sensor_kamppi,2024-01-22 13:30:00,42.9,0.101,268.5
sensor_pasila,2024-01-22 13:30:00,48.2,0.094,258.2
sensor_kallio,2024-01-22 14:00:00,66.3,0.134,299.5
sensor_kamppi,2024-01-22 14:00:00,57.5,0.082,284.7
sensor_pasila,2024-01-22 14:00:00,58.1,0.07,273.7
sensor_kallio,2024-01-22 14:30:00,51.4,0.117,295.8
sensor_kamppi,2024-01-22 14:30:00,48.5,0.095,335.4
sensor_pasila,2024-01-22 14:30:00,48.1,0.059,275.2
sensor_kallio,2024-01-22 15:00:00,44.1,0.095,308.8
sensor_kamppi,2024-01-22 15:00:00,25.2,0.103,315.8
sensor_pasila,2024-01-22 15:00:00,53.9,0.105,334.3
sensor_kallio,2024-01-22 15:30:00,59.5,0.116,320.4
sensor_kamppi,2024-01-22 15:30:00,44.7,0.119,304.6
sensor_pasila,2024-01-22 15:30:00,36.3,0.096,334.0
sensor_kallio,2024-01-22 16:00:00,76.3,0.092,346.1
sensor_kamppi,2024-01-22 16:00:00,67.5,0.099,338.6
sensor_pasila,2024-01-22 16:00:00,65.1,0.098,366.3
sensor_kallio,2024-01-22 16:30:00,74.1,0.076,323.4
sensor_kamppi,2024-01-22 16:30:00,68.2,0.129,332.4
sensor_pasila,2024-01-22 16:30:00,65.8,0.08,394.9
sensor_kallio,2024-01-22 17:00:00,74.8,0.09,424.2
sensor_kamppi,2024-01-22 17:00:00,60.0,0.099,371.8
sensor_pasila,2024-01-22 17:00:00,62.1,0.071,385.2
sensor_kallio,2024-01-22 17:30:00,70.9,0.07,428.7
sensor_kamppi,2024-01-22 17:30:00,72.6,0.107,432.0
sensor_pasila,2024-01-22 17:30:00,68.3,0.079,399.9
sensor_kallio,2024-01-22 18:00:00,68.6,0.062,454.5
sensor_kamppi,2024-01-22 18:00:00,61.9,0.119,438.7
sensor_pasila,2024-01-22 18:00:00,60.0,0.148,431.4
sensor_kallio,2024-01-22 18:30:00,66.0,0.084,420.2
sensor_kamppi,2024-01-22 18:30:00,64.8,0.085,435.1
sensor_pasila,2024-01-22 18:30:00,64.6,0.084,456.0
sensor_kallio,2024-01-22 19:00:00,40.2,0.038,418.0
sensor_kamppi,2024-01-22 19:00:00,32.3,0.071,421.7
sensor_pasila,2024-01-22 19:00:00,39.2,0.115,404.0
sensor_kallio,2024-01-22 19:30:00,26.9,0.108,430.2
sensor_kamppi,2024-01-22 19:30:00,44.2,0.08,437.0
sensor_pasila,2024-01-22 19:30:00,31.6,0.092,448.3
sensor_kallio,2024-01-22 20:00:00,36.2,0.067,429.5
sensor_kamppi,2024-01-22 20:00:00,32.9,0.113,417.2
sensor_pasila,2024-01-22 20:00:00,31.2,0.126,394.1
sensor_kallio,2024-01-22 20:30:00,30.9,0.063,377.7
sensor_kamppi,2024-01-22 20:30:00,55.5,0.095,400.4
sensor_pasila,2024-01-22 20:30:00,42.9,0.048,433.0
sensor_kallio,2024-01-22 21:00:00,33.3,0.096,357.3
sensor_kamppi,2024-01-22 21:00:00,28.6,0.145,382.2
sensor_pasila,2024-01-22 21:00:00,30.9,0.076,362.4
sensor_kallio,2024-01-22 21:30:00,24.5,0.076,355.9
sensor_kamppi,2024-01-22 21:30:00,24.0,0.081,354.7
sensor_pasila,2024-01-22 21:30:00,26.4,0.146,319.4
sensor_kallio,2024-01-22 22:00:00,35.3,0.12,307.6
sensor_kamppi,2024-01-22 22:00:00,28.8,0.104,312.1
sensor_pasila,2024-01-22 22:00:00,33.9,0.116,303.0
sensor_kallio,2024-01-22 22:30:00,23.5,0.109,322.6
sensor_kamppi,2024-01-22 22:30:00,38.3,0.083,360.7
sensor_pasila,2024-01-22 22:30:00,21.8,0.155,295.0
sensor_kallio,2024-01-22 23:00:00,29.3,0.152,309.7
sensor_kamppi,2024-01-22 23:00:00,45.6,0.124,280.6
sensor_pasila,2024-01-22 23:00:00,23.1,0.064,270.9
sensor_kallio,2024-01-22 23:30:00,34.2,0.122,289.4
sensor_kamppi,2024-01-22 23:30:00,44.0,0.143,273.2
sensor_pasila,2024-01-22 23:30:00,19.5,0.13,268.0
sensor_kallio,2024-01-23 00:00:00,27.0,0.105,285.3
sensor_kamppi,2024-01-23 00:00:00,28.1,0.057,264.8
sensor_pasila,2024-01-23 00:00:00,26.9,0.144,313.6
sensor_kallio,2024-01-23 00:30:00,35.8,0.096,319.2
sensor_kamppi,2024-01-23 00:30:00,11.5,0.078,293.6
sensor_pasila,2024-01-23 00:30:00,23.5,0.103,319.0
sensor_kallio,2024-01-23 01:00:00,34.0,0.098,286.4
sensor_kamppi,2024-01-23 01:00:00,32.2,0.108,260.7
sensor_pasila,2024-01-23 01:00:00,34.3,0.113,251.8
sensor_kallio,2024-01-23 01:30:00,27.0,0.132,246.2
sensor_kamppi,2024-01-23 01:30:00,27.4,0.131,285.9
sensor_pasila,2024-01-23 01:30:00,36.5,0.118,265.2
sensor_kallio,2024-01-23 02:00:00,21.1,0.162,274.2
sensor_kamppi,2024-01-23 02:00:00,24.7,0.104,245.3
sensor_pasila,2024-01-23 02:00:00,33.0,0.118,243.8
sensor_kallio,2024-01-23 02:30:00,46.7,0.09,248.9
sensor_kamppi,2024-01-23 02:30:00,45.3,0.065,260.5
sensor_pasila,2024-01-23 02:30:00,44.1,0.103,262.4
sensor_kallio,2024-01-23 03:00:00,32.0,0.072,268.0
sensor_kamppi,2024-01-23 03:00:00,58.8,0.128,283.2
sensor_pasila,2024-01-23 03:00:00,39.5,0.129,265.8
sensor_kallio,2024-01-23 03:30:00,35.9,0.098,281.4
sensor_kamppi,2024-01-23 03:30:00,26.3,0.061,257.7
sensor_pasila,2024-01-23 03:30:00,38.0,0.067,287.9
sensor_kallio,2024-01-23 04:00:00,30.9,0.099,283.6
sensor_kamppi,2024-01-23 04:00:00,45.0,0.06,271.0
sensor_pasila,2024-01-23 04:00:00,39.2,0.115,326.5
sensor_kallio,2024-01-23 04:30:00,40.1,0.118,314.9
sensor_kamppi,2024-01-23 04:30:00,40.9,0.147,306.9
sensor_pasila,2024-01-23 04:30:00,34.0,0.145,330.5
sensor_kallio,2024-01-23 05:00:00,46.0,0.129,371.6
sensor_kamppi,2024-01-23 05:00:00,58.9,0.131,375.4
sensor_pasila,2024-01-23 05:00:00,35.3,0.118,381.6
sensor_kallio,2024-01-23 05:30:00,46.6,0.135,340.3
sensor_kamppi,2024-01-23 05:30:00,34.6,0.207,363.2
sensor_pasila,2024-01-23 05:30:00,46.3,0.163,367.4
sensor_kallio,2024-01-23 06:00:00,48.2,0.289,431.2
sensor_kamppi,2024-01-23 06:00:00,46.0,0.29,419.4
sensor_pasila,2024-01-23 06:00:00,44.9,0.311,391.7
sensor_kallio,2024-01-23 06:30:00,32.7,0.233,379.2
sensor_kamppi,2024-01-23 06:30:00,35.1,0.282,408.7
sensor_pasila,2024-01-23 06:30:00,47.5,0.315,385.1
sensor_kallio,2024-01-23 07:00:00,86.3,0.58,424.4
sensor_kamppi,2024-01-23 07:00:00,72.0,0.592,443.4
sensor_pasila,2024-01-23 07:00:00,70.3,0.63,405.2
sensor_kallio,2024-01-23 07:30:00,76.3,0.607,435.3
sensor_kamppi,2024-01-23 07:30:00,63.5,0.586,454.9
sensor_pasila,2024-01-23 07:30:00,73.4,0.568,395.5
sensor_kallio,2024-01-23 08:00:00,77.6,0.692,458.3
sensor_kamppi,2024-01-23 08:00:00,67.7,0.785,456.1
sensor_pasila,2024-01-23 08:00:00,75.3,0.744,475.4
sensor_kallio,2024-01-23 08:30:00,73.6,0.741,427.0
sensor_kamppi,2024-01-23 08:30:00,68.0,0.75,433.3
sensor_pasila,2024-01-23 08:30:00,62.0,0.719,461.8
sensor_kallio,2024-01-23 09:00:00,83.4,0.654,375.2
sensor_kamppi,2024-01-23 09:00:00,57.5,0.616,387.6
sensor_pasila,2024-01-23 09:00:00,81.8,0.564,432.2
sensor_kallio,2024-01-23 09:30:00,75.2,0.579,438.6
sensor_kamppi,2024-01-23 09:30:00,85.0,0.564,353.1
sensor_pasila,2024-01-23 09:30:00,85.3,0.58,414.0
sensor_kallio,2024-01-23 10:00:00,47.2,0.296,345.7
sensor_kamppi,2024-01-23 10:00:00,46.7,0.223,376.6
sensor_pasila,2024-01-23 10:00:00,54.7,0.275,385.0
sensor_kallio,2024-01-23 10:30:00,52.0,0.286,341.4
sensor_kamppi,2024-01-23 10:30:00,68.9,0.362,340.9
sensor_pasila,2024-01-23 10:30:00,48.4,0.291,377.5
sensor_kallio,2024-01-23 11:00:00,54.4,0.14,327.0
sensor_kamppi,2024-01-23 11:00:00,56.1,0.137,307.5
sensor_pasila,2024-01-23 11:00:00,52.2,0.175,310.8
sensor_kallio,2024-01-23 11:30:00,53.8,0.145,329.8
sensor_kamppi,2024-01-23 11:30:00,49.9,0.203,293.8
sensor_pasila,2024-01-23 11:30:00,46.6,0.152,318.2
sensor_kallio,2024-01-23 12:00:00,50.6,0.204,281.2
sensor_kamppi,2024-01-23 12:00:00,66.1,0.124,279.3
sensor_pasila,2024-01-23 12:00:00,49.0,0.11,283.2
sensor_kallio,2024-01-23 12:30:00,44.4,0.036,296.9
sensor_kamppi,2024-01-23 12:30:00,59.9,0.119,266.9
sensor_pasila,2024-01-23 12:30:00,57.7,0.064,260.7
sensor_kallio,2024-01-23 13:00:00,48.3,0.136,252.6
sensor_kamppi,2024-01-23 13:00:00,46.3,0.125,277.1
sensor_pasila,2024-01-23 13:00:00,51.7,0.112,232.3
sensor_kallio,2024-01-23 13:30:00,48.4,0.072,252.5
sensor_kamppi,2024-01-23 13:30:00,60.0,0.078,271.9
sensor_pasila,2024-01-23 13:30:00,56.5,0.073,301.1
sensor_kallio,2024-01-23 14:00:00,48.7,0.067,253.7
sensor_kamppi,2024-01-23 14:00:00,55.1,0.094,275.0
sensor_pasila,2024-01-23 14:00:00,38.8,0.073,242.9
sensor_kallio,2024-01-23 14:30:00,56.1,0.081,261.2
sensor_kamppi,2024-01-23 14:30:00,51.0,0.136,289.9
sensor_pasila,2024-01-23 14:30:00,55.0,0.077,265.8
sensor_kallio,2024-01-23 15:00:00,48.2,0.07,309.4
sensor_kamppi,2024-01-23 15:00:00,48.6,0.122,273.0
sensor_pasila,2024-01-23 15:00:00,46.4,0.102,346.6
sensor_kallio,2024-01-23 15:30:00,52.4,0.084,296.6
sensor_kamppi,2024-01-23 15:30:00,54.8,0.114,293.4
sensor_pasila,2024-01-23 15:30:00,48.5,0.146,323.5
sensor_kallio,2024-01-23 16:00:00,64.9,0.056,374.8
sensor_kamppi,2024-01-23 16:00:00,72.3,0.13,387.8
sensor_pasila,2024-01-23 16:00:00,66.6,0.101,344.3
sensor_kallio,2024-01-23 16:30:00,57.9,0.092,378.3
sensor_kamppi,2024-01-23 16:30:00,71.2,0.1,331.6
sensor_pasila,2024-01-23 16:30:00,70.8,0.1,362.1
sensor_kallio,2024-01-23 17:00:00,64.2,0.091,419.7
sensor_kamppi,2024-01-23 17:00:00,70.9,0.044,414.8
sensor_pasila,2024-01-23 17:00:00,65.4,0.104,423.3
sensor_kallio,2024-01-23 17:30:00,71.9,0.155,404.6
sensor_kamppi,2024-01-23 17:30:00,73.9,0.068,421.8
sensor_pasila,2024-01-23 17:30:00,60.2,0.126,387.2
sensor_kallio,2024-01-23 18:00:00,54.8,0.118,451.0
sensor_kamppi,2024-01-23 18:00:00,80.8,0.09,426.1
sensor_pasila,2024-01-23 18:00:00,63.6,0.062,419.9
sensor_kallio,2024-01-23 18:30:00,64.8,0.062,392.4
sensor_kamppi,2024-01-23 18:30:00,49.1,0.102,412.3
sensor_pasila,2024-01-23 18:30:00,68.8,0.124,449.3
sensor_kallio,2024-01-23 19:00:00,34.5,0.103,411.5
sensor_kamppi,2024-01-23 19:00:00,39.4,0.125,437.5
sensor_pasila,2024-01-23 19:00:00,29.5,0.05,432.0
sensor_kallio,2024-01-23 19:30:00,34.6,0.164,408.0
sensor_kamppi,2024-01-23 19:30:00,20.3,0.11,426.8
sensor_pasila,2024-01-23 19:30:00,49.9,0.063,467.0
sensor_kallio,2024-01-23 20:00:00,27.0,0.099,403.2
sensor_kamppi,2024-01-23 20:00:00,23.9,0.14,419.8
sensor_pasila,2024-01-23 20:00:00,28.8,0.138,391.7
sensor_kallio,2024-01-23 20:30:00,42.9,0.106,392.9
sensor_kamppi,2024-01-23 20:30:00,34.2,0.075,373.6
sensor_pasila,2024-01-23 20:30:00,40.4,0.082,393.2
sensor_kallio,2024-01-23 21:00:00,21.5,0.108,321.3
sensor_kamppi,2024-01-23 21:00:00,21.1,0.106,337.8
sensor_pasila,2024-01-23 21:00:00,34.6,0.119,379.7
sensor_kallio,2024-01-23 21:30:00,29.8,0.077,348.3
sensor_kamppi,2024-01-23 21:30:00,50.4,0.116,366.8
sensor_pasila,2024-01-23 21:30:00,33.5,0.155,390.8
sensor_kallio,2024-01-23 22:00:00,18.7,0.107,347.3
sensor_kamppi,2024-01-23 22:00:00,28.3,0.098,296.6
sensor_pasila,2024-01-23 22:00:00,32.9,0.089,337.4
sensor_kallio,2024-01-23 22:30:00,23.1,0.09,314.7
sensor_kamppi,2024-01-23 22:30:00,26.6,0.09,315.6
sensor_pasila,2024-01-23 22:30:00,28.8,0.103,284.0
sensor_kallio,2024-01-23 23:00:00,38.6,0.043,259.1
sensor_kamppi,2024-01-23 23:00:00,44.0,0.035,314.2
sensor_pasila,2024-01-23 23:00:00,27.0,0.091,272.1
sensor_kallio,2024-01-23 23:30:00,37.5,0.095,285.5
sensor_kamppi,2024-01-23 23:30:00,39.6,0.147,277.2
sensor_pasila,2024-01-23 23:30:00,27.0,0.063,258.5
sensor_kallio,2024-01-24 00:00:00,28.1,0.082,326.8
sensor_kamppi,2024-01-24 00:00:00,10.7,0.08,327.0
sensor_pasila,2024-01-24 00:00:00,28.6,0.097,324.0
sensor_kallio,2024-01-24 00:30:00,40.8,0.136,296.0
sensor_kamppi,2024-01-24 00:30:00,11.5,0.101,290.7
sensor_pasila,2024-01-24 00:30:00,28.0,0.075,333.4
sensor_kallio,2024-01-24 01:00:00,28.1,0.094,291.7
sensor_kamppi,2024-01-24 01:00:00,35.9,0.092,277.8
sensor_pasila,2024-01-24 01:00:00,39.3,0.125,269.5
sensor_kallio,2024-01-24 01:30:00,35.0,0.105,299.4
sensor_kamppi,2024-01-24 01:30:00,28.1,0.119,314.5
sensor_pasila,2024-01-24 01:30:00,27.5,0.1,303.6
sensor_kallio,2024-01-24 02:00:00,46.4,0.125,265.7
sensor_kamppi,2024-01-24 02:00:00,32.7,0.048,240.1
sensor_pasila,2024-01-24 02:00:00,38.9,0.085,252.5
sensor_kallio,2024-01-24 02:30:00,34.9,0.095,248.8
sensor_kamppi,2024-01-24 02:30:00,11.6,0.112,257.6
sensor_pasila,2024-01-24 02:30:00,34.7,0.088,271.2
sensor_kallio,2024-01-24 03:00:00,30.0,0.144,288.6
sensor_kamppi,2024-01-24 03:00:00,45.7,0.094,227.3
sensor_pasila,2024-01-24 03:00:00,30.7,0.048,273.1
sensor_kallio,2024-01-24 03:30:00,38.7,0.162,258.5
sensor_kamppi,2024-01-24 03:30:00,31.1,0.052,327.4
sensor_pasila,2024-01-24 03:30:00,39.1,0.139,264.1
sensor_kallio,2024-01-24 04:00:00,36.7,0.098,265.3
sensor_kamppi,2024-01-24 04:00:00,31.2,0.105,317.0
sensor_pasila,2024-01-24 04:00:00,44.7,0.114,298.7
sensor_kallio,2024-01-24 04:30:00,32.9,0.086,348.0
sensor_kamppi,2024-01-24 04:30:00,40.9,0.105,343.6
sensor_pasila,2024-01-24 04:30:00,41.8,0.12,288.3
sensor_kallio,2024-01-24 05:00:00,48.8,0.11,360.0
sensor_kamppi,2024-01-24 05:00:00,29.4,0.194,372.9
sensor_pasila,2024-01-24 05:00:00,40.2,0.115,352.2
sensor_kallio,2024-01-24 05:30:00,43.7,0.086,378.2
sensor_kamppi,2024-01-24 05:30:00,51.5,0.142,369.4
sensor_pasila,2024-01-24 05:30:00,47.0,0.166,367.1
sensor_kallio,2024-01-24 06:00:00,40.8,0.288,407.9
sensor_kamppi,2024-01-24 06:00:00,24.2,0.309,383.6
sensor_pasila,2024-01-24 06:00:00,46.0,0.299,401.7
sensor_kallio,2024-01-24 06:30:00,32.5,0.313,413.4
sensor_kamppi,2024-01-24 06:30:00,46.4,0.307,391.5
sensor_pasila,2024-01-24 06:30:00,51.0,0.3,425.2
sensor_kallio,2024-01-24 07:00:00,66.7,0.562,442.1
sensor_kamppi,2024-01-24 07:00:00,75.8,0.583,461.4
sensor_pasila,2024-01-24 07:00:00,64.9,0.585,408.7
sensor_kallio,2024-01-24 07:30:00,85.2,0.592,467.4
sensor_kamppi,2024-01-24 07:30:00,89.2,0.565,428.6
sensor_pasila,2024-01-24 07:30:00,80.0,0.56,433.7
sensor_kallio,2024-01-24 08:00:00,72.8,0.716,476.8
sensor_kamppi,2024-01-24 08:00:00,82.6,0.738,409.5
sensor_pasila,2024-01-24 08:00:00,74.9,0.77,471.9
sensor_kallio,2024-01-24 08:30:00,90.0,0.756,469.0
sensor_kamppi,2024-01-24 08:30:00,77.8,0.778,440.8
sensor_pasila,2024-01-24 08:30:00,73.0,0.796,432.0
sensor_kallio,2024-01-24 09:00:00,72.9,0.557,426.3
sensor_kamppi,2024-01-24 09:00:00,85.1,0.607,412.0
sensor_pasila,2024-01-24 09:00:00,70.4,0.621,422.5
sensor_kallio,2024-01-24 09:30:00,80.3,0.556,393.7
sensor_kamppi,2024-01-24 09:30:00,83.8,0.561,421.6
sensor_pasila,2024-01-24 09:30:00,78.3,0.596,428.1
sensor_kallio,2024-01-24 10:00:00,59.2,0.307,344.1
sensor_kamppi,2024-01-24 10:00:00,51.2,0.34,366.4
sensor_pasila,2024-01-24 10:00:00,62.5,0.257,392.4
sensor_kallio,2024-01-24 10:30:00,46.6,0.257,343.7
sensor_kamppi,2024-01-24 10:30:00,43.4,0.346,342.6
sensor_pasila,2024-01-24 10:30:00,55.7,0.293,329.6
sensor_kallio,2024-01-24 11:00:00,57.2,0.15,286.8
sensor_kamppi,2024-01-24 11:00:00,64.3,0.119,275.6
sensor_pasila,2024-01-24 11:00:00,59.2,0.133,287.9
sensor_kallio,2024-01-24 11:30:00,50.0,0.128,309.8
sensor_kamppi,2024-01-24 11:30:00,41.8,0.179,320.7
sensor_pasila,2024-01-24 11:30:00,52.8,0.199,314.6
sensor_kallio,2024-01-24 12:00:00,56.4,0.102,272.5
sensor_kamppi,2024-01-24 12:00:00,66.1,0.09,289.5
sensor_pasila,2024-01-24 12:00:00,50.0,0.087,253.6
sensor_kallio,2024-01-24 12:30:00,43.3,0.121,247.0
sensor_kamppi,2024-01-24 12:30:00,62.8,0.133,265.7
sensor_pasila,2024-01-24 12:30:00,57.1,0.12,292.5
sensor_kallio,2024-01-24 13:00:00,45.1,0.113,280.4
sensor_kamppi,2024-01-24 13:00:00,50.0,0.112,246.4
sensor_pasila,2024-01-24 13:00:00,63.4,0.126,253.5
sensor_kallio,2024-01-24 13:30:00,61.9,0.096,264.7
sensor_kamppi,2024-01-24 13:30:00,59.7,0.147,251.4
sensor_pasila,2024-01-24 13:30:00,62.3,0.13,278.2
sensor_kallio,2024-01-24 14:00:00,56.3,0.133,281.8
sensor_kamppi,2024-01-24 14:00:00,52.0,0.144,279.7
sensor_pasila,2024-01-24 14:00:00,54.7,0.07,303.1
sensor_kallio,2024-01-24 14:30:00,53.4,0.144,284.3
sensor_kamppi,2024-01-24 14:30:00,50.0,0.123,255.3
sensor_pasila,2024-01-24 14:30:00,41.6,0.071,297.8
sensor_kallio,2024-01-24 15:00:00,42.8,0.084,330.3
sensor_kamppi,2024-01-24 15:00:00,53.1,0.078,310.2
sensor_pasila,2024-01-24 15:00:00,45.8,0.126,320.3
sensor_kallio,2024-01-24 15:30:00,41.5,0.062,279.4
sensor_kamppi,2024-01-24 15:30:00,53.5,0.121,315.5
sensor_pasila,2024-01-24 15:30:00,43.6,0.063,327.1
sensor_kallio,2024-01-24 16:00:00,51.6,0.115,353.4
sensor_kamppi,2024-01-24 16:00:00,66.0,0.167,374.7
sensor_pasila,2024-01-24 16:00:00,71.1,0.096,333.8
sensor_kallio,2024-01-24 16:30:00,62.1,0.048,359.6
sensor_kamppi,2024-01-24 16:30:00,56.9,0.098,354.2
sensor_pasila,2024-01-24 16:30:00,73.0,0.104,357.4
sensor_kallio,2024-01-24 17:00:00,66.0,0.071,416.7
sensor_kamppi,2024-01-24 17:00:00,66.9,0.162,430.5
sensor_pasila,2024-01-24 17:00:00,67.9,0.135,386.1
sensor_kallio,2024-01-24 17:30:00,63.0,0.058,424.6
sensor_kamppi,2024-01-24 17:30:00,74.0,0.07,430.0
sensor_pasila,2024-01-24 17:30:00,68.8,0.068,405.3
sensor_kallio,2024-01-24 18:00:00,62.3,0.157,432.3
sensor_kamppi,2024-01-24 18:00:00,71.1,0.102,470.5
sensor_pasila,2024-01-24 18:00:00,60.3,0.125,436.2
sensor_kallio,2024-01-24 18:30:00,60.4,0.103,468.8
sensor_kamppi,2024-01-24 18:30:00,70.8,0.081,422.1
sensor_pasila,2024-01-24 18:30:00,68.7,0.138,421.4
sensor_kallio,2024-01-24 19:00:00,30.0,0.08,413.7
sensor_kamppi,2024-01-24 19:00:00,42.3,0.107,427.1
sensor_pasila,2024-01-24 19:00:00,27.6,0.088,414.1
sensor_kallio,2024-01-24 19:30:00,41.1,0.115,448.2
sensor_kamppi,2024-01-24 19:30:00,34.0,0.125,454.5
sensor_pasila,2024-01-24 19:30:00,38.6,0.139,433.6
sensor_kallio,2024-01-24 20:00:00,25.4,0.062,441.7
sensor_kamppi,2024-01-24 20:00:00,21.5,0.115,409.6
sensor_pasila,2024-01-24 20:00:00,33.0,0.138,438.4
sensor_kallio,2024-01-24 20:30:00,28.6,0.106,412.3
sensor_kamppi,2024-01-24 20:30:00,19.6,0.119,419.2
sensor_pasila,2024-01-24 20:30:00,33.3,0.145,375.3
sensor_kallio,2024-01-24 21:00:00,37.0,0.084,341.1
sensor_kamppi,2024-01-24 21:00:00,39.0,0.096,352.2
sensor_pasila,2024-01-24 21:00:00,40.2,0.061,338.7
sensor_kallio,2024-01-24 21:30:00,26.3,0.109,361.7
sensor_kamppi,2024-01-24 21:30:00,30.9,0.072,342.5
sensor_pasila,2024-01-24 21:30:00,33.2,0.046,373.7
sensor_kallio,2024-01-24 22:00:00,28.5,0.133,319.6
sensor_kamppi,2024-01-24 22:00:00,35.2,0.107,266.9
sensor_pasila,2024-01-24 22:00:00,32.3,0.095,332.5
sensor_kallio,2024-01-24 22:30:00,24.7,0.07,332.3
sensor_kamppi,2024-01-24 22:30:00,22.6,0.122,284.6
sensor_pasila,2024-01-24 22:30:00,30.0,0.113,308.1
sensor_kallio,2024-01-24 23:00:00,28.1,0.126,233.2
sensor_kamppi,2024-01-24 23:00:00,21.6,0.049,253.9
sensor_pasila,2024-01-24 23:00:00,26.0,0.112,267.2
sensor_kallio,2024-01-24 23:30:00,34.0,0.134,301.2
sensor_kamppi,2024-01-24 23:30:00,27.1,0.02,278.4
sensor_pasila,2024-01-24 23:30:00,35.9,0.063,259.9
sensor_kallio,2024-01-25 00:00:00,35.1,0.114,323.0
sensor_kamppi,2024-01-25 00:00:00,35.8,0.042,326.8
sensor_pasila,2024-01-25 00:00:00,27.7,0.165,344.6
sensor_kallio,2024-01-25 00:30:00,29.6,0.14,297.7
sensor_kamppi,2024-01-25 00:30:00,34.7,0.116,329.0
sensor_pasila,2024-01-25 00:30:00,23.3,0.164,318.6
sensor_kallio,2024-01-25 01:00:00,40.1,0.091,273.1
sensor_kamppi,2024-01-25 01:00:00,30.5,0.103,268.5
sensor_pasila,2024-01-25 01:00:00,35.1,0.168,243.2
sensor_kallio,2024-01-25 01:30:00,26.7,0.044,267.5
sensor_kamppi,2024-01-25 01:30:00,30.3,0.114,262.0
sensor_pasila,2024-01-25 01:30:00,22.3,0.07,279.7
sensor_kallio,2024-01-25 02:00:00,32.4,0.16,290.4
sensor_kamppi,2024-01-25 02:00:00,32.8,0.121,270.5
sensor_pasila,2024-01-25 02:00:00,41.3,0.125,255.5
sensor_kallio,2024-01-25 02:30:00,27.3,0.076,257.3
sensor_kamppi,2024-01-25 02:30:00,25.3,0.074,263.3
sensor_pasila,2024-01-25 02:30:00,25.8,0.073,299.8
sensor_kallio,2024-01-25 03:00:00,21.2,0.129,277.2
sensor_kamppi,2024-01-25 03:00:00,27.6,0.124,247.7
sensor_pasila,2024-01-25 03:00:00,37.0,0.095,270.8
sensor_kallio,2024-01-25 03:30:00,35.3,0.119,287.2
sensor_kamppi,2024-01-25 03:30:00,50.0,0.085,271.3
sensor_pasila,2024-01-25 03:30:00,38.9,0.119,242.5
sensor_kallio,2024-01-25 04:00:00,37.9,0.125,346.1
sensor_kamppi,2024-01-25 04:00:00,21.6,0.137,285.2
sensor_pasila,2024-01-25 04:00:00,40.8,0.106,298.4
sensor_kallio,2024-01-25 04:30:00,37.2,0.119,329.9
sensor_kamppi,2024-01-25 04:30:00,38.1,0.135,286.6
sensor_pasila,2024-01-25 04:30:00,35.3,0.062,314.1
sensor_kallio,2024-01-25 05:00:00,44.5,0.168,363.8
sensor_kamppi,2024-01-25 05:00:00,50.3,0.092,365.3
sensor_pasila,2024-01-25 05:00:00,38.3,0.163,353.0
sensor_kallio,2024-01-25 05:30:00,42.4,0.192,388.7
sensor_kamppi,2024-01-25 05:30:00,42.3,0.121,379.4
sensor_pasila,2024-01-25 05:30:00,41.2,0.138,353.5
sensor_kallio,2024-01-25 06:00:00,39.1,0.305,432.0
sensor_kamppi,2024-01-25 06:00:00,55.2,0.285,375.5
sensor_pasila,2024-01-25 06:00:00,36.1,0.305,388.0
sensor_kallio,2024-01-25 06:30:00,45.6,0.301,425.1
sensor_kamppi,2024-01-25 06:30:00,24.1,0.296,410.0
sensor_pasila,2024-01-25 06:30:00,43.4,0.302,393.2
sensor_kallio,2024-01-25 07:00:00,70.1,0.611,417.5
sensor_kamppi,2024-01-25 07:00:00,76.6,0.604,428.0
sensor_pasila,2024-01-25 07:00:00,72.4,0.556,443.5
sensor_kallio,2024-01-25 07:30:00,67.5,0.551,450.3
sensor_kamppi,2024-01-25 07:30:00,76.4,0.601,402.0
sensor_pasila,2024-01-25 07:30:00,64.4,0.563,424.6
sensor_kallio,2024-01-25 08:00:00,74.4,0.746,430.1
sensor_kamppi,2024-01-25 08:00:00,57.7,0.79,453.1
sensor_pasila,2024-01-25 08:00:00,82.8,0.723,408.7
sensor_kallio,2024-01-25 08:30:00,72.2,0.722,434.1
sensor_kamppi,2024-01-25 08:30:00,77.3,0.767,397.7
sensor_pasila,2024-01-25 08:30:00,73.3,0.757,472.0
sensor_kallio,2024-01-25 09:00:00,82.7,0.569,415.6
sensor_kamppi,2024-01-25 09:00:00,93.3,0.591,406.6
sensor_pasila,2024-01-25 09:00:00,89.2,0.592,424.7
sensor_kallio,2024-01-25 09:30:00,81.6,0.566,409.7
sensor_kamppi,2024-01-25 09:30:00,75.1,0.604,410.7
sensor_pasila,2024-01-25 09:30:00,73.7,0.581,418.8
sensor_kallio,2024-01-25 10:00:00,55.8,0.256,384.3
sensor_kamppi,2024-01-25 10:00:00,65.6,0.297,370.3
sensor_pasila,2024-01-25 10:00:00,60.7,0.321,363.6
sensor_kallio,2024-01-25 10:30:00,46.4,0.355,365.4
sensor_kamppi,2024-01-25 10:30:00,49.1,0.289,358.8
sensor_pasila,2024-01-25 10:30:00,44.8,0.313,387.6
sensor_kallio,2024-01-25 11:00:00,51.6,0.17,306.9
sensor_kamppi,2024-01-25 11:00:00,53.8,0.142,324.5
sensor_pasila,2024-01-25 11:00:00,53.3,0.189,294.9
sensor_kallio,2024-01-25 11:30:00,55.0,0.211,340.0
sensor_kamppi,2024-01-25 11:30:00,43.3,0.132,331.8
sensor_pasila,2024-01-25 11:30:00,50.6,0.146,314.9
sensor_kallio,2024-01-25 12:00:00,46.6,0.106,254.9
sensor_kamppi,2024-01-25 12:00:00,62.6,0.122,281.4
sensor_pasila,2024-01-25 12:00:00,58.6,0.101,274.6
sensor_kallio,2024-01-25 12:30:00,60.3,0.066,261.4
sensor_kamppi,2024-01-25 12:30:00,44.6,0.153,281.3
sensor_pasila,2024-01-25 12:30:00,53.3,0.135,307.4
sensor_kallio,2024-01-25 13:00:00,47.1,0.102,275.5
sensor_kamppi,2024-01-25 13:00:00,63.1,0.053,263.3
sensor_pasila,2024-01-25 13:00:00,49.1,0.092,259.7
sensor_kallio,2024-01-25 13:30:00,47.1,0.09,274.8
sensor_kamppi,2024-01-25 13:30:00,57.5,0.122,239.3
sensor_pasila,2024-01-25 13:30:00,50.4,0.146,259.1
sensor_kallio,2024-01-25 14:00:00,50.9,0.047,255.8
sensor_kamppi,2024-01-25 14:00:00,48.0,0.085,258.1
sensor_pasila,2024-01-25 14:00:00,48.9,0.065,312.1
sensor_kallio,2024-01-25 14:30:00,33.4,0.112,277.1
sensor_kamppi,2024-01-25 14:30:00,47.4,0.072,273.0
sensor_pasila,2024-01-25 14:30:00,47.5,0.1,260.4
sensor_kallio,2024-01-25 15:00:00,30.7,0.131,331.6
sensor_kamppi,2024-01-25 15:00:00,50.6,0.126,342.9
sensor_pasila,2024-01-25 15:00:00,39.7,0.104,291.9
sensor_kallio,2024-01-25 15:30:00,45.9,0.091,331.7
sensor_kamppi,2024-01-25 15:30:00,41.8,0.165,300.4
sensor_pasila,2024-01-25 15:30:00,42.6,0.078,298.4
sensor_kallio,2024-01-25 16:00:00,67.8,0.087,348.6
sensor_kamppi,2024-01-25 16:00:00,69.1,0.064,341.2
sensor_pasila,2024-01-25 16:00:00,66.3,0.097,316.3
sensor_kallio,2024-01-25 16:30:00,73.9,0.143,347.8
sensor_kamppi,2024-01-25 16:30:00,73.3,0.087,324.8
sensor_pasila,2024-01-25 16:30:00,68.7,0.131,363.2
sensor_kallio,2024-01-25 17:00:00,68.5,0.109,425.7
sensor_kamppi,2024-01-25 17:00:00,65.8,0.118,437.0
sensor_pasila,2024-01-25 17:00:00,62.6,0.094,429.4
sensor_kallio,2024-01-25 17:30:00,69.9,0.115,424.1
sensor_kamppi,2024-01-25 17:30:00,60.3,0.092,376.9
sensor_pasila,2024-01-25 17:30:00,58.7,0.091,445.2
sensor_kallio,2024-01-25 18:00:00,70.2,0.071,426.7
sensor_kamppi,2024-01-25 18:00:00,77.0,0.081,445.1
sensor_pasila,2024-01-25 18:00:00,56.8,0.089,446.5
sensor_kallio,2024-01-25 18:30:00,65.8,0.097,420.2
sensor_kamppi,2024-01-25 18:30:00,63.5,0.114,444.0
sensor_pasila,2024-01-25 18:30:00,57.5,0.103,418.5
sensor_kallio,2024-01-25 19:00:00,37.3,0.06,430.1
sensor_kamppi,2024-01-25 19:00:00,53.9,0.131,414.8
sensor_pasila,2024-01-25 19:00:00,33.0,0.103,448.8
sensor_kallio,2024-01-25 19:30:00,15.4,0.145,455.9
sensor_kamppi,2024-01-25 19:30:00,39.6,0.114,448.8
sensor_pasila,2024-01-25 19:30:00,32.9,0.108,432.3
sensor_kallio,2024-01-25 20:00:00,26.0,0.098,399.5
sensor_kamppi,2024-01-25 20:00:00,25.9,0.085,408.6
sensor_pasila,2024-01-25 20:00:00,29.0,0.089,391.5
sensor_kallio,2024-01-25 20:30:00,38.7,0.086,431.1
sensor_kamppi,2024-01-25 20:30:00,13.2,0.088,435.9
sensor_pasila,2024-01-25 20:30:00,23.1,0.154,395.9
sensor_kallio,2024-01-25 21:00:00,28.4,0.044,340.4
sensor_kamppi,2024-01-25 21:00:00,27.3,0.111,332.4
sensor_pasila,2024-01-25 21:00:00,26.6,0.089,359.3
sensor_kallio,2024-01-25 21:30:00,32.9,0.078,378.7
sensor_kamppi,2024-01-25 21:30:00,23.8,0.058,367.7
sensor_pasila,2024-01-25 21:30:00,37.8,0.171,361.3
sensor_kallio,2024-01-25 22:00:00,27.2,0.113,311.2
sensor_kamppi,2024-01-25 22:00:00,28.9,0.066,319.9
sensor_pasila,2024-01-25 22:00:00,34.7,0.101,327.1
sensor_kallio,2024-01-25 22:30:00,34.2,0.098,356.3
sensor_kamppi,2024-01-25 22:30:00,28.4,0.095,307.6
sensor_pasila,2024-01-25 22:30:00,36.0,0.145,319.6
sensor_kallio,2024-01-25 23:00:00,29.8,0.142,309.1
sensor_kamppi,2024-01-25 23:00:00,26.6,0.145,237.7
sensor_pasila,2024-01-25 23:00:00,37.1,0.099,249.8
sensor_kallio,2024-01-25 23:30:00,30.5,0.135,248.9
sensor_kamppi,2024-01-25 23:30:00,31.0,0.092,314.1
sensor_pasila,2024-01-25 23:30:00,31.9,0.128,299.2
sensor_kallio,2024-01-26 00:00:00,33.0,0.088,277.4
sensor_kamppi,2024-01-26 00:00:00,39.8,0.14,321.0
sensor_pasila,2024-01-26 00:00:00,32.5,0.105,256.1
sensor_kallio,2024-01-26 00:30:00,24.9,0.114,337.1
sensor_kamppi,2024-01-26 00:30:00,49.4,0.106,321.3
sensor_pasila,2024-01-26 00:30:00,26.9,0.084,269.1
sensor_kallio,2024-01-26 01:00:00,17.2,0.063,225.2
sensor_kamppi,2024-01-26 01:00:00,29.2,0.053,294.2
sensor_pasila,2024-01-26 01:00:00,30.7,0.09,283.2
sensor_kallio,2024-01-26 01:30:00,24.2,0.098,264.1
sensor_kamppi,2024-01-26 01:30:00,24.1,0.108,280.0
sensor_pasila,2024-01-26 01:30:00,37.2,0.123,301.8
sensor_kallio,2024-01-26 02:00:00,33.8,0.098,255.2
sensor_kamppi,2024-01-26 02:00:00,42.7,0.079,279.8
sensor_pasila,2024-01-26 02:00:00,31.4,0.063,248.3
sensor_kallio,2024-01-26 02:30:00,34.3,0.141,275.4
sensor_kamppi,2024-01-26 02:30:00,38.8,0.137,291.3
sensor_pasila,2024-01-26 02:30:00,31.7,0.105,244.4
sensor_kallio,2024-01-26 03:00:00,34.0,0.109,270.0
sensor_kamppi,2024-01-26 03:00:00,28.6,0.123,248.0
sensor_pasila,2024-01-26 03:00:00,38.7,0.089,272.8
sensor_kallio,2024-01-26 03:30:00,32.3,0.145,282.7
sensor_kamppi,2024-01-26 03:30:00,38.4,0.115,266.7
sensor_pasila,2024-01-26 03:30:00,39.3,0.124,310.8
sensor_kallio,2024-01-26 04:00:00,41.5,0.128,306.1
sensor_kamppi,2024-01-26 04:00:00,31.5,0.066,312.9
sensor_pasila,2024-01-26 04:00:00,34.7,0.141,284.4
sensor_kallio,2024-01-26 04:30:00,42.0,0.11,306.4
sensor_kamppi,2024-01-26 04:30:00,43.9,0.08,297.8
sensor_pasila,2024-01-26 04:30:00,38.1,0.098,293.6
sensor_kallio,2024-01-26 05:00:00,46.7,0.096,370.1
sensor_kamppi,2024-01-26 05:00:00,57.0,0.089,361.1
sensor_pasila,2024-01-26 05:00:00,42.6,0.133,364.2
sensor_kallio,2024-01-26 05:30:00,36.6,0.138,363.0
sensor_kamppi,2024-01-26 05:30:00,53.0,0.174,366.2
sensor_pasila,2024-01-26 05:30:00,44.5,0.121,351.9
sensor_kallio,2024-01-26 06:00:00,38.4,0.327,439.0
sensor_kamppi,2024-01-26 06:00:00,48.4,0.257,379.3
sensor_pasila,2024-01-26 06:00:00,50.3,0.301,393.9
sensor_kallio,2024-01-26 06:30:00,53.8,0.353,434.6
sensor_kamppi,2024-01-26 06:30:00,41.2,0.331,410.2
sensor_pasila,2024-01-26 06:30:00,46.1,0.311,388.0
sensor_kallio,2024-01-26 07:00:00,66.4,0.569,405.7
sensor_kamppi,2024-01-26 07:00:00,84.2,0.583,455.6
sensor_pasila,2024-01-26 07:00:00,69.0,0.622,419.8
sensor_kallio,2024-01-26 07:30:00,90.7,0.62,412.7
sensor_kamppi,2024-01-26 07:30:00,82.7,0.563,406.0
sensor_pasila,2024-01-26 07:30:00,77.1,0.613,430.5
sensor_kallio,2024-01-26 08:00:00,83.7,0.756,473.2
sensor_kamppi,2024-01-26 08:00:00,65.7,0.82,425.9
sensor_pasila,2024-01-26 08:00:00,79.7,0.826,436.4
sensor_kallio,2024-01-26 08:30:00,71.8,0.712,480.3
sensor_kamppi,2024-01-26 08:30:00,83.9,0.745,439.9
sensor_pasila,2024-01-26 08:30:00,66.5,0.733,439.4
sensor_kallio,2024-01-26 09:00:00,81.3,0.584,421.2
sensor_kamppi,2024-01-26 09:00:00,71.7,0.603,415.7
sensor_pasila,2024-01-26 09:00:00,78.0,0.596,409.6
sensor_kallio,2024-01-26 09:30:00,88.0,0.6,392.6
sensor_kamppi,2024-01-26 09:30:00,68.3,0.587,378.6
sensor_pasila,2024-01-26 09:30:00,78.8,0.563,366.7
sensor_kallio,2024-01-26 10:00:00,47.1,0.25,352.7
sensor_kamppi,2024-01-26 10:00:00,37.3,0.312,367.9
sensor_pasila,2024-01-26 10:00:00,53.8,0.283,368.2
sensor_kallio,2024-01-26 10:30:00,38.8,0.32,332.6
sensor_kamppi,2024-01-26 10:30:00,44.7,0.313,382.8
sensor_pasila,2024-01-26 10:30:00,56.1,0.297,335.4
sensor_kallio,2024-01-26 11:00:00,55.7,0.186,313.3
sensor_kamppi,2024-01-26 11:00:00,44.5,0.115,342.7
sensor_pasila,2024-01-26 11:00:00,47.6,0.113,336.0
sensor_kallio,2024-01-26 11:30:00,48.8,0.158,321.0
sensor_kamppi,2024-01-26 11:30:00,56.6,0.176,295.6
sensor_pasila,2024-01-26 11:30:00,60.2,0.123,318.6
sensor_kallio,2024-01-26 12:00:00,43.7,0.142,321.7
sensor_kamppi,2024-01-26 12:00:00,59.1,0.09,278.1
sensor_pasila,2024-01-26 12:00:00,49.7,0.054,264.3
sensor_kallio,2024-01-26 12:30:00,54.2,0.1,263.9
sensor_kamppi,2024-01-26 12:30:00,65.3,0.065,289.9
sensor_pasila,2024-01-26 12:30:00,53.9,0.079,263.5
sensor_kallio,2024-01-26 13:00:00,44.6,0.11,277.6
sensor_kamppi,2024-01-26 13:00:00,49.9,0.104,241.2
sensor_pasila,2024-01-26 13:00:00,52.0,0.143,229.4
sensor_kallio,2024-01-26 13:30:00,44.8,0.073,263.9
sensor_kamppi,2024-01-26 13:30:00,43.5,0.105,239.4
sensor_pasila,2024-01-26 13:30:00,51.4,0.119,203.2
sensor_kallio,2024-01-26 14:00:00,43.7,0.094,267.2
sensor_kamppi,2024-01-26 14:00:00,45.4,0.064,312.3
sensor_pasila,2024-01-26 14:00:00,47.7,0.089,284.9
sensor_kallio,2024-01-26 14:30:00,40.1,0.091,274.2
sensor_kamppi,2024-01-26 14:30:00,49.5,0.115,253.4
sensor_pasila,2024-01-26 14:30:00,50.8,0.135,252.9
sensor_kallio,2024-01-26 15:00:00,47.9,0.127,300.6
sensor_kamppi,2024-01-26 15:00:00,65.7,0.082,307.9
sensor_pasila,2024-01-26 15:00:00,47.4,0.104,298.3
sensor_kallio,2024-01-26 15:30:00,56.9,0.077,300.6
sensor_kamppi,2024-01-26 15:30:00,64.0,0.111,311.3
sensor_pasila,2024-01-26 15:30:00,50.1,0.14,329.2
sensor_kallio,2024-01-26 16:00:00,65.1,0.076,353.7
sensor_kamppi,2024-01-26 16:00:00,96.5,0.092,348.1
sensor_pasila,2024-01-26 16:00:00,74.4,0.049,359.3
sensor_kallio,2024-01-26 16:30:00,61.6,0.088,364.0
sensor_kamppi,2024-01-26 16:30:00,66.2,0.112,390.2
sensor_pasila,2024-01-26 16:30:00,69.1,0.122,348.7
sensor_kallio,2024-01-26 17:00:00,69.8,0.098,438.5
sensor_kamppi,2024-01-26 17:00:00,59.7,0.094,410.6
sensor_pasila,2024-01-26 17:00:00,70.7,0.093,384.9
sensor_kallio,2024-01-26 17:30:00,55.1,0.117,390.4
sensor_kamppi,2024-01-26 17:30:00,71.9,0.113,407.4
sensor_pasila,2024-01-26 17:30:00,71.2,0.041,405.1
sensor_kallio,2024-01-26 18:00:00,64.4,0.154,420.4
sensor_kamppi,2024-01-26 18:00:00,71.9,0.102,414.9
sensor_pasila,2024-01-26 18:00:00,63.7,0.048,431.3
sensor_kallio,2024-01-26 18:30:00,74.2,0.048,409.5
sensor_kamppi,2024-01-26 18:30:00,60.4,0.078,433.1
sensor_pasila,2024-01-26 18:30:00,64.4,0.086,441.7
sensor_kallio,2024-01-26 19:00:00,35.0,0.14,453.6
sensor_kamppi,2024-01-26 19:00:00,34.7,0.101,440.1
sensor_pasila,2024-01-26 19:00:00,35.2,0.11,428.9
sensor_kallio,2024-01-26 19:30:00,46.7,0.119,412.7
sensor_kamppi,2024-01-26 19:30:00,30.1,0.08,401.0
sensor_pasila,2024-01-26 19:30:00,43.4,0.127,437.8
sensor_kallio,2024-01-26 20:00:00,29.2,0.127,376.6
sensor_kamppi,2024-01-26 20:00:00,37.4,0.111,438.6
sensor_pasila,2024-01-26 20:00:00,31.7,0.08,446.9
sensor_kallio,2024-01-26 20:30:00,36.3,0.142,402.9
sensor_kamppi,2024-01-26 20:30:00,25.0,0.09,423.9
sensor_pasila,2024-01-26 20:30:00,47.5,0.083,420.8
sensor_kallio,2024-01-26 21:00:00,27.4,0.141,389.5
sensor_kamppi,2024-01-26 21:00:00,34.2,0.114,378.1
sensor_pasila,2024-01-26 21:00:00,16.6,0.141,415.2
sensor_kallio,2024-01-26 21:30:00,34.4,0.067,353.9
sensor_kamppi,2024-01-26 21:30:00,33.8,0.167,380.5
sensor_pasila,2024-01-26 21:30:00,36.6,0.108,354.6
sensor_kallio,2024-01-26 22:00:00,34.7,0.192,299.9
sensor_kamppi,2024-01-26 22:00:00,27.7,0.128,340.4
sensor_pasila,2024-01-26 22:00:00,29.9,0.07,283.2
sensor_kallio,2024-01-26 22:30:00,36.8,0.065,324.5
sensor_kamppi,2024-01-26 22:30:00,26.4,0.126,343.9
sensor_pasila,2024-01-26 22:30:00,36.8,0.149,302.8
sensor_kallio,2024-01-26 23:00:00,26.4,0.134,241.6
sensor_kamppi,2024-01-26 23:00:00,42.4,0.067,273.2
sensor_pasila,2024-01-26 23:00:00,32.5,0.071,283.6
sensor_kallio,2024-01-26 23:30:00,28.0,0.091,296.4
sensor_kamppi,2024-01-26 23:30:00,24.4,0.129,292.9
sensor_pasila,2024-01-26 23:30:00,39.6,0.068,291.9
sensor_kallio,2024-01-27 00:00:00,37.5,0.095,293.0
sensor_kamppi,2024-01-27 00:00:00,19.9,0.127,332.5
sensor_pasila,2024-01-27 00:00:00,37.2,0.1,305.8
sensor_kallio,2024-01-27 00:30:00,13.6,0.09,324.7
sensor_kamppi,2024-01-27 00:30:00,20.2,0.086,327.4
sensor_pasila,2024-01-27 00:30:00,33.0,0.097,269.8
sensor_kallio,2024-01-27 01:00:00,26.6,0.069,297.9
sensor_kamppi,2024-01-27 01:00:00,16.9,0.115,288.7
sensor_pasila,2024-01-27 01:00:00,33.8,0.087,314.1
sensor_kallio,2024-01-27 01:30:00,25.5,0.089,287.4
sensor_kamppi,2024-01-27 01:30:00,37.0,0.087,257.9
sensor_pasila,2024-01-27 01:30:00,32.5,0.028,235.9
sensor_kallio,2024-01-27 02:00:00,39.0,0.023,248.3
sensor_kamppi,2024-01-27 02:00:00,33.5,0.079,247.1
sensor_pasila,2024-01-27 02:00:00,36.1,0.092,208.2
sensor_kallio,2024-01-27 02:30:00,37.7,0.108,258.2
sensor_kamppi,2024-01-27 02:30:00,24.6,0.046,297.8
sensor_pasila,2024-01-27 02:30:00,33.2,0.128,266.9
sensor_kallio,2024-01-27 03:00:00,35.3,0.148,297.5
sensor_kamppi,2024-01-27 03:00:00,47.9,0.078,252.7
sensor_pasila,2024-01-27 03:00:00,41.7,0.105,269.9
sensor_kallio,2024-01-27 03:30:00,30.2,0.056,294.6
sensor_kamppi,2024-01-27 03:30:00,37.1,0.072,267.5
sensor_pasila,2024-01-27 03:30:00,30.1,0.082,255.4
sensor_kallio,2024-01-27 04:00:00,41.7,0.118,308.3
sensor_kamppi,2024-01-27 04:00:00,57.5,0.106,301.5
sensor_pasila,2024-01-27 04:00:00,41.4,0.133,287.6
sensor_kallio,2024-01-27 04:30:00,52.0,0.112,298.0
sensor_kamppi,2024-01-27 04:30:00,50.6,0.13,349.5
sensor_pasila,2024-01-27 04:30:00,43.7,0.083,312.0
sensor_kallio,2024-01-27 05:00:00,41.6,0.17,328.9
sensor_kamppi,2024-01-27 05:00:00,48.0,0.133,337.3
sensor_pasila,2024-01-27 05:00:00,35.0,0.117,371.8
sensor_kallio,2024-01-27 05:30:00,46.6,0.151,380.9
sensor_kamppi,2024-01-27 05:30:00,36.6,0.164,373.0
sensor_pasila,2024-01-27 05:30:00,41.0,0.123,345.0
sensor_kallio,2024-01-27 06:00:00,39.7,0.308,407.4
sensor_kamppi,2024-01-27 06:00:00,29.7,0.314,421.8
sensor_pasila,2024-01-27 06:00:00,39.8,0.327,422.2
sensor_kallio,2024-01-27 06:30:00,46.0,0.286,433.6
sensor_kamppi,2024-01-27 06:30:00,44.2,0.347,406.7
sensor_pasila,2024-01-27 06:30:00,28.5,0.264,424.1
sensor_kallio,2024-01-27 07:00:00,51.1,0.608,458.1
sensor_kamppi,2024-01-27 07:00:00,64.2,0.572,454.1
sensor_pasila,2024-01-27 07:00:00,51.8,0.558,448.2
sensor_kallio,2024-01-27 07:30:00,55.5,0.612,474.4
sensor_kamppi,2024-01-27 07:30:00,72.1,0.59,426.9
sensor_pasila,2024-01-27 07:30:00,51.6,0.587,452.3
sensor_kallio,2024-01-27 08:00:00,52.6,0.698,425.3
sensor_kamppi,2024-01-27 08:00:00,42.9,0.686,447.5
sensor_pasila,2024-01-27 08:00:00,58.4,0.718,456.1
sensor_kallio,2024-01-27 08:30:00,40.4,0.729,434.1
sensor_kamppi,2024-01-27 08:30:00,54.8,0.792,429.0
sensor_pasila,2024-01-27 08:30:00,51.8,0.745,442.9
sensor_kallio,2024-01-27 09:00:00,44.2,0.571,406.4
sensor_kamppi,2024-01-27 09:00:00,32.1,0.594,407.3
sensor_pasila,2024-01-27 09:00:00,48.9,0.574,407.3
sensor_kallio,2024-01-27 09:30:00,63.9,0.567,381.6
sensor_kamppi,2024-01-27 09:30:00,52.9,0.629,403.1
sensor_pasila,2024-01-27 09:30:00,52.8,0.554,392.5
sensor_kallio,2024-01-27 10:00:00,57.4,0.31,365.5
sensor_kamppi,2024-01-27 10:00:00,50.4,0.329,348.0
sensor_pasila,2024-01-27 10:00:00,56.9,0.307,339.3
sensor_kallio,2024-01-27 10:30:00,48.9,0.263,367.5
sensor_kamppi,2024-01-27 10:30:00,55.3,0.273,353.1
sensor_pasila,2024-01-27 10:30:00,51.1,0.308,367.5
sensor_kallio,2024-01-27 11:00:00,56.8,0.181,316.2
sensor_kamppi,2024-01-27 11:00:00,65.3,0.109,300.1
sensor_pasila,2024-01-27 11:00:00,55.6,0.134,337.4
sensor_kallio,2024-01-27 11:30:00,46.1,0.164,345.2
sensor_kamppi,2024-01-27 11:30:00,45.7,0.124,344.7
sensor_pasila,2024-01-27 11:30:00,54.0,0.117,297.3
sensor_kallio,2024-01-27 12:00:00,57.3,0.138,223.4
sensor_kamppi,2024-01-27 12:00:00,51.4,0.087,310.7
sensor_pasila,2024-01-27 12:00:00,53.6,0.13,256.5
sensor_kallio,2024-01-27 12:30:00,51.3,0.029,292.7
sensor_kamppi,2024-01-27 12:30:00,64.5,0.094,249.6
sensor_pasila,2024-01-27 12:30:00,65.9,0.088,274.6
sensor_kallio,2024-01-27 13:00:00,59.2,0.113,242.7
sensor_kamppi,2024-01-27 13:00:00,73.8,0.06,268.0
sensor_pasila,2024-01-27 13:00:00,49.3,0.096,264.1
sensor_kallio,2024-01-27 13:30:00,40.7,0.109,281.0
sensor_kamppi,2024-01-27 13:30:00,47.2,0.134,271.5
sensor_pasila,2024-01-27 13:30:00,54.9,0.07,241.5
sensor_kallio,2024-01-27 14:00:00,52.8,0.114,276.1
sensor_kamppi,2024-01-27 14:00:00,33.0,0.125,250.5
sensor_pasila,2024-01-27 14:00:00,57.4,0.163,301.4
sensor_kallio,2024-01-27 14:30:00,49.3,0.113,238.7
sensor_kamppi,2024-01-27 14:30:00,47.7,0.169,233.7
sensor_pasila,2024-01-27 14:30:00,52.2,0.094,283.0
sensor_kallio,2024-01-27 15:00:00,44.7,0.124,310.5
sensor_kamppi,2024-01-27 15:00:00,37.1,0.073,320.2
sensor_pasila,2024-01-27 15:00:00,40.6,0.125,267.8
sensor_kallio,2024-01-27 15:30:00,58.4,0.067,340.0
sensor_kamppi,2024-01-27 15:30:00,64.9,0.092,342.2
sensor_pasila,2024-01-27 15:30:00,49.0,0.112,341.9
sensor_kallio,2024-01-27 16:00:00,43.2,0.128,346.5
sensor_kamppi,2024-01-27 16:00:00,61.0,0.082,384.7
sensor_pasila,2024-01-27 16:00:00,46.2,0.12,322.6
sensor_kallio,2024-01-27 16:30:00,44.9,0.118,371.2
sensor_kamppi,2024-01-27 16:30:00,39.9,0.131,357.9
sensor_pasila,2024-01-27 16:30:00,39.6,0.109,360.8
sensor_kallio,2024-01-27 17:00:00,36.2,0.061,428.0
sensor_kamppi,2024-01-27 17:00:00,35.7,0.092,435.4
sensor_pasila,2024-01-27 17:00:00,40.4,0.11,398.3
sensor_kallio,2024-01-27 17:30:00,37.7,0.054,441.8
sensor_kamppi,2024-01-27 17:30:00,46.1,0.11,408.6
sensor_pasila,2024-01-27 17:30:00,37.6,0.105,388.2
sensor_kallio,2024-01-27 18:00:00,41.2,0.114,432.3
sensor_kamppi,2024-01-27 18:00:00,45.3,0.119,444.2
sensor_pasila,2024-01-27 18:00:00,31.3,0.078,434.7
sensor_kallio,2024-01-27 18:30:00,47.5,0.098,440.4
sensor_kamppi,2024-01-27 18:30:00,39.4,0.089,443.4
sensor_pasila,2024-01-27 18:30:00,31.2,0.077,472.4
sensor_kallio,2024-01-27 19:00:00,42.3,0.082,445.9
sensor_kamppi,2024-01-27 19:00:00,31.8,0.067,440.7
sensor_pasila,2024-01-27 19:00:00,32.3,0.139,431.9
sensor_kallio,2024-01-27 19:30:00,30.8,0.1,432.0
sensor_kamppi,2024-01-27 19:30:00,43.5,0.121,418.0
sensor_pasila,2024-01-27 19:30:00,39.5,0.135,443.6
sensor_kallio,2024-01-27 20:00:00,40.7,0.081,429.9
sensor_kamppi,2024-01-27 20:00:00,34.6,0.135,413.3
sensor_pasila,2024-01-27 20:00:00,36.2,0.049,382.5
sensor_kallio,2024-01-27 20:30:00,34.0,0.068,384.2
sensor_kamppi,2024-01-27 20:30:00,10.0,0.068,413.3
sensor_pasila,2024-01-27 20:30:00,27.5,0.117,371.7
sensor_kallio,2024-01-27 21:00:00,45.1,0.136,313.4
sensor_kamppi,2024-01-27 21:00:00,11.5,0.101,327.8
sensor_pasila,2024-01-27 21:00:00,28.0,0.11,322.6
sensor_kallio,2024-01-27 21:30:00,36.0,0.097,333.0
sensor_kamppi,2024-01-27 21:30:00,44.6,0.119,348.8
sensor_pasila,2024-01-27 21:30:00,36.8,0.08,327.3
sensor_kallio,2024-01-27 22:00:00,29.1,0.103,309.2
sensor_kamppi,2024-01-27 22:00:00,29.9,0.103,307.8
sensor_pasila,2024-01-27 22:00:00,31.2,0.131,310.4
sensor_kallio,2024-01-27 22:30:00,35.4,0.088,295.4
sensor_kamppi,2024-01-27 22:30:00,16.1,0.112,314.5
sensor_pasila,2024-01-27 22:30:00,23.9,0.062,343.8
sensor_kallio,2024-01-27 23:00:00,32.7,0.087,274.4
sensor_kamppi,2024-01-27 23:00:00,23.3,0.103,276.6
sensor_pasila,2024-01-27 23:00:00,22.3,0.065,277.0
sensor_kallio,2024-01-27 23:30:00,21.4,0.126,267.4
sensor_kamppi,2024-01-27 23:30:00,27.1,0.12,276.8
sensor_pasila,2024-01-27 23:30:00,34.1,0.079,279.7
sensor_kallio,2024-01-28 00:00:00,34.9,0.092,304.5
sensor_kamppi,2024-01-28 00:00:00,34.7,0.126,298.4
sensor_pasila,2024-01-28 00:00:00,32.9,0.075,280.2
sensor_kallio,2024-01-28 00:30:00,34.4,0.098,291.7
sensor_kamppi,2024-01-28 00:30:00,20.9,0.11,316.6
sensor_pasila,2024-01-28 00:30:00,35.1,0.105,303.1
sensor_kallio,2024-01-28 01:00:00,38.6,0.159,270.8
sensor_kamppi,2024-01-28 01:00:00,26.6,0.101,262.3
sensor_pasila,2024-01-28 01:00:00,24.8,0.103,272.4
sensor_kallio,2024-01-28 01:30:00,25.5,0.132,326.5
sensor_kamppi,2024-01-28 01:30:00,34.5,0.073,272.1
sensor_pasila,2024-01-28 01:30:00,34.0,0.097,273.1
sensor_kallio,2024-01-28 02:00:00,35.8,0.071,269.7
sensor_kamppi,2024-01-28 02:00:00,26.2,0.154,245.3
sensor_pasila,2024-01-28 02:00:00,24.6,0.123,232.7
sensor_kallio,2024-01-28 02:30:00,60.3,0.137,272.5
sensor_kamppi,2024-01-28 02:30:00,24.8,0.122,273.3
sensor_pasila,2024-01-28 02:30:00,32.3,0.084,243.9
sensor_kallio,2024-01-28 03:00:00,39.4,0.118,262.8
sensor_kamppi,2024-01-28 03:00:00,33.9,0.126,298.0
sensor_pasila,2024-01-28 03:00:00,36.1,0.09,285.4
sensor_kallio,2024-01-28 03:30:00,22.7,0.085,256.1
sensor_kamppi,2024-01-28 03:30:00,31.0,0.109,294.4
sensor_pasila,2024-01-28 03:30:00,46.4,0.149,265.3
sensor_kallio,2024-01-28 04:00:00,40.5,0.088,318.2
sensor_kamppi,2024-01-28 04:00:00,35.6,0.124,331.2
sensor_pasila,2024-01-28 04:00:00,36.5,0.145,324.4
sensor_kallio,2024-01-28 04:30:00,35.9,0.083,342.7
sensor_kamppi,2024-01-28 04:30:00,28.6,0.161,350.8
sensor_pasila,2024-01-28 04:30:00,41.1,0.114,308.0
sensor_kallio,2024-01-28 05:00:00,35.2,0.174,350.4
sensor_kamppi,2024-01-28 05:00:00,41.1,0.209,365.9
sensor_pasila,2024-01-28 05:00:00,54.5,0.194,379.2
sensor_kallio,2024-01-28 05:30:00,47.2,0.204,357.8
sensor_kamppi,2024-01-28 05:30:00,36.8,0.142,339.3
sensor_pasila,2024-01-28 05:30:00,37.7,0.133,382.8
sensor_kallio,2024-01-28 06:00:00,48.1,0.29,398.0
sensor_kamppi,2024-01-28 06:00:00,37.2,0.263,387.8
sensor_pasila,2024-01-28 06:00:00,36.9,0.306,416.5
sensor_kallio,2024-01-28 06:30:00,41.4,0.302,418.9
sensor_kamppi,2024-01-28 06:30:00,51.8,0.291,416.4
sensor_pasila,2024-01-28 06:30:00,46.2,0.247,432.3
sensor_kallio,2024-01-28 07:00:00,52.0,0.597,448.0
sensor_kamppi,2024-01-28 07:00:00,61.5,0.545,483.9
sensor_pasila,2024-01-28 07:00:00,45.0,0.552,399.6
sensor_kallio,2024-01-28 07:30:00,41.2,0.585,425.7
sensor_kamppi,2024-01-28 07:30:00,35.0,0.604,395.3
sensor_pasila,2024-01-28 07:30:00,42.4,0.647,445.6
sensor_kallio,2024-01-28 08:00:00,48.8,0.756,440.4
sensor_kamppi,2024-01-28 08:00:00,56.5,0.755,440.4
sensor_pasila,2024-01-28 08:00:00,51.3,0.733,424.8
sensor_kallio,2024-01-28 08:30:00,58.7,0.723,438.2
sensor_kamppi,2024-01-28 08:30:00,37.8,0.71,416.9
sensor_pasila,2024-01-28 08:30:00,47.9,0.759,463.5
sensor_kallio,2024-01-28 09:00:00,49.0,0.579,402.3
sensor_kamppi,2024-01-28 09:00:00,69.2,0.608,400.2
sensor_pasila,2024-01-28 09:00:00,55.4,0.569,416.7
sensor_kallio,2024-01-28 09:30:00,44.8,0.541,399.7
sensor_kamppi,2024-01-28 09:30:00,47.9,0.56,401.4
sensor_pasila,2024-01-28 09:30:00,52.2,0.555,430.1
sensor_kallio,2024-01-28 10:00:00,57.1,0.296,365.1
sensor_kamppi,2024-01-28 10:00:00,64.5,0.328,378.2
sensor_pasila,2024-01-28 10:00:00,50.7,0.358,354.4
sensor_kallio,2024-01-28 10:30:00,60.6,0.311,361.1
sensor_kamppi,2024-01-28 10:30:00,61.5,0.273,323.9
sensor_pasila,2024-01-28 10:30:00,60.7,0.319,361.8
sensor_kallio,2024-01-28 11:00:00,56.7,0.127,343.5
sensor_kamppi,2024-01-28 11:00:00,55.7,0.121,332.7
sensor_pasila,2024-01-28 11:00:00,59.7,0.194,275.7
sensor_kallio,2024-01-28 11:30:00,52.0,0.131,322.2
sensor_kamppi,2024-01-28 11:30:00,65.6,0.133,304.7
sensor_pasila,2024-01-28 11:30:00,55.6,0.167,335.7
sensor_kallio,2024-01-28 12:00:00,43.7,0.067,272.5
sensor_kamppi,2024-01-28 12:00:00,47.8,0.144,262.7
sensor_pasila,2024-01-28 12:00:00,56.1,0.087,319.6
sensor_kallio,2024-01-28 12:30:00,49.2,0.087,313.6
sensor_kamppi,2024-01-28 12:30:00,74.4,0.095,261.8
sensor_pasila,2024-01-28 12:30:00,54.1,0.106,272.2
sensor_kallio,2024-01-28 13:00:00,52.3,0.139,240.9
sensor_kamppi,2024-01-28 13:00:00,73.4,0.043,225.0
sensor_pasila,2024-01-28 13:00:00,57.2,0.112,281.0
sensor_kallio,2024-01-28 13:30:00,62.6,0.105,221.9
sensor_kamppi,2024-01-28 13:30:00,59.5,0.094,264.5
sensor_pasila,2024-01-28 13:30:00,45.4,0.085,266.3
sensor_kallio,2024-01-28 14:00:00,51.8,0.09,288.1
sensor_kamppi,2024-01-28 14:00:00,48.7,0.112,266.0
sensor_pasila,2024-01-28 14:00:00,49.7,0.028,285.0
sensor_kallio,2024-01-28 14:30:00,56.7,0.076,242.6
sensor_kamppi,2024-01-28 14:30:00,55.5,0.101,269.0
sensor_pasila,2024-01-28 14:30:00,52.6,0.077,256.1
sensor_kallio,2024-01-28 15:00:00,44.9,0.079,334.5
sensor_kamppi,2024-01-28 15:00:00,59.6,0.089,313.4
sensor_pasila,2024-01-28 15:00:00,58.9,0.091,302.5
sensor_kallio,2024-01-28 15:30:00,52.7,0.129,309.7
sensor_kamppi,2024-01-28 15:30:00,51.8,0.091,285.3
sensor_pasila,2024-01-28 15:30:00,49.4,0.133,289.7
sensor_kallio,2024-01-28 16:00:00,48.4,0.051,363.4
sensor_kamppi,2024-01-28 16:00:00,49.7,0.141,361.5
sensor_pasila,2024-01-28 16:00:00,41.3,0.083,382.1
sensor_kallio,2024-01-28 16:30:00,37.5,0.14,318.0
sensor_kamppi,2024-01-28 16:30:00,32.5,0.12,372.7
sensor_pasila,2024-01-28 16:30:00,42.1,0.096,346.1
sensor_kallio,2024-01-28 17:00:00,41.9,0.136,375.3
sensor_kamppi,2024-01-28 17:00:00,51.2,0.112,407.7
sensor_pasila,2024-01-28 17:00:00,49.3,0.132,409.7
sensor_kallio,2024-01-28 17:30:00,50.2,0.063,392.6
sensor_kamppi,2024-01-28 17:30:00,55.8,0.132,402.0
sensor_pasila,2024-01-28 17:30:00,35.8,0.115,392.0
sensor_kallio,2024-01-28 18:00:00,23.1,0.092,416.2
sensor_kamppi,2024-01-28 18:00:00,48.0,0.055,417.2
sensor_pasila,2024-01-28 18:00:00,45.2,0.089,461.5
sensor_kallio,2024-01-28 18:30:00,46.9,0.071,459.3
sensor_kamppi,2024-01-28 18:30:00,47.5,0.082,410.4
sensor_pasila,2024-01-28 18:30:00,44.0,0.07,465.2
sensor_kallio,2024-01-28 19:00:00,41.5,0.069,389.3
sensor_kamppi,2024-01-28 19:00:00,32.6,0.116,410.4
sensor_pasila,2024-01-28 19:00:00,37.3,0.056,461.9
sensor_kallio,2024-01-28 19:30:00,37.5,0.172,443.6
sensor_kamppi,2024-01-28 19:30:00,54.3,0.139,446.7
sensor_pasila,2024-01-28 19:30:00,28.3,0.113,423.9
sensor_kallio,2024-01-28 20:00:00,36.2,0.075,423.5
sensor_kamppi,2024-01-28 20:00:00,32.3,0.091,410.7
sensor_pasila,2024-01-28 20:00:00,18.7,0.124,405.7
sensor_kallio,2024-01-28 20:30:00,45.9,0.113,441.8
sensor_kamppi,2024-01-28 20:30:00,25.1,0.092,393.5
sensor_pasila,2024-01-28 20:30:00,36.2,0.123,373.2
sensor_kallio,2024-01-28 21:00:00,35.5,0.079,337.5
sensor_kamppi,2024-01-28 21:00:00,20.6,0.111,349.6
sensor_pasila,2024-01-28 21:00:00,32.7,0.088,356.9
sensor_kallio,2024-01-28 21:30:00,21.8,0.086,383.6
sensor_kamppi,2024-01-28 21:30:00,35.4,0.127,359.1
sensor_pasila,2024-01-28 21:30:00,39.4,0.068,391.2
sensor_kallio,2024-01-28 22:00:00,39.7,0.069,328.3
sensor_kamppi,2024-01-28 22:00:00,28.2,0.13,328.2
sensor_pasila,2024-01-28 22:00:00,36.9,0.075,280.0
sensor_kallio,2024-01-28 22:30:00,26.0,0.071,306.4
sensor_kamppi,2024-01-28 22:30:00,28.2,0.081,333.9
sensor_pasila,2024-01-28 22:30:00,34.0,0.122,297.0
sensor_kallio,2024-01-28 23:00:00,29.1,0.147,252.8
sensor_kamppi,2024-01-28 23:00:00,27.9,0.112,268.0
sensor_pasila,2024-01-28 23:00:00,38.8,0.085,285.1
sensor_kallio,2024-01-28 23:30:00,26.2,0.089,268.9
sensor_kamppi,2024-01-28 23:30:00,40.8,0.1,296.8
sensor_pasila,2024-01-28 23:30:00,31.6,0.088,258.5
sensor_kallio,2024-01-29 00:00:00,17.2,0.102,326.1
sensor_kamppi,2024-01-29 00:00:00,29.6,0.107,339.8
sensor_pasila,2024-01-29 00:00:00,30.6,0.105,311.4
sensor_kallio,2024-01-29 00:30:00,31.8,0.056,286.5
sensor_kamppi,2024-01-29 00:30:00,19.5,0.119,292.4
sensor_pasila,2024-01-29 00:30:00,28.3,0.123,289.7
sensor_kallio,2024-01-29 01:00:00,21.4,0.055,305.3
sensor_kamppi,2024-01-29 01:00:00,29.4,0.077,217.9
sensor_pasila,2024-01-29 01:00:00,32.9,0.078,243.0
sensor_kallio,2024-01-29 01:30:00,42.5,0.124,265.7
sensor_kamppi,2024-01-29 01:30:00,15.9,0.159,298.8
sensor_pasila,2024-01-29 01:30:00,39.0,0.123,271.1
sensor_kallio,2024-01-29 02:00:00,29.9,0.096,292.8
sensor_kamppi,2024-01-29 02:00:00,31.4,0.066,256.9
sensor_pasila,2024-01-29 02:00:00,30.0,0.15,232.7
sensor_kallio,2024-01-29 02:30:00,26.7,0.091,229.8
sensor_kamppi,2024-01-29 02:30:00,10.0,0.071,232.5
sensor_pasila,2024-01-29 02:30:00,34.9,0.139,267.1
sensor_kallio,2024-01-29 03:00:00,28.5,0.101,284.2
sensor_kamppi,2024-01-29 03:00:00,34.2,0.065,263.0
sensor_pasila,2024-01-29 03:00:00,40.3,0.11,280.1
sensor_kallio,2024-01-29 03:30:00,33.1,0.096,265.8
sensor_kamppi,2024-01-29 03:30:00,33.5,0.062,303.0
sensor_pasila,2024-01-29 03:30:00,33.4,0.092,249.8
sensor_kallio,2024-01-29 04:00:00,34.1,0.037,325.1
sensor_kamppi,2024-01-29 04:00:00,38.3,0.07,318.6
sensor_pasila,2024-01-29 04:00:00,36.9,0.082,274.2
sensor_kallio,2024-01-29 04:30:00,32.8,0.122,307.5
sensor_kamppi,2024-01-29 04:30:00,24.2,0.095,310.3
sensor_pasila,2024-01-29 04:30:00,39.4,0.069,291.1
sensor_kallio,2024-01-29 05:00:00,39.8,0.157,389.3
sensor_kamppi,2024-01-29 05:00:00,40.0,0.098,355.9
sensor_pasila,2024-01-29 05:00:00,41.6,0.123,334.9
sensor_kallio,2024-01-29 05:30:00,35.0,0.153,373.4
sensor_kamppi,2024-01-29 05:30:00,35.1,0.117,368.3
sensor_pasila,2024-01-29 05:30:00,43.5,0.182,353.3
sensor_kallio,2024-01-29 06:00:00,51.7,0.29,382.8
sensor_kamppi,2024-01-29 06:00:00,53.6,0.317,422.6
sensor_pasila,2024-01-29 06:00:00,49.0,0.315,397.7
sensor_kallio,2024-01-29 06:30:00,31.2,0.28,408.6
sensor_kamppi,2024-01-29 06:30:00,39.3,0.312,436.8
sensor_pasila,2024-01-29 06:30:00,44.5,0.272,436.8
sensor_kallio,2024-01-29 07:00:00,71.6,0.583,391.8
sensor_kamppi,2024-01-29 07:00:00,55.5,0.611,443.3
sensor_pasila,2024-01-29 07:00:00,79.3,0.651,434.4
sensor_kallio,2024-01-29 07:30:00,72.9,0.578,439.5
sensor_kamppi,2024-01-29 07:30:00,83.7,0.562,468.0
sensor_pasila,2024-01-29 07:30:00,63.3,0.599,462.1
sensor_kallio,2024-01-29 08:00:00,77.5,0.769,413.5
sensor_kamppi,2024-01-29 08:00:00,92.2,0.785,422.2
sensor_pasila,2024-01-29 08:00:00,66.1,0.722,425.2
sensor_kallio,2024-01-29 08:30:00,61.6,0.757,446.5
sensor_kamppi,2024-01-29 08:30:00,76.5,0.743,460.4
sensor_pasila,2024-01-29 08:30:00,77.0,0.819,423.9
sensor_kallio,2024-01-29 09:00:00,79.5,0.559,403.8
sensor_kamppi,2024-01-29 09:00:00,86.3,0.599,430.5
sensor_pasila,2024-01-29 09:00:00,82.1,0.563,353.8
sensor_kallio,2024-01-29 09:30:00,62.8,0.645,385.9
sensor_kamppi,2024-01-29 09:30:00,88.7,0.567,391.9
sensor_pasila,2024-01-29 09:30:00,80.9,0.612,425.6
sensor_kallio,2024-01-29 10:00:00,50.1,0.323,364.4
sensor_kamppi,2024-01-29 10:00:00,72.0,0.311,380.8
sensor_pasila,2024-01-29 10:00:00,46.6,0.351,394.1
sensor_kallio,2024-01-29 10:30:00,47.5,0.339,345.1
sensor_kamppi,2024-01-29 10:30:00,56.0,0.287,332.7
sensor_pasila,2024-01-29 10:30:00,52.7,0.283,384.1
sensor_kallio,2024-01-29 11:00:00,46.3,0.129,291.4
sensor_kamppi,2024-01-29 11:00:00,61.8,0.153,327.9
sensor_pasila,2024-01-29 11:00:00,50.9,0.152,331.0
sensor_kallio,2024-01-29 11:30:00,51.5,0.134,314.5
sensor_kamppi,2024-01-29 11:30:00,58.6,0.147,285.8
sensor_pasila,2024-01-29 11:30:00,51.4,0.113,369.8
sensor_kallio,2024-01-29 12:00:00,55.2,0.055,264.7
sensor_kamppi,2024-01-29 12:00:00,42.0,0.176,285.0
sensor_pasila,2024-01-29 12:00:00,51.3,0.143,292.7
sensor_kallio,2024-01-29 12:30:00,48.5,0.075,247.1
sensor_kamppi,2024-01-29 12:30:00,50.6,0.104,268.2
sensor_pasila,2024-01-29 12:30:00,56.6,0.115,271.0
sensor_kallio,2024-01-29 13:00:00,58.9,0.046,256.2
sensor_kamppi,2024-01-29 13:00:00,40.2,0.113,275.3
sensor_pasila,2024-01-29 13:00:00,48.9,0.038,297.8
sensor_kallio,2024-01-29 13:30:00,62.3,0.137,238.2
sensor_kamppi,2024-01-29 13:30:00,58.4,0.109,265.7
sensor_pasila,2024-01-29 13:30:00,59.3,0.168,262.4
sensor_kallio,2024-01-29 14:00:00,53.4,0.144,274.2
sensor_kamppi,2024-01-29 14:00:00,50.0,0.103,309.0
sensor_pasila,2024-01-29 14:00:00,57.5,0.025,309.8
sensor_kallio,2024-01-29 14:30:00,49.4,0.06,300.0
sensor_kamppi,2024-01-29 14:30:00,55.8,0.105,273.2
sensor_pasila,2024-01-29 14:30:00,57.9,0.123,258.3
sensor_kallio,2024-01-29 15:00:00,35.4,0.074,301.7
sensor_kamppi,2024-01-29 15:00:00,43.2,0.135,288.6
sensor_pasila,2024-01-29 15:00:00,46.9,0.145,293.4
sensor_kallio,2024-01-29 15:30:00,51.6,0.089,353.5
sensor_kamppi,2024-01-29 15:30:00,52.7,0.068,288.5
sensor_pasila,2024-01-29 15:30:00,43.9,0.063,330.0
sensor_kallio,2024-01-29 16:00:00,60.3,0.114,366.8
sensor_kamppi,2024-01-29 16:00:00,84.1,0.148,390.5
sensor_pasila,2024-01-29 16:00:00,66.9,0.101,339.5
sensor_kallio,2024-01-29 16:30:00,84.9,0.098,392.2
sensor_kamppi,2024-01-29 16:30:00,79.2,0.087,346.0
sensor_pasila,2024-01-29 16:30:00,69.2,0.087,357.9
sensor_kallio,2024-01-29 17:00:00,76.5,0.138,445.1
sensor_kamppi,2024-01-29 17:00:00,50.7,0.067,400.7
sensor_pasila,2024-01-29 17:00:00,78.5,0.171,399.1
sensor_kallio,2024-01-29 17:30:00,67.7,0.108,446.1
sensor_kamppi,2024-01-29 17:30:00,73.8,0.147,413.8
sensor_pasila,2024-01-29 17:30:00,63.5,0.076,394.4
sensor_kallio,2024-01-29 18:00:00,69.8,0.132,481.4
sensor_kamppi,2024-01-29 18:00:00,69.8,0.102,423.4
sensor_pasila,2024-01-29 18:00:00,65.0,0.125,392.1
sensor_kallio,2024-01-29 18:30:00,56.7,0.06,477.5
sensor_kamppi,2024-01-29 18:30:00,72.1,0.087,445.1
sensor_pasila,2024-01-29 18:30:00,70.7,0.087,443.6
sensor_kallio,2024-01-29 19:00:00,35.3,0.111,441.6
sensor_kamppi,2024-01-29 19:00:00,42.0,0.082,418.3
sensor_pasila,2024-01-29 19:00:00,37.3,0.092,437.0
sensor_kallio,2024-01-29 19:30:00,44.6,0.084,432.4
sensor_kamppi,2024-01-29 19:30:00,39.3,0.098,428.1
sensor_pasila,2024-01-29 19:30:00,31.3,0.059,430.4
sensor_kallio,2024-01-29 20:00:00,41.4,0.161,401.0
sensor_kamppi,2024-01-29 20:00:00,37.6,0.117,417.4
sensor_pasila,2024-01-29 20:00:00,28.8,0.126,421.9
sensor_kallio,2024-01-29 20:30:00,22.5,0.116,418.3
sensor_kamppi,2024-01-29 20:30:00,24.6,0.072,434.5
sensor_pasila,2024-01-29 20:30:00,36.8,0.16,383.6
sensor_kallio,2024-01-29 21:00:00,28.1,0.081,345.7
sensor_kamppi,2024-01-29 21:00:00,24.3,0.099,331.6
sensor_pasila,2024-01-29 21:00:00,28.1,0.082,383.9
sensor_kallio,2024-01-29 21:30:00,31.0,0.115,356.4
sensor_kamppi,2024-01-29 21:30:00,22.4,0.094,379.5
sensor_pasila,2024-01-29 21:30:00,37.2,0.136,408.5
sensor_kallio,2024-01-29 22:00:00,44.9,0.1,308.4
sensor_kamppi,2024-01-29 22:00:00,31.9,0.106,300.7
sensor_pasila,2024-01-29 22:00:00,22.8,0.112,297.3
sensor_kallio,2024-01-29 22:30:00,29.1,0.053,333.3
sensor_kamppi,2024-01-29 22:30:00,16.0,0.157,292.9
sensor_pasila,2024-01-29 22:30:00,32.9,0.097,289.6
sensor_kallio,2024-01-29 23:00:00,24.9,0.118,263.2
sensor_kamppi,2024-01-29 23:00:00,39.0,0.097,259.1
sensor_pasila,2024-01-29 23:00:00,30.7,0.119,286.3
sensor_kallio,2024-01-29 23:30:00,43.4,0.078,249.1
sensor_kamppi,2024-01-29 23:30:00,40.2,0.078,274.2
sensor_pasila,2024-01-29 23:30:00,24.9,0.087,261.5
sensor_kallio,2024-01-30 00:00:00,32.5,0.111,301.5
sensor_kamppi,2024-01-30 00:00:00,23.5,0.126,281.3
sensor_pasila,2024-01-30 00:00:00,29.3,0.093,316.4
sensor_kallio,2024-01-30 00:30:00,39.1,0.116,327.6
sensor_kamppi,2024-01-30 00:30:00,24.1,0.098,282.4
sensor_pasila,2024-01-30 00:30:00,33.1,0.066,330.7
sensor_kallio,2024-01-30 01:00:00,29.9,0.149,261.7
sensor_kamppi,2024-01-30 01:00:00,29.4,0.057,292.6
sensor_pasila,2024-01-30 01:00:00,33.3,0.129,233.0
sensor_kallio,2024-01-30 01:30:00,34.4,0.147,306.3
sensor_kamppi,2024-01-30 01:30:00,22.2,0.164,247.6
sensor_pasila,2024-01-30 01:30:00,26.3,0.132,251.3
sensor_kallio,2024-01-30 02:00:00,34.2,0.088,297.8
sensor_kamppi,2024-01-30 02:00:00,34.6,0.156,270.7
sensor_pasila,2024-01-30 02:00:00,29.3,0.16,261.3
sensor_kallio,2024-01-30 02:30:00,37.3,0.113,295.3
sensor_kamppi,2024-01-30 02:30:00,19.2,0.15,225.5
sensor_pasila,2024-01-30 02:30:00,28.8,0.054,262.9
sensor_kallio,2024-01-30 03:00:00,35.2,0.114,232.7
sensor_kamppi,2024-01-30 03:00:00,27.8,0.118,289.4
sensor_pasila,2024-01-30 03:00:00,29.2,0.092,286.3
sensor_kallio,2024-01-30 03:30:00,43.4,0.02,283.3
sensor_kamppi,2024-01-30 03:30:00,28.0,0.04,301.6
sensor_pasila,2024-01-30 03:30:00,34.9,0.12,289.7
sensor_kallio,2024-01-30 04:00:00,39.0,0.09,296.9
sensor_kamppi,2024-01-30 04:00:00,45.5,0.109,314.7
sensor_pasila,2024-01-30 04:00:00,35.4,0.054,335.3
sensor_kallio,2024-01-30 04:30:00,35.0,0.132,349.7
sensor_kamppi,2024-01-30 04:30:00,62.7,0.092,273.2
sensor_pasila,2024-01-30 04:30:00,34.7,0.168,308.0
sensor_kallio,2024-01-30 05:00:00,45.4,0.152,355.8
sensor_kamppi,2024-01-30 05:00:00,51.5,0.201,412.7
sensor_pasila,2024-01-30 05:00:00,43.9,0.102,379.0
sensor_kallio,2024-01-30 05:30:00,40.5,0.128,314.6
sensor_kamppi,2024-01-30 05:30:00,53.8,0.166,363.0
sensor_pasila,2024-01-30 05:30:00,41.1,0.17,348.8
sensor_kallio,2024-01-30 06:00:00,51.8,0.35,414.4
sensor_kamppi,2024-01-30 06:00:00,52.7,0.233,402.9
sensor_pasila,2024-01-30 06:00:00,34.3,0.303,422.6
sensor_kallio,2024-01-30 06:30:00,46.8,0.288,429.1
sensor_kamppi,2024-01-30 06:30:00,42.5,0.303,408.6
sensor_pasila,2024-01-30 06:30:00,36.7,0.287,410.7
sensor_kallio,2024-01-30 07:00:00,69.5,0.579,464.0
sensor_kamppi,2024-01-30 07:00:00,71.1,0.583,432.4
sensor_pasila,2024-01-30 07:00:00,65.1,0.628,432.4
sensor_kallio,2024-01-30 07:30:00,74.3,0.562,409.1
sensor_kamppi,2024-01-30 07:30:00,63.8,0.63,457.5
sensor_pasila,2024-01-30 07:30:00,66.0,0.561,446.4
sensor_kallio,2024-01-30 08:00:00,85.9,0.733,414.4
sensor_kamppi,2024-01-30 08:00:00,71.7,0.743,480.3
sensor_pasila,2024-01-30 08:00:00,77.3,0.744,427.5
sensor_kallio,2024-01-30 08:30:00,70.2,0.735,435.8
sensor_kamppi,2024-01-30 08:30:00,82.2,0.7,442.5
sensor_pasila,2024-01-30 08:30:00,76.7,0.738,444.6
sensor_kallio,2024-01-30 09:00:00,81.3,0.534,410.4
sensor_kamppi,2024-01-30 09:00:00,76.3,0.638,411.7
sensor_pasila,2024-01-30 09:00:00,82.1,0.553,424.2
sensor_kallio,2024-01-30 09:30:00,85.6,0.607,392.5
sensor_kamppi,2024-01-30 09:30:00,89.7,0.546,416.6
sensor_pasila,2024-01-30 09:30:00,79.0,0.578,395.8
sensor_kallio,2024-01-30 10:00:00,53.5,0.287,403.2
sensor_kamppi,2024-01-30 10:00:00,67.0,0.352,362.8
sensor_pasila,2024-01-30 10:00:00,53.8,0.309,377.4
sensor_kallio,2024-01-30 10:30:00,56.5,0.266,357.8
sensor_kamppi,2024-01-30 10:30:00,63.3,0.383,351.8
sensor_pasila,2024-01-30 10:30:00,51.6,0.288,391.1
sensor_kallio,2024-01-30 11:00:00,55.6,0.137,312.1
sensor_kamppi,2024-01-30 11:00:00,55.0,0.154,323.1
sensor_pasila,2024-01-30 11:00:00,57.9,0.175,341.8
sensor_kallio,2024-01-30 11:30:00,52.1,0.142,303.6
sensor_kamppi,2024-01-30 11:30:00,57.4,0.17,323.1
sensor_pasila,2024-01-30 11:30:00,53.9,0.119,291.1
sensor_kallio,2024-01-30 12:00:00,46.9,0.084,267.8
sensor_kamppi,2024-01-30 12:00:00,63.9,0.128,243.3
sensor_pasila,2024-01-30 12:00:00,46.4,0.097,287.4
sensor_kallio,2024-01-30 12:30:00,52.5,0.106,265.1
sensor_kamppi,2024-01-30 12:30:00,62.1,0.116,269.5
sensor_pasila,2024-01-30 12:30:00,46.7,0.111,265.0
sensor_kallio,2024-01-30 13:00:00,53.4,0.053,290.9
sensor_kamppi,2024-01-30 13:00:00,53.6,0.134,272.0
sensor_pasila,2024-01-30 13:00:00,56.5,0.086,245.4
sensor_kallio,2024-01-30 13:30:00,42.8,0.122,264.3
sensor_kamppi,2024-01-30 13:30:00,58.2,0.073,256.9
sensor_pasila,2024-01-30 13:30:00,46.7,0.049,258.1
sensor_kallio,2024-01-30 14:00:00,40.3,0.204,282.2
sensor_kamppi,2024-01-30 14:00:00,62.9,0.127,277.4
sensor_pasila,2024-01-30 14:00:00,45.1,0.107,306.8
sensor_kallio,2024-01-30 14:30:00,44.2,0.133,268.6
sensor_kamppi,2024-01-30 14:30:00,59.3,0.081,293.4
sensor_pasila,2024-01-30 14:30:00,57.0,0.094,274.6
sensor_kallio,2024-01-30 15:00:00,51.9,0.12,339.4
sensor_kamppi,2024-01-30 15:00:00,47.1,0.096,313.2
sensor_pasila,2024-01-30 15:00:00,49.9,0.057,323.7
sensor_kallio,2024-01-30 15:30:00,56.3,0.105,319.4
sensor_kamppi,2024-01-30 15:30:00,43.6,0.111,309.0
sensor_pasila,2024-01-30 15:30:00,48.9,0.08,321.9
sensor_kallio,2024-01-30 16:00:00,78.6,0.089,365.2
sensor_kamppi,2024-01-30 16:00:00,81.5,0.095,340.9
sensor_pasila,2024-01-30 16:00:00,72.9,0.094,368.8
sensor_kallio,2024-01-30 16:30:00,69.6,0.111,360.2
sensor_kamppi,2024-01-30 16:30:00,65.0,0.131,358.4
sensor_pasila,2024-01-30 16:30:00,73.7,0.151,349.4
sensor_kallio,2024-01-30 17:00:00,66.0,0.102,404.4
sensor_kamppi,2024-01-30 17:00:00,72.5,0.069,386.4
sensor_pasila,2024-01-30 17:00:00,64.7,0.107,419.8
sensor_kallio,2024-01-30 17:30:00,71.1,0.091,372.8
sensor_kamppi,2024-01-30 17:30:00,73.3,0.078,415.7
sensor_pasila,2024-01-30 17:30:00,66.7,0.071,415.4
sensor_kallio,2024-01-30 18:00:00,65.5,0.126,440.5
sensor_kamppi,2024-01-30 18:00:00,84.1,0.074,477.4
sensor_pasila,2024-01-30 18:00:00,72.6,0.091,411.6
sensor_kallio,2024-01-30 18:30:00,60.8,0.09,447.8
sensor_kamppi,2024-01-30 18:30:00,70.0,0.119,400.5
sensor_pasila,2024-01-30 18:30:00,54.0,0.105,462.9
sensor_kallio,2024-01-30 19:00:00,37.1,0.155,413.8
sensor_kamppi,2024-01-30 19:00:00,36.8,0.136,439.2
sensor_pasila,2024-01-30 19:00:00,42.9,0.128,430.4
sensor_kallio,2024-01-30 19:30:00,34.0,0.059,437.9
sensor_kamppi,2024-01-30 19:30:00,55.5,0.052,434.1
sensor_pasila,2024-01-30 19:30:00,41.4,0.109,401.4
sensor_kallio,2024-01-30 20:00:00,32.9,0.116,412.6
sensor_kamppi,2024-01-30 20:00:00,30.7,0.101,436.9
sensor_pasila,2024-01-30 20:00:00,29.2,0.15,397.4
sensor_kallio,2024-01-30 20:30:00,33.9,0.096,426.0
sensor_kamppi,2024-01-30 20:30:00,47.1,0.096,372.3
sensor_pasila,2024-01-30 20:30:00,31.4,0.054,368.7
sensor_kallio,2024-01-30 21:00:00,28.7,0.091,358.6
sensor_kamppi,2024-01-30 21:00:00,15.4,0.118,395.6
sensor_pasila,2024-01-30 21:00:00,29.8,0.152,329.2
sensor_kallio,2024-01-30 21:30:00,37.6,0.123,363.0
sensor_kamppi,2024-01-30 21:30:00,33.0,0.105,342.3
sensor_pasila,2024-01-30 21:30:00,24.7,0.13,372.6
sensor_kallio,2024-01-30 22:00:00,33.7,0.091,293.3
sensor_kamppi,2024-01-30 22:00:00,21.4,0.058,292.5
sensor_pasila,2024-01-30 22:00:00,33.5,0.115,306.1
sensor_kallio,2024-01-30 22:30:00,41.2,0.083,314.6
sensor_kamppi,2024-01-30 22:30:00,47.7,0.154,339.8
sensor_pasila,2024-01-30 22:30:00,37.5,0.073,305.0
sensor_kallio,2024-01-30 23:00:00,25.5,0.144,245.7
sensor_kamppi,2024-01-30 23:00:00,25.6,0.082,256.5
sensor_pasila,2024-01-30 23:00:00,25.6,0.151,288.4
sensor_kallio,2024-01-30 23:30:00,31.2,0.064,262.1
sensor_kamppi,2024-01-30 23:30:00,32.5,0.093,270.3
sensor_pasila,2024-01-30 23:30:00,27.4,0.11,275.4
sensor_kallio,2024-01-31 00:00:00,35.3,0.13,324.8
sensor_kamppi,2024-01-31 00:00:00,27.7,0.102,257.7
sensor_pasila,2024-01-31 00:00:00,27.7,0.126,311.3
sensor_kallio,2024-01-31 00:30:00,22.3,0.065,304.4
sensor_kamppi,2024-01-31 00:30:00,24.1,0.077,332.1
sensor_pasila,2024-01-31 00:30:00,38.1,0.113,291.1
sensor_kallio,2024-01-31 01:00:00,43.2,0.144,271.4
sensor_kamppi,2024-01-31 01:00:00,39.0,0.076,252.3
sensor_pasila,2024-01-31 01:00:00,40.7,0.119,273.3
sensor_kallio,2024-01-31 01:30:00,33.6,0.104,286.7
sensor_kamppi,2024-01-31 01:30:00,43.2,0.15,254.8
sensor_pasila,2024-01-31 01:30:00,31.6,0.102,242.7
sensor_kallio,2024-01-31 02:00:00,45.4,0.106,228.3
sensor_kamppi,2024-01-31 02:00:00,34.2,0.088,234.1
sensor_pasila,2024-01-31 02:00:00,40.0,0.11,264.8
sensor_kallio,2024-01-31 02:30:00,42.5,0.147,259.4
sensor_kamppi,2024-01-31 02:30:00,25.2,0.086,267.6
sensor_pasila,2024-01-31 02:30:00,31.7,0.109,282.1
sensor_kallio,2024-01-31 03:00:00,46.0,0.075,267.4
sensor_kamppi,2024-01-31 03:00:00,48.5,0.083,271.6
sensor_pasila,2024-01-31 03:00:00,38.0,0.14,263.4
sensor_kallio,2024-01-31 03:30:00,41.4,0.099,282.5
sensor_kamppi,2024-01-31 03:30:00,35.5,0.107,249.3
sensor_pasila,2024-01-31 03:30:00,31.6,0.07,270.9
sensor_kallio,2024-01-31 04:00:00,39.7,0.114,322.3
sensor_kamppi,2024-01-31 04:00:00,23.4,0.12,301.7
sensor_pasila,2024-01-31 04:00:00,31.4,0.084,326.1
sensor_kallio,2024-01-31 04:30:00,29.8,0.148,287.1
sensor_kamppi,2024-01-31 04:30:00,36.7,0.113,293.0
sensor_pasila,2024-01-31 04:30:00,34.3,0.123,301.1
sensor_kallio,2024-01-31 05:00:00,36.0,0.144,364.6
sensor_kamppi,2024-01-31 05:00:00,48.2,0.128,382.3
sensor_pasila,2024-01-31 05:00:00,40.5,0.098,342.7
sensor_kallio,2024-01-31 05:30:00,43.8,0.147,316.9
sensor_kamppi,2024-01-31 05:30:00,28.6,0.15,370.2
sensor_pasila,2024-01-31 05:30:00,34.9,0.156,358.9
sensor_kallio,2024-01-31 06:00:00,45.2,0.299,414.9
sensor_kamppi,2024-01-31 06:00:00,45.7,0.323,409.7
sensor_pasila,2024-01-31 06:00:00,50.5,0.299,401.8
sensor_kallio,2024-01-31 06:30:00,27.4,0.323,419.6
sensor_kamppi,2024-01-31 06:30:00,28.9,0.236,407.6
sensor_pasila,2024-01-31 06:30:00,40.3,0.291,437.2
sensor_kallio,2024-01-31 07:00:00,72.5,0.591,444.4
sensor_kamppi,2024-01-31 07:00:00,76.8,0.516,448.7
sensor_pasila,2024-01-31 07:00:00,84.0,0.577,457.0
sensor_kallio,2024-01-31 07:30:00,79.8,0.634,425.9
sensor_kamppi,2024-01-31 07:30:00,89.9,0.536,440.8
sensor_pasila,2024-01-31 07:30:00,75.2,0.578,414.5
sensor_kallio,2024-01-31 08:00:00,83.6,0.72,435.7
sensor_kamppi,2024-01-31 08:00:00,77.6,0.74,433.5
sensor_pasila,2024-01-31 08:00:00,74.2,0.73,420.7
sensor_kallio,2024-01-31 08:30:00,79.6,0.781,441.2
sensor_kamppi,2024-01-31 08:30:00,69.4,0.754,478.8
sensor_pasila,2024-01-31 08:30:00,76.4,0.708,394.2
sensor_kallio,2024-01-31 09:00:00,85.2,0.55,406.0
sensor_kamppi,2024-01-31 09:00:00,70.8,0.579,438.2
sensor_pasila,2024-01-31 09:00:00,80.5,0.579,395.1
sensor_kallio,2024-01-31 09:30:00,65.5,0.593,408.4
sensor_kamppi,2024-01-31 09:30:00,59.2,0.561,379.5
sensor_pasila,2024-01-31 09:30:00,74.6,0.596,378.0
sensor_kallio,2024-01-31 10:00:00,53.3,0.274,378.2
sensor_kamppi,2024-01-31 10:00:00,58.6,0.315,339.3
sensor_pasila,2024-01-31 10:00:00,46.1,0.345,358.2
sensor_kallio,2024-01-31 10:30:00,45.0,0.281,387.7
sensor_kamppi,2024-01-31 10:30:00,42.6,0.321,322.2
sensor_pasila,2024-01-31 10:30:00,63.9,0.301,350.7
sensor_kallio,2024-01-31 11:00:00,47.1,0.09,302.0
sensor_kamppi,2024-01-31 11:00:00,44.9,0.158,309.2
sensor_pasila,2024-01-31 11:00:00,53.9,0.162,336.8
sensor_kallio,2024-01-31 11:30:00,49.4,0.11,318.8
sensor_kamppi,2024-01-31 11:30:00,45.1,0.088,286.4
sensor_pasila,2024-01-31 11:30:00,63.3,0.162,310.0
sensor_kallio,2024-01-31 12:00:00,48.2,0.141,271.2
sensor_kamppi,2024-01-31 12:00:00,34.1,0.032,247.9
sensor_pasila,2024-01-31 12:00:00,56.0,0.052,242.8
sensor_kallio,2024-01-31 12:30:00,61.5,0.173,230.9
sensor_kamppi,2024-01-31 12:30:00,41.9,0.096,258.8
sensor_pasila,2024-01-31 12:30:00,51.8,0.038,257.6
sensor_kallio,2024-01-31 13:00:00,51.7,0.055,263.4
sensor_kamppi,2024-01-31 13:00:00,41.1,0.074,291.9
sensor_pasila,2024-01-31 13:00:00,44.2,0.151,221.4
sensor_kallio,2024-01-31 13:30:00,50.5,0.106,276.3
sensor_kamppi,2024-01-31 13:30:00,38.4,0.128,280.4
sensor_pasila,2024-01-31 13:30:00,56.8,0.046,268.9
sensor_kallio,2024-01-31 14:00:00,54.1,0.088,308.0
sensor_kamppi,2024-01-31 14:00:00,50.6,0.086,272.2
sensor_pasila,2024-01-31 14:00:00,51.7,0.109,286.6
sensor_kallio,2024-01-31 14:30:00,48.9,0.053,293.2
sensor_kamppi,2024-01-31 14:30:00,46.1,0.096,274.2
sensor_pasila,2024-01-31 14:30:00,49.5,0.115,274.4
sensor_kallio,2024-01-31 15:00:00,52.8,0.148,325.0
sensor_kamppi,2024-01-31 15:00:00,51.3,0.13,304.9
sensor_pasila,2024-01-31 15:00:00,44.8,0.124,305.8
sensor_kallio,2024-01-31 15:30:00,42.4,0.084,320.1
sensor_kamppi,2024-01-31 15:30:00,36.0,0.117,283.8
sensor_pasila,2024-01-31 15:30:00,48.9,0.134,317.2
sensor_kallio,2024-01-31 16:00:00,76.1,0.105,392.4
sensor_kamppi,2024-01-31 16:00:00,73.1,0.119,346.9
sensor_pasila,2024-01-31 16:00:00,67.9,0.097,351.5
sensor_kallio,2024-01-31 16:30:00,61.1,0.053,404.9
sensor_kamppi,2024-01-31 16:30:00,67.8,0.1,384.4
sensor_pasila,2024-01-31 16:30:00,71.5,0.128,349.3
sensor_kallio,2024-01-31 17:00:00,64.2,0.097,403.5
sensor_kamppi,2024-01-31 17:00:00,51.3,0.129,398.3
sensor_pasila,2024-01-31 17:00:00,67.0,0.078,413.9
sensor_kallio,2024-01-31 17:30:00,66.8,0.081,440.8
sensor_kamppi,2024-01-31 17:30:00,71.3,0.083,406.2
sensor_pasila,2024-01-31 17:30:00,67.4,0.141,437.4
sensor_kallio,2024-01-31 18:00:00,67.1,0.031,414.1
sensor_kamppi,2024-01-31 18:00:00,67.9,0.055,443.4
sensor_pasila,2024-01-31 18:00:00,55.2,0.144,432.7
sensor_kallio,2024-01-31 18:30:00,62.1,0.06,420.4
sensor_kamppi,2024-01-31 18:30:00,42.4,0.104,433.1
sensor_pasila,2024-01-31 18:30:00,66.8,0.093,453.7
sensor_kallio,2024-01-31 19:00:00,39.1,0.111,443.3
sensor_kamppi,2024-01-31 19:00:00,30.3,0.097,436.5
sensor_pasila,2024-01-31 19:00:00,37.5,0.046,464.8
sensor_kallio,2024-01-31 19:30:00,29.3,0.118,439.8
sensor_kamppi,2024-01-31 19:30:00,27.9,0.138,444.5
sensor_pasila,2024-01-31 19:30:00,33.0,0.056,446.9
sensor_kallio,2024-01-31 20:00:00,36.3,0.093,429.7
sensor_kamppi,2024-01-31 20:00:00,46.1,0.136,400.1
sensor_pasila,2024-01-31 20:00:00,29.1,0.111,407.3
sensor_kallio,2024-01-31 20:30:00,32.2,0.054,403.7
sensor_kamppi,2024-01-31 20:30:00,30.4,0.089,392.6
sensor_pasila,2024-01-31 20:30:00,34.2,0.071,401.2
sensor_kallio,2024-01-31 21:00:00,36.6,0.109,379.8
sensor_kamppi,2024-01-31 21:00:00,28.6,0.045,388.0
sensor_pasila,2024-01-31 21:00:00,40.1,0.066,370.6
sensor_kallio,2024-01-31 21:30:00,34.5,0.06,349.3
sensor_kamppi,2024-01-31 21:30:00,10.0,0.134,351.0
sensor_pasila,2024-01-31 21:30:00,34.4,0.148,376.4
sensor_kallio,2024-01-31 22:00:00,33.3,0.128,297.7
sensor_kamppi,2024-01-31 22:00:00,27.7,0.11,319.7
sensor_pasila,2024-01-31 22:00:00,30.2,0.096,344.0
sensor_kallio,2024-01-31 22:30:00,34.9,0.134,330.5
sensor_kamppi,2024-01-31 22:30:00,29.3,0.098,319.1
sensor_pasila,2024-01-31 22:30:00,28.6,0.152,292.2
sensor_kallio,2024-01-31 23:00:00,31.4,0.082,249.9
sensor_kamppi,2024-01-31 23:00:00,31.8,0.124,284.0
sensor_pasila,2024-01-31 23:00:00,25.8,0.072,276.2
sensor_kallio,2024-01-31 23:30:00,26.3,0.125,289.5
sensor_kamppi,2024-01-31 23:30:00,32.4,0.091,213.5
sensor_pasila,2024-01-31 23:30:00,28.8,0.079,266.4
sensor_kallio,2024-02-01 00:00:00,30.7,0.043,302.0
sensor_kamppi,2024-02-01 00:00:00,35.9,0.099,318.2
sensor_pasila,2024-02-01 00:00:00,21.2,0.125,312.1
sensor_kallio,2024-02-01 00:30:00,28.8,0.067,270.5
sensor_kamppi,2024-02-01 00:30:00,19.8,0.126,333.5
sensor_pasila,2024-02-01 00:30:00,24.2,0.129,331.0
sensor_kallio,2024-02-01 01:00:00,35.3,0.039,252.0
sensor_kamppi,2024-02-01 01:00:00,18.3,0.122,295.0
sensor_pasila,2024-02-01 01:00:00,29.6,0.15,267.9
sensor_kallio,2024-02-01 01:30:00,32.3,0.112,275.9
sensor_kamppi,2024-02-01 01:30:00,36.0,0.089,260.3
sensor_pasila,2024-02-01 01:30:00,27.9,0.074,286.3
sensor_kallio,2024-02-01 02:00:00,39.0,0.037,249.8
sensor_kamppi,2024-02-01 02:00:00,45.2,0.088,273.2
sensor_pasila,2024-02-01 02:00:00,39.2,0.089,227.4
sensor_kallio,2024-02-01 02:30:00,42.8,0.083,229.4
sensor_kamppi,2024-02-01 02:30:00,45.6,0.081,244.1
sensor_pasila,2024-02-01 02:30:00,28.0,0.087,259.7
sensor_kallio,2024-02-01 03:00:00,29.6,0.102,244.4
sensor_kamppi,2024-02-01 03:00:00,34.5,0.1,288.3
sensor_pasila,2024-02-01 03:00:00,35.5,0.125,255.2
sensor_kallio,2024-02-01 03:30:00,35.5,0.155,248.1
sensor_kamppi,2024-02-01 03:30:00,27.5,0.089,259.5
sensor_pasila,2024-02-01 03:30:00,44.8,0.07,270.2
sensor_kallio,2024-02-01 04:00:00,38.3,0.137,292.7
sensor_kamppi,2024-02-01 04:00:00,24.5,0.118,304.2
sensor_pasila,2024-02-01 04:00:00,39.4,0.081,303.9
sensor_kallio,2024-02-01 04:30:00,32.8,0.08,306.5
sensor_kamppi,2024-02-01 04:30:00,42.8,0.068,326.1
sensor_pasila,2024-02-01 04:30:00,46.0,0.136,291.2
sensor_kallio,2024-02-01 05:00:00,45.4,0.196,368.1
sensor_kamppi,2024-02-01 05:00:00,36.4,0.124,343.2
sensor_pasila,2024-02-01 05:00:00,42.2,0.18,358.6
sensor_kallio,2024-02-01 05:30:00,51.0,0.129,359.3
sensor_kamppi,2024-02-01 05:30:00,36.0,0.131,397.8
sensor_pasila,2024-02-01 05:30:00,40.1,0.148,361.8
sensor_kallio,2024-02-01 06:00:00,51.2,0.364,428.4
sensor_kamppi,2024-02-01 06:00:00,40.3,0.339,407.1
sensor_pasila,2024-02-01 06:00:00,44.0,0.337,410.6
sensor_kallio,2024-02-01 06:30:00,47.3,0.223,433.4
sensor_kamppi,2024-02-01 06:30:00,35.7,0.28,400.9
sensor_pasila,2024-02-01 06:30:00,46.8,0.311,425.8
sensor_kallio,2024-02-01 07:00:00,73.7,0.574,445.6
sensor_kamppi,2024-02-01 07:00:00,66.4,0.561,431.6
sensor_pasila,2024-02-01 07:00:00,75.4,0.517,431.1
sensor_kallio,2024-02-01 07:30:00,68.6,0.614,420.0
sensor_kamppi,2024-02-01 07:30:00,82.1,0.585,424.9
sensor_pasila,2024-02-01 07:30:00,70.2,0.564,442.5
sensor_kallio,2024-02-01 08:00:00,68.8,0.724,433.7
sensor_kamppi,2024-02-01 08:00:00,88.1,0.759,426.7
sensor_pasila,2024-02-01 08:00:00,71.4,0.741,443.1
sensor_kallio,2024-02-01 08:30:00,87.9,0.759,424.3
sensor_kamppi,2024-02-01 08:30:00,57.0,0.7,463.9
sensor_pasila,2024-02-01 08:30:00,79.9,0.774,434.2
sensor_kallio,2024-02-01 09:00:00,74.3,0.585,416.6
sensor_kamppi,2024-02-01 09:00:00,71.6,0.566,411.6
sensor_pasila,2024-02-01 09:00:00,79.0,0.602,420.1
sensor_kallio,2024-02-01 09:30:00,80.6,0.569,433.2
sensor_kamppi,2024-02-01 09:30:00,69.4,0.566,410.7
sensor_pasila,2024-02-01 09:30:00,79.6,0.625,424.1
sensor_kallio,2024-02-01 10:00:00,42.9,0.316,341.3
sensor_kamppi,2024-02-01 10:00:00,62.8,0.272,379.0
sensor_pasila,2024-02-01 10:00:00,52.2,0.36,326.7
sensor_kallio,2024-02-01 10:30:00,54.2,0.273,359.3
sensor_kamppi,2024-02-01 10:30:00,39.8,0.299,376.3
sensor_pasila,2024-02-01 10:30:00,47.8,0.266,384.3
sensor_kallio,2024-02-01 11:00:00,45.3,0.118,285.9
sensor_kamppi,2024-02-01 11:00:00,66.2,0.152,327.9
sensor_pasila,2024-02-01 11:00:00,50.9,0.158,307.5
sensor_kallio,2024-02-01 11:30:00,58.9,0.118,297.9
sensor_kamppi,2024-02-01 11:30:00,77.1,0.156,312.3
sensor_pasila,2024-02-01 11:30:00,61.7,0.094,321.8
sensor_kallio,2024-02-01 12:00:00,48.7,0.123,255.4
sensor_kamppi,2024-02-01 12:00:00,61.5,0.095,229.2
sensor_pasila,2024-02-01 12:00:00,56.8,0.118,275.0
sensor_kallio,2024-02-01 12:30:00,60.2,0.14,272.0
sensor_kamppi,2024-02-01 12:30:00,63.2,0.157,255.9
sensor_pasila,2024-02-01 12:30:00,48.2,0.127,236.5
sensor_kallio,2024-02-01 13:00:00,59.0,0.097,258.6
sensor_kamppi,2024-02-01 13:00:00,48.1,0.112,253.6
sensor_pasila,2024-02-01 13:00:00,51.9,0.091,298.7
sensor_kallio,2024-02-01 13:30:00,60.1,0.076,262.8
sensor_kamppi,2024-02-01 13:30:00,57.5,0.082,270.5
sensor_pasila,2024-02-01 13:30:00,50.6,0.087,280.5
sensor_kallio,2024-02-01 14:00:00,50.8,0.113,300.1
sensor_kamppi,2024-02-01 14:00:00,55.2,0.116,224.0
sensor_pasila,2024-02-01 14:00:00,53.4,0.093,226.9
sensor_kallio,2024-02-01 14:30:00,45.5,0.117,263.4
sensor_kamppi,2024-02-01 14:30:00,52.8,0.082,270.7
sensor_pasila,2024-02-01 14:30:00,48.7,0.144,294.4
sensor_kallio,2024-02-01 15:00:00,49.6,0.114,278.3
sensor_kamppi,2024-02-01 15:00:00,51.9,0.097,299.8
sensor_pasila,2024-02-01 15:00:00,51.4,0.091,350.5
sensor_kallio,2024-02-01 15:30:00,48.8,0.104,287.3
sensor_kamppi,2024-02-01 15:30:00,59.8,0.105,321.3
sensor_pasila,2024-02-01 15:30:00,48.9,0.117,314.7
sensor_kallio,2024-02-01 16:00:00,79.5,0.144,375.1
sensor_kamppi,2024-02-01 16:00:00,58.8,0.096,376.7
sensor_pasila,2024-02-01 16:00:00,71.2,0.113,362.3
sensor_kallio,2024-02-01 16:30:00,80.1,0.1,354.5
sensor_kamppi,2024-02-01 16:30:00,69.9,0.101,327.2
sensor_pasila,2024-02-01 16:30:00,72.3,0.087,343.9
sensor_kallio,2024-02-01 17:00:00,60.1,0.092,358.1
sensor_kamppi,2024-02-01 17:00:00,63.0,0.126,402.1
sensor_pasila,2024-02-01 17:00:00,60.7,0.071,408.5
sensor_kallio,2024-02-01 17:30:00,55.3,0.07,405.6
sensor_kamppi,2024-02-01 17:30:00,55.2,0.099,413.2
sensor_pasila,2024-02-01 17:30:00,63.8,0.077,397.4
sensor_kallio,2024-02-01 18:00:00,61.0,0.139,419.8
sensor_kamppi,2024-02-01 18:00:00,69.0,0.082,448.7
sensor_pasila,2024-02-01 18:00:00,64.2,0.105,410.1
sensor_kallio,2024-02-01 18:30:00,67.8,0.136,468.3
sensor_kamppi,2024-02-01 18:30:00,68.1,0.052,426.3
sensor_pasila,2024-02-01 18:30:00,60.5,0.1,439.9
sensor_kallio,2024-02-01 19:00:00,37.1,0.132,414.0
sensor_kamppi,2024-02-01 19:00:00,36.9,0.039,445.3
sensor_pasila,2024-02-01 19:00:00,31.0,0.107,482.4
sensor_kallio,2024-02-01 19:30:00,41.4,0.154,409.0
sensor_kamppi,2024-02-01 19:30:00,35.1,0.11,417.0
sensor_pasila,2024-02-01 19:30:00,37.1,0.082,418.8
sensor_kallio,2024-02-01 20:00:00,28.2,0.084,385.9
sensor_kamppi,2024-02-01 20:00:00,32.6,0.155,392.4
sensor_pasila,2024-02-01 20:00:00,28.9,0.104,424.3
sensor_kallio,2024-02-01 20:30:00,48.3,0.147,462.3
sensor_kamppi,2024-02-01 20:30:00,43.1,0.138,408.0
sensor_pasila,2024-02-01 20:30:00,34.6,0.107,432.4
sensor_kallio,2024-02-01 21:00:00,38.6,0.105,368.6
sensor_kamppi,2024-02-01 21:00:00,21.0,0.082,350.6
sensor_pasila,2024-02-01 21:00:00,37.3,0.111,377.3
sensor_kallio,2024-02-01 21:30:00,36.9,0.049,364.6
sensor_kamppi,2024-02-01 21:30:00,48.5,0.112,358.5
sensor_pasila,2024-02-01 21:30:00,25.2,0.172,383.5
sensor_kallio,2024-02-01 22:00:00,36.6,0.088,299.7
sensor_kamppi,2024-02-01 22:00:00,21.3,0.096,295.7
sensor_pasila,2024-02-01 22:00:00,37.4,0.152,327.6
sensor_kallio,2024-02-01 22:30:00,34.2,0.093,314.8
sensor_kamppi,2024-02-01 22:30:00,22.3,0.17,320.1
sensor_pasila,2024-02-01 22:30:00,36.5,0.051,329.7
sensor_kallio,2024-02-01 23:00:00,35.1,0.131,271.0
sensor_kamppi,2024-02-01 23:00:00,52.2,0.111,272.5
sensor_pasila,2024-02-01 23:00:00,32.5,0.082,265.1
sensor_kallio,2024-02-01 23:30:00,30.3,0.02,283.6
sensor_kamppi,2024-02-01 23:30:00,40.4,0.084,291.9
sensor_pasila,2024-02-01 23:30:00,32.7,0.134,256.1
sensor_kallio,2024-02-02 00:00:00,43.9,0.092,326.1
sensor_kamppi,2024-02-02 00:00:00,28.3,0.041,296.1
sensor_pasila,2024-02-02 00:00:00,32.2,0.075,298.7
sensor_kallio,2024-02-02 00:30:00,23.0,0.072,278.2
sensor_kamppi,2024-02-02 00:30:00,17.6,0.076,323.2
sensor_pasila,2024-02-02 00:30:00,22.3,0.102,347.9
sensor_kallio,2024-02-02 01:00:00,26.5,0.11,288.2
sensor_kamppi,2024-02-02 01:00:00,28.5,0.191,262.0
sensor_pasila,2024-02-02 01:00:00,38.0,0.113,277.4
sensor_kallio,2024-02-02 01:30:00,26.5,0.117,249.7
sensor_kamppi,2024-02-02 01:30:00,35.5,0.083,294.0
sensor_pasila,2024-02-02 01:30:00,30.1,0.108,279.9
sensor_kallio,2024-02-02 02:00:00,27.1,0.093,257.0
sensor_kamppi,2024-02-02 02:00:00,23.1,0.094,265.2
sensor_pasila,2024-02-02 02:00:00,36.5,0.129,264.7
sensor_kallio,2024-02-02 02:30:00,32.4,0.075,296.6
sensor_kamppi,2024-02-02 02:30:00,16.6,0.122,270.8
sensor_pasila,2024-02-02 02:30:00,38.2,0.169,267.0
sensor_kallio,2024-02-02 03:00:00,39.8,0.115,289.3
sensor_kamppi,2024-02-02 03:00:00,28.0,0.139,265.5
sensor_pasila,2024-02-02 03:00:00,27.9,0.133,266.2
sensor_kallio,2024-02-02 03:30:00,45.4,0.109,282.6
sensor_kamppi,2024-02-02 03:30:00,31.5,0.126,279.6
sensor_pasila,2024-02-02 03:30:00,37.0,0.102,269.9
sensor_kallio,2024-02-02 04:00:00,31.0,0.097,355.5
sensor_kamppi,2024-02-02 04:00:00,53.4,0.121,284.2
sensor_pasila,2024-02-02 04:00:00,39.2,0.106,315.9
sensor_kallio,2024-02-02 04:30:00,42.3,0.134,309.2
sensor_kamppi,2024-02-02 04:30:00,31.5,0.054,294.9
sensor_pasila,2024-02-02 04:30:00,44.0,0.167,321.8
sensor_kallio,2024-02-02 05:00:00,41.0,0.153,310.3
sensor_kamppi,2024-02-02 05:00:00,27.2,0.103,337.5
sensor_pasila,2024-02-02 05:00:00,43.1,0.162,312.8
sensor_kallio,2024-02-02 05:30:00,56.1,0.177,378.7
sensor_kamppi,2024-02-02 05:30:00,32.9,0.121,370.0
sensor_pasila,2024-02-02 05:30:00,38.4,0.183,372.8
sensor_kallio,2024-02-02 06:00:00,44.5,0.342,405.8
sensor_kamppi,2024-02-02 06:00:00,40.8,0.263,389.6
sensor_pasila,2024-02-02 06:00:00,54.7,0.311,392.9
sensor_kallio,2024-02-02 06:30:00,35.8,0.31,391.1
sensor_kamppi,2024-02-02 06:30:00,36.8,0.298,403.0
sensor_pasila,2024-02-02 06:30:00,40.2,0.307,394.9
sensor_kallio,2024-02-02 07:00:00,79.0,0.581,429.4
sensor_kamppi,2024-02-02 07:00:00,79.6,0.594,445.7
sensor_pasila,2024-02-02 07:00:00,78.8,0.603,443.4
sensor_kallio,2024-02-02 07:30:00,75.3,0.567,439.9
sensor_kamppi,2024-02-02 07:30:00,88.4,0.606,426.3
sensor_pasila,2024-02-02 07:30:00,66.9,0.577,415.3
sensor_kallio,2024-02-02 08:00:00,82.7,0.78,460.0
sensor_kamppi,2024-02-02 08:00:00,71.0,0.69,411.7
sensor_pasila,2024-02-02 08:00:00,76.9,0.783,447.7
sensor_kallio,2024-02-02 08:30:00,76.3,0.754,443.2
sensor_kamppi,2024-02-02 08:30:00,94.7,0.762,436.1
sensor_pasila,2024-02-02 08:30:00,78.7,0.706,436.8
sensor_kallio,2024-02-02 09:00:00,68.6,0.612,403.8
sensor_kamppi,2024-02-02 09:00:00,82.2,0.547,454.8
sensor_pasila,2024-02-02 09:00:00,73.6,0.596,430.9
sensor_kallio,2024-02-02 09:30:00,72.8,0.582,406.3
sensor_kamppi,2024-02-02 09:30:00,82.5,0.511,388.6
sensor_pasila,2024-02-02 09:30:00,80.3,0.6,407.8
sensor_kallio,2024-02-02 10:00:00,57.5,0.284,322.1
sensor_kamppi,2024-02-02 10:00:00,38.3,0.339,344.4
sensor_pasila,2024-02-02 10:00:00,46.1,0.324,340.6
sensor_kallio,2024-02-02 10:30:00,45.5,0.308,343.6
sensor_kamppi,2024-02-02 10:30:00,65.1,0.3,372.6
sensor_pasila,2024-02-02 10:30:00,48.3,0.306,379.4
sensor_kallio,2024-02-02 11:00:00,47.8,0.104,286.6
sensor_kamppi,2024-02-02 11:00:00,53.6,0.219,270.5
sensor_pasila,2024-02-02 11:00:00,48.8,0.119,266.3
sensor_kallio,2024-02-02 11:30:00,60.8,0.156,290.3
sensor_kamppi,2024-02-02 11:30:00,51.6,0.108,278.6
sensor_pasila,2024-02-02 11:30:00,52.0,0.171,316.2
sensor_kallio,2024-02-02 12:00:00,45.4,0.129,278.3
sensor_kamppi,2024-02-02 12:00:00,42.6,0.155,240.6
sensor_pasila,2024-02-02 12:00:00,59.5,0.085,274.5
sensor_kallio,2024-02-02 12:30:00,59.6,0.078,260.6
sensor_kamppi,2024-02-02 12:30:00,49.1,0.147,286.5
sensor_pasila,2024-02-02 12:30:00,54.5,0.125,263.8
sensor_kallio,2024-02-02 13:00:00,51.6,0.137,305.7
sensor_kamppi,2024-02-02 13:00:00,58.6,0.072,264.3
sensor_pasila,2024-02-02 13:00:00,41.0,0.133,263.2
sensor_kallio,2024-02-02 13:30:00,47.1,0.115,234.9
sensor_kamppi,2024-02-02 13:30:00,42.2,0.118,292.0
sensor_pasila,2024-02-02 13:30:00,49.8,0.084,244.8
sensor_kallio,2024-02-02 14:00:00,48.7,0.094,286.3
sensor_kamppi,2024-02-02 14:00:00,50.0,0.087,258.5
sensor_pasila,2024-02-02 14:00:00,53.2,0.115,298.0
sensor_kallio,2024-02-02 14:30:00,49.9,0.082,294.5
sensor_kamppi,2024-02-02 14:30:00,55.2,0.143,297.8
sensor_pasila,2024-02-02 14:30:00,53.9,0.106,271.1
sensor_kallio,2024-02-02 15:00:00,56.0,0.136,309.7
sensor_kamppi,2024-02-02 15:00:00,62.6,0.085,292.9
sensor_pasila,2024-02-02 15:00:00,50.8,0.089,315.9
sensor_kallio,2024-02-02 15:30:00,50.7,0.123,304.0
sensor_kamppi,2024-02-02 15:30:00,35.8,0.09,363.0
sensor_pasila,2024-02-02 15:30:00,54.0,0.141,283.2
sensor_kallio,2024-02-02 16:00:00,75.3,0.1,368.3
sensor_kamppi,2024-02-02 16:00:00,52.6,0.173,344.2
sensor_pasila,2024-02-02 16:00:00,74.3,0.121,386.6
sensor_kallio,2024-02-02 16:30:00,78.4,0.106,340.0
sensor_kamppi,2024-02-02 16:30:00,80.8,0.131,360.5
sensor_pasila,2024-02-02 16:30:00,72.2,0.107,343.8
sensor_kallio,2024-02-02 17:00:00,63.5,0.113,438.8
sensor_kamppi,2024-02-02 17:00:00,61.5,0.135,393.8
sensor_pasila,2024-02-02 17:00:00,75.4,0.09,420.5
sensor_kallio,2024-02-02 17:30:00,66.8,0.08,428.9
sensor_kamppi,2024-02-02 17:30:00,64.6,0.082,442.2
sensor_pasila,2024-02-02 17:30:00,66.5,0.084,423.3
sensor_kallio,2024-02-02 18:00:00,54.9,0.132,455.4
sensor_kamppi,2024-02-02 18:00:00,71.2,0.108,423.5
sensor_pasila,2024-02-02 18:00:00,66.5,0.14,441.2
sensor_kallio,2024-02-02 18:30:00,52.4,0.186,462.0
sensor_kamppi,2024-02-02 18:30:00,66.0,0.143,456.3
sensor_pasila,2024-02-02 18:30:00,60.9,0.104,416.7
sensor_kallio,2024-02-02 19:00:00,33.1,0.084,457.5
sensor_kamppi,2024-02-02 19:00:00,38.9,0.128,436.8
sensor_pasila,2024-02-02 19:00:00,47.6,0.095,424.0
sensor_kallio,2024-02-02 19:30:00,30.2,0.141,391.2
sensor_kamppi,2024-02-02 19:30:00,38.7,0.09,451.1
sensor_pasila,2024-02-02 19:30:00,30.4,0.086,432.6
sensor_kallio,2024-02-02 20:00:00,38.9,0.126,440.8
sensor_kamppi,2024-02-02 20:00:00,33.1,0.077,432.2
sensor_pasila,2024-02-02 20:00:00,42.8,0.112,401.5
sensor_kallio,2024-02-02 20:30:00,39.0,0.111,393.6
sensor_kamppi,2024-02-02 20:30:00,35.6,0.092,392.6
sensor_pasila,2024-02-02 20:30:00,45.8,0.115,420.3
sensor_kallio,2024-02-02 21:00:00,28.7,0.112,350.9
sensor_kamppi,2024-02-02 21:00:00,40.3,0.133,373.0
sensor_pasila,2024-02-02 21:00:00,35.4,0.112,360.6
sensor_kallio,2024-02-02 21:30:00,33.0,0.127,359.9
sensor_kamppi,2024-02-02 21:30:00,26.8,0.041,386.6
sensor_pasila,2024-02-02 21:30:00,28.8,0.117,346.7
sensor_kallio,2024-02-02 22:00:00,34.9,0.113,290.2
sensor_kamppi,2024-02-02 22:00:00,48.5,0.109,323.8
sensor_pasila,2024-02-02 22:00:00,31.5,0.079,304.8
sensor_kallio,2024-02-02 22:30:00,43.7,0.064,303.5
sensor_kamppi,2024-02-02 22:30:00,42.0,0.058,286.2
sensor_pasila,2024-02-02 22:30:00,28.4,0.091,295.6
sensor_kallio,2024-02-02 23:00:00,24.4,0.092,298.9
sensor_kamppi,2024-02-02 23:00:00,19.8,0.165,283.8
sensor_pasila,2024-02-02 23:00:00,23.6,0.121,271.7
sensor_kallio,2024-02-02 23:30:00,32.3,0.166,292.9
sensor_kamppi,2024-02-02 23:30:00,26.0,0.092,250.2
sensor_pasila,2024-02-02 23:30:00,30.8,0.076,291.6
sensor_kallio,2024-02-03 00:00:00,29.6,0.14,278.2
sensor_kamppi,2024-02-03 00:00:00,23.7,0.116,317.2
sensor_pasila,2024-02-03 00:00:00,26.5,0.069,330.1
sensor_kallio,2024-02-03 00:30:00,23.1,0.121,312.7
sensor_kamppi,2024-02-03 00:30:00,28.8,0.082,349.7
sensor_pasila,2024-02-03 00:30:00,27.8,0.02,307.5
sensor_kallio,2024-02-03 01:00:00,40.1,0.101,267.3
sensor_kamppi,2024-02-03 01:00:00,49.2,0.103,259.7
sensor_pasila,2024-02-03 01:00:00,29.9,0.097,279.6
sensor_kallio,2024-02-03 01:30:00,41.7,0.113,295.4
sensor_kamppi,2024-02-03 01:30:00,25.9,0.125,235.4
sensor_pasila,2024-02-03 01:30:00,25.7,0.095,287.2
sensor_kallio,2024-02-03 02:00:00,35.7,0.088,232.6
sensor_kamppi,2024-02-03 02:00:00,40.5,0.02,258.8
sensor_pasila,2024-02-03 02:00:00,30.8,0.111,257.8
sensor_kallio,2024-02-03 02:30:00,37.2,0.117,284.2
sensor_kamppi,2024-02-03 02:30:00,44.4,0.131,261.9
sensor_pasila,2024-02-03 02:30:00,34.6,0.15,257.6
sensor_kallio,2024-02-03 03:00:00,34.8,0.055,281.9
sensor_kamppi,2024-02-03 03:00:00,41.2,0.138,265.8
sensor_pasila,2024-02-03 03:00:00,31.4,0.061,274.0
sensor_kallio,2024-02-03 03:30:00,35.0,0.116,280.9
sensor_kamppi,2024-02-03 03:30:00,45.9,0.138,281.4
sensor_pasila,2024-02-03 03:30:00,26.2,0.086,290.8
sensor_kallio,2024-02-03 04:00:00,33.2,0.068,298.6
sensor_kamppi,2024-02-03 04:00:00,41.2,0.092,301.0
sensor_pasila,2024-02-03 04:00:00,32.8,0.154,329.7
sensor_kallio,2024-02-03 04:30:00,30.9,0.033,314.3
sensor_kamppi,2024-02-03 04:30:00,31.9,0.114,300.5
sensor_pasila,2024-02-03 04:30:00,40.1,0.117,274.0
sensor_kallio,2024-02-03 05:00:00,41.9,0.109,364.7
sensor_kamppi,2024-02-03 05:00:00,46.6,0.14,377.8
sensor_pasila,2024-02-03 05:00:00,45.8,0.191,328.5
sensor_kallio,2024-02-03 05:30:00,44.0,0.176,370.7
sensor_kamppi,2024-02-03 05:30:00,39.7,0.166,374.1
sensor_pasila,2024-02-03 05:30:00,51.5,0.186,318.4
sensor_kallio,2024-02-03 06:00:00,44.1,0.333,398.7
sensor_kamppi,2024-02-03 06:00:00,47.1,0.307,380.3
sensor_pasila,2024-02-03 06:00:00,34.1,0.357,381.4
sensor_kallio,2024-02-03 06:30:00,41.9,0.314,421.0
sensor_kamppi,2024-02-03 06:30:00,39.8,0.316,441.0
sensor_pasila,2024-02-03 06:30:00,50.9,0.273,406.8
sensor_kallio,2024-02-03 07:00:00,45.9,0.59,445.5
sensor_kamppi,2024-02-03 07:00:00,46.7,0.602,427.3
sensor_pasila,2024-02-03 07:00:00,48.5,0.659,472.1
sensor_kallio,2024-02-03 07:30:00,42.2,0.523,415.8
sensor_kamppi,2024-02-03 07:30:00,60.4,0.564,437.9
sensor_pasila,2024-02-03 07:30:00,47.9,0.609,431.7
sensor_kallio,2024-02-03 08:00:00,47.2,0.715,435.3
sensor_kamppi,2024-02-03 08:00:00,50.3,0.755,445.3
sensor_pasila,2024-02-03 08:00:00,47.5,0.798,436.0
sensor_kallio,2024-02-03 08:30:00,63.1,0.714,421.8
sensor_kamppi,2024-02-03 08:30:00,38.2,0.683,419.1
sensor_pasila,2024-02-03 08:30:00,48.6,0.719,455.5
sensor_kallio,2024-02-03 09:00:00,57.2,0.567,420.4
sensor_kamppi,2024-02-03 09:00:00,45.1,0.586,384.0
sensor_pasila,2024-02-03 09:00:00,47.1,0.585,380.3
sensor_kallio,2024-02-03 09:30:00,48.3,0.634,434.3
sensor_kamppi,2024-02-03 09:30:00,54.7,0.643,414.4
sensor_pasila,2024-02-03 09:30:00,57.3,0.595,408.4
sensor_kallio,2024-02-03 10:00:00,45.6,0.225,351.9
sensor_kamppi,2024-02-03 10:00:00,55.5,0.297,347.9
sensor_pasila,2024-02-03 10:00:00,56.7,0.312,379.8
sensor_kallio,2024-02-03 10:30:00,50.1,0.342,360.4
sensor_kamppi,2024-02-03 10:30:00,69.9,0.259,399.7
sensor_pasila,2024-02-03 10:30:00,59.9,0.289,356.2
sensor_kallio,2024-02-03 11:00:00,54.0,0.186,310.1
sensor_kamppi,2024-02-03 11:00:00,30.4,0.147,333.9
sensor_pasila,2024-02-03 11:00:00,53.5,0.163,312.7
sensor_kallio,2024-02-03 11:30:00,42.7,0.176,300.8
sensor_kamppi,2024-02-03 11:30:00,71.8,0.143,318.2
sensor_pasila,2024-02-03 11:30:00,52.5,0.124,310.9
sensor_kallio,2024-02-03 12:00:00,53.5,0.106,257.0
sensor_kamppi,2024-02-03 12:00:00,31.5,0.107,247.0
sensor_pasila,2024-02-03 12:00:00,57.8,0.148,298.3
sensor_kallio,2024-02-03 12:30:00,52.5,0.096,261.1
sensor_kamppi,2024-02-03 12:30:00,56.8,0.086,284.5
sensor_pasila,2024-02-03 12:30:00,54.5,0.115,260.7
sensor_kallio,2024-02-03 13:00:00,51.7,0.111,231.6
sensor_kamppi,2024-02-03 13:00:00,56.7,0.148,264.3
sensor_pasila,2024-02-03 13:00:00,51.6,0.072,259.4
sensor_kallio,2024-02-03 13:30:00,40.6,0.117,239.7
sensor_kamppi,2024-02-03 13:30:00,45.2,0.048,268.5
sensor_pasila,2024-02-03 13:30:00,56.5,0.104,262.7
sensor_kallio,2024-02-03 14:00:00,56.6,0.151,265.1
sensor_kamppi,2024-02-03 14:00:00,52.5,0.106,279.0
sensor_pasila,2024-02-03 14:00:00,45.9,0.116,268.7
sensor_kallio,2024-02-03 14:30:00,46.5,0.089,241.6
sensor_kamppi,2024-02-03 14:30:00,59.7,0.075,294.2
sensor_pasila,2024-02-03 14:30:00,46.6,0.139,266.1
sensor_kallio,2024-02-03 15:00:00,44.3,0.129,324.0
sensor_kamppi,2024-02-03 15:00:00,36.2,0.089,299.4
sensor_pasila,2024-02-03 15:00:00,45.1,0.106,322.4
sensor_kallio,2024-02-03 15:30:00,41.5,0.084,336.2
sensor_kamppi,2024-02-03 15:30:00,64.0,0.076,318.0
sensor_pasila,2024-02-03 15:30:00,45.2,0.085,344.2
sensor_kallio,2024-02-03 16:00:00,42.1,0.103,330.8
sensor_kamppi,2024-02-03 16:00:00,36.4,0.107,366.7
sensor_pasila,2024-02-03 16:00:00,44.6,0.063,377.9
sensor_kallio,2024-02-03 16:30:00,38.1,0.066,379.8
sensor_kamppi,2024-02-03 16:30:00,40.8,0.046,373.9
sensor_pasila,2024-02-03 16:30:00,46.1,0.138,336.7
sensor_kallio,2024-02-03 17:00:00,42.1,0.11,424.4
sensor_kamppi,2024-02-03 17:00:00,32.3,0.133,419.8
sensor_pasila,2024-02-03 17:00:00,47.3,0.118,421.5
sensor_kallio,2024-02-03 17:30:00,45.0,0.046,397.2
sensor_kamppi,2024-02-03 17:30:00,53.2,0.11,414.3
sensor_pasila,2024-02-03 17:30:00,39.7,0.112,378.6
sensor_kallio,2024-02-03 18:00:00,42.2,0.109,416.7
sensor_kamppi,2024-02-03 18:00:00,42.6,0.092,430.2
sensor_pasila,2024-02-03 18:00:00,39.2,0.067,410.1
sensor_kallio,2024-02-03 18:30:00,18.9,0.096,440.7
sensor_kamppi,2024-02-03 18:30:00,41.2,0.101,434.1
sensor_pasila,2024-02-03 18:30:00,37.9,0.103,431.7
sensor_kallio,2024-02-03 19:00:00,30.8,0.145,445.8
sensor_kamppi,2024-02-03 19:00:00,23.6,0.117,442.8
sensor_pasila,2024-02-03 19:00:00,38.2,0.096,441.5
sensor_kallio,2024-02-03 19:30:00,27.5,0.063,461.7
sensor_kamppi,2024-02-03 19:30:00,35.9,0.059,424.8
sensor_pasila,2024-02-03 19:30:00,21.4,0.083,463.9
sensor_kallio,2024-02-03 20:00:00,35.8,0.066,404.5
sensor_kamppi,2024-02-03 20:00:00,41.6,0.12,429.7
sensor_pasila,2024-02-03 20:00:00,38.0,0.136,392.7
sensor_kallio,2024-02-03 20:30:00,32.1,0.049,403.8
sensor_kamppi,2024-02-03 20:30:00,44.4,0.145,401.8
sensor_pasila,2024-02-03 20:30:00,40.3,0.128,413.7
sensor_kallio,2024-02-03 21:00:00,38.8,0.108,388.6
sensor_kamppi,2024-02-03 21:00:00,33.8,0.123,362.2
sensor_pasila,2024-02-03 21:00:00,31.7,0.128,351.7
sensor_kallio,2024-02-03 21:30:00,37.2,0.063,359.5
sensor_kamppi,2024-02-03 21:30:00,21.0,0.122,363.0
sensor_pasila,2024-02-03 21:30:00,34.4,0.097,376.2
sensor_kallio,2024-02-03 22:00:00,25.9,0.14,286.4
sensor_kamppi,2024-02-03 22:00:00,44.2,0.106,292.3
sensor_pasila,2024-02-03 22:00:00,38.1,0.112,306.5
sensor_kallio,2024-02-03 22:30:00,28.8,0.108,331.0
sensor_kamppi,2024-02-03 22:30:00,38.3,0.07,285.3
sensor_pasila,2024-02-03 22:30:00,24.5,0.142,314.2
sensor_kallio,2024-02-03 23:00:00,19.2,0.046,283.8
sensor_kamppi,2024-02-03 23:00:00,27.1,0.122,278.7
sensor_pasila,2024-02-03 23:00:00,32.4,0.104,242.9
sensor_kallio,2024-02-03 23:30:00,38.4,0.127,290.4
sensor_kamppi,2024-02-03 23:30:00,29.0,0.099,261.5
sensor_pasila,2024-02-03 23:30:00,27.3,0.112,262.7
sensor_kallio,2024-02-04 00:00:00,38.2,0.089,333.0
sensor_kamppi,2024-02-04 00:00:00,25.3,0.063,334.8
sensor_pasila,2024-02-04 00:00:00,28.6,0.098,309.9
sensor_kallio,2024-02-04 00:30:00,34.4,0.142,323.6
sensor_kamppi,2024-02-04 00:30:00,24.3,0.083,323.6
sensor_pasila,2024-02-04 00:30:00,36.1,0.076,282.9
sensor_kallio,2024-02-04 01:00:00,28.2,0.11,273.4
sensor_kamppi,2024-02-04 01:00:00,42.0,0.094,253.7
sensor_pasila,2024-02-04 01:00:00,30.7,0.064,276.3
sensor_kallio,2024-02-04 01:30:00,37.5,0.102,264.3
sensor_kamppi,2024-02-04 01:30:00,44.6,0.06,257.8
sensor_pasila,2024-02-04 01:30:00,45.3,0.078,284.4
sensor_kallio,2024-02-04 02:00:00,33.5,0.05,261.9
sensor_kamppi,2024-02-04 02:00:00,31.3,0.082,266.2
sensor_pasila,2024-02-04 02:00:00,31.5,0.076,251.2
sensor_kallio,2024-02-04 02:30:00,28.2,0.164,246.8
sensor_kamppi,2024-02-04 02:30:00,37.7,0.102,243.2
sensor_pasila,2024-02-04 02:30:00,37.1,0.095,274.3
sensor_kallio,2024-02-04 03:00:00,24.6,0.075,227.7
sensor_kamppi,2024-02-04 03:00:00,35.3,0.107,240.4
sensor_pasila,2024-02-04 03:00:00,31.7,0.129,259.9
sensor_kallio,2024-02-04 03:30:00,36.0,0.127,270.5
sensor_kamppi,2024-02-04 03:30:00,47.0,0.095,275.9
sensor_pasila,2024-02-04 03:30:00,34.4,0.097,267.3
sensor_kallio,2024-02-04 04:00:00,38.0,0.096,320.1
sensor_kamppi,2024-02-04 04:00:00,33.0,0.123,304.3
sensor_pasila,2024-02-04 04:00:00,39.3,0.078,318.5
sensor_kallio,2024-02-04 04:30:00,34.1,0.087,340.0
sensor_kamppi,2024-02-04 04:30:00,33.3,0.119,317.1
sensor_pasila,2024-02-04 04:30:00,40.7,0.139,326.4
sensor_kallio,2024-02-04 05:00:00,31.0,0.137,367.8
sensor_kamppi,2024-02-04 05:00:00,29.8,0.13,353.7
sensor_pasila,2024-02-04 05:00:00,36.1,0.122,366.4
sensor_kallio,2024-02-04 05:30:00,46.6,0.123,371.9
sensor_kamppi,2024-02-04 05:30:00,45.1,0.207,381.6
sensor_pasila,2024-02-04 05:30:00,35.7,0.21,349.8
sensor_kallio,2024-02-04 06:00:00,38.8,0.276,409.5
sensor_kamppi,2024-02-04 06:00:00,36.2,0.273,422.9
sensor_pasila,2024-02-04 06:00:00,40.0,0.299,370.8
sensor_kallio,2024-02-04 06:30:00,40.6,0.302,406.8
sensor_kamppi,2024-02-04 06:30:00,52.5,0.35,413.5
sensor_pasila,2024-02-04 06:30:00,45.1,0.34,430.2
sensor_kallio,2024-02-04 07:00:00,50.8,0.594,399.1
sensor_kamppi,2024-02-04 07:00:00,35.0,0.585,455.8
sensor_pasila,2024-02-04 07:00:00,40.3,0.592,434.9
sensor_kallio,2024-02-04 07:30:00,53.7,0.599,435.0
sensor_kamppi,2024-02-04 07:30:00,46.4,0.553,464.2
sensor_pasila,2024-02-04 07:30:00,48.1,0.59,455.0
sensor_kallio,2024-02-04 08:00:00,51.5,0.734,452.5
sensor_kamppi,2024-02-04 08:00:00,53.6,0.764,440.7
sensor_pasila,2024-02-04 08:00:00,42.0,0.742,430.6
sensor_kallio,2024-02-04 08:30:00,59.0,0.755,456.2
sensor_kamppi,2024-02-04 08:30:00,31.6,0.758,407.5
sensor_pasila,2024-02-04 08:30:00,46.1,0.735,443.0
sensor_kallio,2024-02-04 09:00:00,49.6,0.513,390.0
sensor_kamppi,2024-02-04 09:00:00,45.0,0.613,418.4
sensor_pasila,2024-02-04 09:00:00,49.7,0.61,447.6
sensor_kallio,2024-02-04 09:30:00,61.3,0.564,371.4
sensor_kamppi,2024-02-04 09:30:00,49.1,0.618,380.9
sensor_pasila,2024-02-04 09:30:00,57.0,0.604,383.8
sensor_kallio,2024-02-04 10:00:00,54.7,0.272,341.9
sensor_kamppi,2024-02-04 10:00:00,54.1,0.25,375.9
sensor_pasila,2024-02-04 10:00:00,61.0,0.312,369.8
sensor_kallio,2024-02-04 10:30:00,56.0,0.3,358.2
sensor_kamppi,2024-02-04 10:30:00,59.9,0.304,386.1
sensor_pasila,2024-02-04 10:30:00,53.2,0.308,381.0
sensor_kallio,2024-02-04 11:00:00,56.3,0.137,314.4
sensor_kamppi,2024-02-04 11:00:00,52.3,0.164,329.4
sensor_pasila,2024-02-04 11:00:00,50.5,0.19,321.3
sensor_kallio,2024-02-04 11:30:00,56.6,0.158,353.1
sensor_kamppi,2024-02-04 11:30:00,42.6,0.189,298.5
sensor_pasila,2024-02-04 11:30:00,53.8,0.114,301.1
sensor_kallio,2024-02-04 12:00:00,57.8,0.08,232.5
sensor_kamppi,2024-02-04 12:00:00,45.5,0.043,232.8
sensor_pasila,2024-02-04 12:00:00,55.6,0.084,282.1
sensor_kallio,2024-02-04 12:30:00,52.8,0.093,296.4
sensor_kamppi,2024-02-04 12:30:00,61.5,0.022,275.9
sensor_pasila,2024-02-04 12:30:00,49.1,0.11,312.2
sensor_kallio,2024-02-04 13:00:00,62.2,0.075,237.9
sensor_kamppi,2024-02-04 13:00:00,50.6,0.111,286.0
sensor_pasila,2024-02-04 13:00:00,50.5,0.09,273.4
sensor_kallio,2024-02-04 13:30:00,56.4,0.098,254.4
sensor_kamppi,2024-02-04 13:30:00,57.6,0.068,284.4
sensor_pasila,2024-02-04 13:30:00,52.1,0.123,264.5
sensor_kallio,2024-02-04 14:00:00,35.9,0.069,267.6
sensor_kamppi,2024-02-04 14:00:00,39.8,0.098,308.7
sensor_pasila,2024-02-04 14:00:00,45.0,0.123,229.5
sensor_kallio,2024-02-04 14:30:00,43.1,0.063,285.8
sensor_kamppi,2024-02-04 14:30:00,57.7,0.043,251.6
sensor_pasila,2024-02-04 14:30:00,42.6,0.068,246.2
sensor_kallio,2024-02-04 15:00:00,47.7,0.055,313.9
sensor_kamppi,2024-02-04 15:00:00,28.4,0.131,324.2
sensor_pasila,2024-02-04 15:00:00,53.4,0.142,286.2
sensor_kallio,2024-02-04 15:30:00,43.2,0.085,306.5
sensor_kamppi,2024-02-04 15:30:00,40.3,0.09,317.0
sensor_pasila,2024-02-04 15:30:00,37.7,0.052,296.2
sensor_kallio,2024-02-04 16:00:00,55.9,0.042,369.4
sensor_kamppi,2024-02-04 16:00:00,42.1,0.129,331.2
sensor_pasila,2024-02-04 16:00:00,46.6,0.151,365.4
sensor_kallio,2024-02-04 16:30:00,37.8,0.03,342.1
sensor_kamppi,2024-02-04 16:30:00,58.2,0.114,387.2
sensor_pasila,2024-02-04 16:30:00,46.0,0.124,385.6
sensor_kallio,2024-02-04 17:00:00,35.0,0.108,430.9
sensor_kamppi,2024-02-04 17:00:00,33.0,0.11,421.0
sensor_pasila,2024-02-04 17:00:00,27.0,0.063,412.3
sensor_kallio,2024-02-04 17:30:00,51.5,0.08,434.8
sensor_kamppi,2024-02-04 17:30:00,54.1,0.076,428.1
sensor_pasila,2024-02-04 17:30:00,38.4,0.079,387.2
sensor_kallio,2024-02-04 18:00:00,51.8,0.106,436.0
sensor_kamppi,2024-02-04 18:00:00,39.7,0.083,453.3
sensor_pasila,2024-02-04 18:00:00,31.6,0.027,457.4
sensor_kallio,2024-02-04 18:30:00,33.7,0.093,438.3
sensor_kamppi,2024-02-04 18:30:00,44.8,0.051,408.1
sensor_pasila,2024-02-04 18:30:00,43.6,0.084,433.2
sensor_kallio,2024-02-04 19:00:00,34.4,0.089,411.5
sensor_kamppi,2024-02-04 19:00:00,31.9,0.076,459.7
sensor_pasila,2024-02-04 19:00:00,39.1,0.09,402.6
sensor_kallio,2024-02-04 19:30:00,31.2,0.146,458.1
sensor_kamppi,2024-02-04 19:30:00,48.6,0.066,442.4
sensor_pasila,2024-02-04 19:30:00,31.9,0.065,475.1
sensor_kallio,2024-02-04 20:00:00,43.3,0.14,412.0
sensor_kamppi,2024-02-04 20:00:00,23.6,0.124,430.0
sensor_pasila,2024-02-04 20:00:00,34.9,0.042,402.7
sensor_kallio,2024-02-04 20:30:00,48.4,0.135,378.7
sensor_kamppi,2024-02-04 20:30:00,42.1,0.143,438.3
sensor_pasila,2024-02-04 20:30:00,33.6,0.06,406.2
sensor_kallio,2024-02-04 21:00:00,37.4,0.084,371.9
sensor_kamppi,2024-02-04 21:00:00,31.6,0.129,359.4
sensor_pasila,2024-02-04 21:00:00,32.2,0.112,371.5
sensor_kallio,2024-02-04 21:30:00,40.6,0.125,328.6
sensor_kamppi,2024-02-04 21:30:00,55.4,0.112,357.1
sensor_pasila,2024-02-04 21:30:00,32.8,0.093,355.4
sensor_kallio,2024-02-04 22:00:00,28.5,0.091,310.7
sensor_kamppi,2024-02-04 22:00:00,27.1,0.084,318.0
sensor_pasila,2024-02-04 22:00:00,28.1,0.086,292.4
sensor_kallio,2024-02-04 22:30:00,26.7,0.086,317.1
sensor_kamppi,2024-02-04 22:30:00,29.5,0.079,310.5
sensor_pasila,2024-02-04 22:30:00,31.3,0.068,311.8
sensor_kallio,2024-02-04 23:00:00,29.2,0.118,267.6
sensor_kamppi,2024-02-04 23:00:00,19.4,0.119,288.1
sensor_pasila,2024-02-04 23:00:00,34.9,0.066,257.3
sensor_kallio,2024-02-04 23:30:00,26.3,0.088,269.4
sensor_kamppi,2024-02-04 23:30:00,41.2,0.065,293.3
sensor_pasila,2024-02-04 23:30:00,19.9,0.175,246.1
sensor_kallio,2024-02-05 00:00:00,15.5,0.072,342.9
sensor_kamppi,2024-02-05 00:00:00,37.5,0.17,317.9
sensor_pasila,2024-02-05 00:00:00,28.6,0.079,324.3
sensor_kallio,2024-02-05 00:30:00,29.5,0.088,313.7
sensor_kamppi,2024-02-05 00:30:00,46.0,0.151,282.2
sensor_pasila,2024-02-05 00:30:00,39.4,0.12,353.7
sensor_kallio,2024-02-05 01:00:00,25.2,0.12,292.5
sensor_kamppi,2024-02-05 01:00:00,26.7,0.128,336.4
sensor_pasila,2024-02-05 01:00:00,37.9,0.075,283.0
sensor_kallio,2024-02-05 01:30:00,33.6,0.085,282.1
sensor_kamppi,2024-02-05 01:30:00,15.1,0.126,289.8
sensor_pasila,2024-02-05 01:30:00,31.0,0.063,277.5
sensor_kallio,2024-02-05 02:00:00,40.2,0.096,266.0
sensor_kamppi,2024-02-05 02:00:00,43.7,0.129,242.2
sensor_pasila,2024-02-05 02:00:00,31.2,0.138,256.2
sensor_kallio,2024-02-05 02:30:00,29.3,0.092,255.0
sensor_kamppi,2024-02-05 02:30:00,39.0,0.081,293.5
sensor_pasila,2024-02-05 02:30:00,36.0,0.078,264.9
sensor_kallio,2024-02-05 03:00:00,43.3,0.111,256.8
sensor_kamppi,2024-02-05 03:00:00,18.8,0.071,287.2
sensor_pasila,2024-02-05 03:00:00,45.7,0.072,271.1
sensor_kallio,2024-02-05 03:30:00,27.8,0.034,268.7
sensor_kamppi,2024-02-05 03:30:00,52.9,0.126,246.1
sensor_pasila,2024-02-05 03:30:00,28.1,0.132,256.0
sensor_kallio,2024-02-05 04:00:00,40.4,0.093,319.6
sensor_kamppi,2024-02-05 04:00:00,50.2,0.124,309.2
sensor_pasila,2024-02-05 04:00:00,31.1,0.092,278.8
sensor_kallio,2024-02-05 04:30:00,39.5,0.089,302.1
sensor_kamppi,2024-02-05 04:30:00,22.2,0.131,328.8
sensor_pasila,2024-02-05 04:30:00,34.5,0.147,284.0
sensor_kallio,2024-02-05 05:00:00,46.7,0.186,359.9
sensor_kamppi,2024-02-05 05:00:00,44.2,0.152,395.0
sensor_pasila,2024-02-05 05:00:00,43.0,0.144,367.9
sensor_kallio,2024-02-05 05:30:00,32.9,0.139,341.2
sensor_kamppi,2024-02-05 05:30:00,28.4,0.058,332.2
sensor_pasila,2024-02-05 05:30:00,44.2,0.087,389.0
sensor_kallio,2024-02-05 06:00:00,45.7,0.33,410.7
sensor_kamppi,2024-02-05 06:00:00,39.6,0.307,390.2
sensor_pasila,2024-02-05 06:00:00,51.3,0.3,441.7
sensor_kallio,2024-02-05 06:30:00,51.9,0.317,434.1
sensor_kamppi,2024-02-05 06:30:00,42.3,0.315,438.7
sensor_pasila,2024-02-05 06:30:00,44.7,0.296,405.7
sensor_kallio,2024-02-05 07:00:00,62.3,0.661,464.4
sensor_kamppi,2024-02-05 07:00:00,67.1,0.569,442.7
sensor_pasila,2024-02-05 07:00:00,79.5,0.603,443.5
sensor_kallio,2024-02-05 07:30:00,72.0,0.559,428.7
sensor_kamppi,2024-02-05 07:30:00,64.1,0.603,431.6
sensor_pasila,2024-02-05 07:30:00,72.2,0.54,417.8
sensor_kallio,2024-02-05 08:00:00,74.6,0.782,423.5
sensor_kamppi,2024-02-05 08:00:00,70.3,0.745,435.3
sensor_pasila,2024-02-05 08:00:00,81.2,0.803,453.7
sensor_kallio,2024-02-05 08:30:00,77.0,0.79,442.1
sensor_kamppi,2024-02-05 08:30:00,73.6,0.706,383.9
sensor_pasila,2024-02-05 08:30:00,71.9,0.712,418.6
sensor_kallio,2024-02-05 09:00:00,71.6,0.582,436.9
sensor_kamppi,2024-02-05 09:00:00,92.5,0.558,436.4
sensor_pasila,2024-02-05 09:00:00,70.4,0.58,398.8
sensor_kallio,2024-02-05 09:30:00,72.8,0.548,416.1
sensor_kamppi,2024-02-05 09:30:00,59.8,0.598,434.9
sensor_pasila,2024-02-05 09:30:00,73.4,0.557,415.4
sensor_kallio,2024-02-05 10:00:00,60.0,0.357,345.7
sensor_kamppi,2024-02-05 10:00:00,59.4,0.316,394.2
sensor_pasila,2024-02-05 10:00:00,53.0,0.293,350.0
sensor_kallio,2024-02-05 10:30:00,49.9,0.314,311.4
sensor_kamppi,2024-02-05 10:30:00,66.5,0.315,385.0
sensor_pasila,2024-02-05 10:30:00,52.6,0.27,358.0
sensor_kallio,2024-02-05 11:00:00,59.8,0.179,331.7
sensor_kamppi,2024-02-05 11:00:00,48.0,0.142,299.9
sensor_pasila,2024-02-05 11:00:00,56.2,0.123,290.5
sensor_kallio,2024-02-05 11:30:00,50.2,0.145,275.8
sensor_kamppi,2024-02-05 11:30:00,39.2,0.136,339.9
sensor_pasila,2024-02-05 11:30:00,54.0,0.123,278.9
sensor_kallio,2024-02-05 12:00:00,46.3,0.14,294.3
sensor_kamppi,2024-02-05 12:00:00,43.7,0.14,247.7
sensor_pasila,2024-02-05 12:00:00,47.4,0.137,261.6
sensor_kallio,2024-02-05 12:30:00,60.3,0.149,279.6
sensor_kamppi,2024-02-05 12:30:00,64.2,0.162,287.3
sensor_pasila,2024-02-05 12:30:00,61.0,0.12,259.8
sensor_kallio,2024-02-05 13:00:00,55.9,0.134,238.6
sensor_kamppi,2024-02-05 13:00:00,54.8,0.136,286.9
sensor_pasila,2024-02-05 13:00:00,49.9,0.088,259.0
sensor_kallio,2024-02-05 13:30:00,69.6,0.08,228.0
sensor_kamppi,2024-02-05 13:30:00,62.5,0.057,264.9
sensor_pasila,2024-02-05 13:30:00,49.3,0.136,248.8
sensor_kallio,2024-02-05 14:00:00,57.9,0.077,288.7
sensor_kamppi,2024-02-05 14:00:00,56.6,0.097,302.8
sensor_pasila,2024-02-05 14:00:00,53.3,0.09,274.8
sensor_kallio,2024-02-05 14:30:00,39.3,0.117,267.3
sensor_kamppi,2024-02-05 14:30:00,59.8,0.09,284.5
sensor_pasila,2024-02-05 14:30:00,49.9,0.12,267.7
sensor_kallio,2024-02-05 15:00:00,45.8,0.074,287.5
sensor_kamppi,2024-02-05 15:00:00,38.4,0.148,335.0
sensor_pasila,2024-02-05 15:00:00,50.2,0.095,306.5
sensor_kallio,2024-02-05 15:30:00,41.5,0.143,315.8
sensor_kamppi,2024-02-05 15:30:00,23.2,0.091,335.5
sensor_pasila,2024-02-05 15:30:00,46.0,0.126,312.9
sensor_kallio,2024-02-05 16:00:00,59.6,0.103,368.4
sensor_kamppi,2024-02-05 16:00:00,63.8,0.115,388.4
sensor_pasila,2024-02-05 16:00:00,75.6,0.131,335.8
sensor_kallio,2024-02-05 16:30:00,69.4,0.113,357.6
sensor_kamppi,2024-02-05 16:30:00,58.7,0.104,385.2
sensor_pasila,2024-02-05 16:30:00,71.9,0.089,336.6
sensor_kallio,2024-02-05 17:00:00,66.8,0.108,415.8
sensor_kamppi,2024-02-05 17:00:00,61.2,0.091,425.2
sensor_pasila,2024-02-05 17:00:00,62.7,0.108,404.1
sensor_kallio,2024-02-05 17:30:00,69.9,0.096,389.7
sensor_kamppi,2024-02-05 17:30:00,80.9,0.064,370.4
sensor_pasila,2024-02-05 17:30:00,68.5,0.078,406.3
sensor_kallio,2024-02-05 18:00:00,51.7,0.126,484.9
sensor_kamppi,2024-02-05 18:00:00,71.1,0.094,474.9
sensor_pasila,2024-02-05 18:00:00,61.6,0.059,474.3
sensor_kallio,2024-02-05 18:30:00,74.8,0.102,431.1
sensor_kamppi,2024-02-05 18:30:00,57.2,0.126,400.0
sensor_pasila,2024-02-05 18:30:00,55.8,0.129,454.9
sensor_kallio,2024-02-05 19:00:00,33.6,0.102,435.1
sensor_kamppi,2024-02-05 19:00:00,30.7,0.076,438.5
sensor_pasila,2024-02-05 19:00:00,42.6,0.142,397.5
sensor_kallio,2024-02-05 19:30:00,33.7,0.09,446.0
sensor_kamppi,2024-02-05 19:30:00,41.8,0.12,449.5
sensor_pasila,2024-02-05 19:30:00,27.5,0.091,439.3
sensor_kallio,2024-02-05 20:00:00,28.1,0.146,373.2
sensor_kamppi,2024-02-05 20:00:00,32.8,0.069,415.3
sensor_pasila,2024-02-05 20:00:00,32.6,0.117,390.4
sensor_kallio,2024-02-05 20:30:00,33.8,0.074,436.6
sensor_kamppi,2024-02-05 20:30:00,27.5,0.067,394.4
sensor_pasila,2024-02-05 20:30:00,39.1,0.152,400.7
sensor_kallio,2024-02-05 21:00:00,27.1,0.143,352.5
sensor_kamppi,2024-02-05 21:00:00,27.5,0.152,398.4
sensor_pasila,2024-02-05 21:00:00,42.7,0.058,370.0
sensor_kallio,2024-02-05 21:30:00,24.8,0.092,371.4
sensor_kamppi,2024-02-05 21:30:00,43.9,0.05,396.6
sensor_pasila,2024-02-05 21:30:00,34.0,0.085,372.3
sensor_kallio,2024-02-05 22:00:00,27.4,0.083,321.4
sensor_kamppi,2024-02-05 22:00:00,29.0,0.145,282.3
sensor_pasila,2024-02-05 22:00:00,34.6,0.052,316.3
sensor_kallio,2024-02-05 22:30:00,28.5,0.127,311.8
sensor_kamppi,2024-02-05 22:30:00,37.0,0.104,294.1
sensor_pasila,2024-02-05 22:30:00,25.7,0.106,319.6
sensor_kallio,2024-02-05 23:00:00,25.5,0.155,253.0
sensor_kamppi,2024-02-05 23:00:00,28.5,0.02,238.7
sensor_pasila,2024-02-05 23:00:00,24.1,0.102,308.4
sensor_kallio,2024-02-05 23:30:00,12.8,0.106,293.9
sensor_kamppi,2024-02-05 23:30:00,23.0,0.075,299.7
sensor_pasila,2024-02-05 23:30:00,27.8,0.102,274.3
sensor_kallio,2024-02-06 00:00:00,24.8,0.127,310.3
sensor_kamppi,2024-02-06 00:00:00,24.4,0.086,321.3
sensor_pasila,2024-02-06 00:00:00,36.3,0.091,315.4
sensor_kallio,2024-02-06 00:30:00,26.4,0.047,301.3
sensor_kamppi,2024-02-06 00:30:00,29.9,0.081,323.5
sensor_pasila,2024-02-06 00:30:00,31.7,0.136,341.2
sensor_kallio,2024-02-06 01:00:00,37.6,0.101,288.7
sensor_kamppi,2024-02-06 01:00:00,37.0,0.113,272.9
sensor_pasila,2024-02-06 01:00:00,31.7,0.123,289.5
sensor_kallio,2024-02-06 01:30:00,41.0,0.094,273.5
sensor_kamppi,2024-02-06 01:30:00,37.4,0.129,264.0
sensor_pasila,2024-02-06 01:30:00,31.4,0.049,282.0
sensor_kallio,2024-02-06 02:00:00,40.0,0.08,243.7
sensor_kamppi,2024-02-06 02:00:00,48.5,0.072,279.3
sensor_pasila,2024-02-06 02:00:00,28.7,0.103,289.1
sensor_kallio,2024-02-06 02:30:00,20.8,0.081,282.7
sensor_kamppi,2024-02-06 02:30:00,16.3,0.096,247.4
sensor_pasila,2024-02-06 02:30:00,28.7,0.131,243.0
sensor_kallio,2024-02-06 03:00:00,35.1,0.071,260.4
sensor_kamppi,2024-02-06 03:00:00,34.1,0.086,276.2
sensor_pasila,2024-02-06 03:00:00,34.2,0.103,267.4
sensor_kallio,2024-02-06 03:30:00,31.7,0.112,241.0
sensor_kamppi,2024-02-06 03:30:00,49.0,0.081,321.5
sensor_pasila,2024-02-06 03:30:00,33.4,0.124,264.5
sensor_kallio,2024-02-06 04:00:00,43.2,0.14,286.0
sensor_kamppi,2024-02-06 04:00:00,33.3,0.102,270.0
sensor_pasila,2024-02-06 04:00:00,46.7,0.092,320.1
sensor_kallio,2024-02-06 04:30:00,29.1,0.069,296.6
sensor_kamppi,2024-02-06 04:30:00,40.0,0.144,312.2
sensor_pasila,2024-02-06 04:30:00,41.9,0.079,285.6
sensor_kallio,2024-02-06 05:00:00,42.3,0.185,372.6
sensor_kamppi,2024-02-06 05:00:00,37.9,0.121,356.0
sensor_pasila,2024-02-06 05:00:00,37.0,0.162,341.8
sensor_kallio,2024-02-06 05:30:00,33.0,0.161,352.5
sensor_kamppi,2024-02-06 05:30:00,45.0,0.122,386.3
sensor_pasila,2024-02-06 05:30:00,39.7,0.144,377.2
sensor_kallio,2024-02-06 06:00:00,49.6,0.251,384.0
sensor_kamppi,2024-02-06 06:00:00,34.8,0.313,428.3
sensor_pasila,2024-02-06 06:00:00,49.6,0.246,396.7
sensor_kallio,2024-02-06 06:30:00,46.8,0.304,415.4
sensor_kamppi,2024-02-06 06:30:00,52.2,0.307,426.9
sensor_pasila,2024-02-06 06:30:00,41.8,0.264,404.6
sensor_kallio,2024-02-06 07:00:00,79.2,0.606,450.4
sensor_kamppi,2024-02-06 07:00:00,67.6,0.55,424.1
sensor_pasila,2024-02-06 07:00:00,76.2,0.572,458.0
sensor_kallio,2024-02-06 07:30:00,83.3,0.584,427.2
sensor_kamppi,2024-02-06 07:30:00,75.7,0.554,446.4
sensor_pasila,2024-02-06 07:30:00,63.4,0.566,432.7
sensor_kallio,2024-02-06 08:00:00,79.6,0.734,410.6
sensor_kamppi,2024-02-06 08:00:00,70.9,0.808,420.9
sensor_pasila,2024-02-06 08:00:00,69.6,0.746,419.5
sensor_kallio,2024-02-06 08:30:00,72.8,0.762,468.1
sensor_kamppi,2024-02-06 08:30:00,72.8,0.722,423.6
sensor_pasila,2024-02-06 08:30:00,75.2,0.73,421.1
sensor_kallio,2024-02-06 09:00:00,89.8,0.605,408.9
sensor_kamppi,2024-02-06 09:00:00,42.7,0.586,395.2
sensor_pasila,2024-02-06 09:00:00,76.6,0.609,434.0
sensor_kallio,2024-02-06 09:30:00,72.7,0.607,372.5
sensor_kamppi,2024-02-06 09:30:00,73.1,0.577,443.3
sensor_pasila,2024-02-06 09:30:00,81.2,0.594,420.3
sensor_kallio,2024-02-06 10:00:00,51.5,0.235,364.8
sensor_kamppi,2024-02-06 10:00:00,52.0,0.322,383.1
sensor_pasila,2024-02-06 10:00:00,55.1,0.251,346.1
sensor_kallio,2024-02-06 10:30:00,50.2,0.324,364.5
sensor_kamppi,2024-02-06 10:30:00,39.2,0.305,360.7
sensor_pasila,2024-02-06 10:30:00,50.3,0.284,353.4
sensor_kallio,2024-02-06 11:00:00,61.3,0.146,297.7
sensor_kamppi,2024-02-06 11:00:00,55.3,0.134,306.3
sensor_pasila,2024-02-06 11:00:00,56.7,0.142,322.1
sensor_kallio,2024-02-06 11:30:00,55.2,0.157,322.3
sensor_kamppi,2024-02-06 11:30:00,65.2,0.176,304.4
sensor_pasila,2024-02-06 11:30:00,48.7,0.102,317.3
sensor_kallio,2024-02-06 12:00:00,62.6,0.119,272.2
sensor_kamppi,2024-02-06 12:00:00,49.3,0.129,285.7
sensor_pasila,2024-02-06 12:00:00,55.8,0.119,295.6
sensor_kallio,2024-02-06 12:30:00,61.3,0.06,283.0
sensor_kamppi,2024-02-06 12:30:00,41.6,0.048,275.3
sensor_pasila,2024-02-06 12:30:00,42.0,0.119,298.9
sensor_kallio,2024-02-06 13:00:00,52.1,0.092,238.9
sensor_kamppi,2024-02-06 13:00:00,47.8,0.081,279.2
sensor_pasila,2024-02-06 13:00:00,49.4,0.072,284.1
sensor_kallio,2024-02-06 13:30:00,43.5,0.103,248.8
sensor_kamppi,2024-02-06 13:30:00,53.1,0.076,271.2
sensor_pasila,2024-02-06 13:30:00,54.8,0.112,228.6
sensor_kallio,2024-02-06 14:00:00,47.8,0.088,271.1
sensor_kamppi,2024-02-06 14:00:00,51.6,0.057,223.7
sensor_pasila,2024-02-06 14:00:00,52.9,0.12,298.9
sensor_kallio,2024-02-06 14:30:00,60.2,0.061,255.6
sensor_kamppi,2024-02-06 14:30:00,32.9,0.158,265.6
sensor_pasila,2024-02-06 14:30:00,41.1,0.145,285.7
sensor_kallio,2024-02-06 15:00:00,40.9,0.055,317.7
sensor_kamppi,2024-02-06 15:00:00,62.5,0.087,305.2
sensor_pasila,2024-02-06 15:00:00,46.0,0.067,320.2
sensor_kallio,2024-02-06 15:30:00,48.3,0.115,309.2
sensor_kamppi,2024-02-06 15:30:00,46.3,0.131,299.9
sensor_pasila,2024-02-06 15:30:00,51.4,0.083,323.9
sensor_kallio,2024-02-06 16:00:00,74.4,0.09,408.9
sensor_kamppi,2024-02-06 16:00:00,74.1,0.14,339.5
sensor_pasila,2024-02-06 16:00:00,85.1,0.115,380.9
sensor_kallio,2024-02-06 16:30:00,67.0,0.088,371.0
sensor_kamppi,2024-02-06 16:30:00,71.5,0.135,387.1
sensor_pasila,2024-02-06 16:30:00,72.6,0.144,374.0
sensor_kallio,2024-02-06 17:00:00,74.2,0.093,411.3
sensor_kamppi,2024-02-06 17:00:00,65.4,0.102,418.9
sensor_pasila,2024-02-06 17:00:00,65.6,0.143,423.5
sensor_kallio,2024-02-06 17:30:00,63.3,0.096,448.5
sensor_kamppi,2024-02-06 17:30:00,74.1,0.06,399.7
sensor_pasila,2024-02-06 17:30:00,64.2,0.094,392.7
sensor_kallio,2024-02-06 18:00:00,63.9,0.115,403.8
sensor_kamppi,2024-02-06 18:00:00,49.3,0.071,449.4
sensor_pasila,2024-02-06 18:00:00,70.0,0.078,407.6
sensor_kallio,2024-02-06 18:30:00,74.8,0.096,443.2
sensor_kamppi,2024-02-06 18:30:00,49.8,0.116,455.6
sensor_pasila,2024-02-06 18:30:00,63.8,0.084,441.9
sensor_kallio,2024-02-06 19:00:00,36.2,0.134,466.2
sensor_kamppi,2024-02-06 19:00:00,47.8,0.1,457.7
sensor_pasila,2024-02-06 19:00:00,40.9,0.124,440.6
sensor_kallio,2024-02-06 19:30:00,23.6,0.092,435.8
sensor_kamppi,2024-02-06 19:30:00,57.7,0.111,443.0
sensor_pasila,2024-02-06 19:30:00,29.9,0.124,448.2
sensor_kallio,2024-02-06 20:00:00,33.8,0.087,421.3
sensor_kamppi,2024-02-06 20:00:00,43.8,0.065,402.0
sensor_pasila,2024-02-06 20:00:00,36.4,0.059,397.9
sensor_kallio,2024-02-06 20:30:00,34.8,0.147,414.7
sensor_kamppi,2024-02-06 20:30:00,48.9,0.092,395.7
sensor_pasila,2024-02-06 20:30:00,34.3,0.132,414.4
sensor_kallio,2024-02-06 21:00:00,31.8,0.133,363.0
sensor_kamppi,2024-02-06 21:00:00,35.6,0.158,373.9
sensor_pasila,2024-02-06 21:00:00,27.7,0.128,359.2
sensor_kallio,2024-02-06 21:30:00,37.4,0.106,350.2
sensor_kamppi,2024-02-06 21:30:00,31.0,0.094,350.3
sensor_pasila,2024-02-06 21:30:00,30.3,0.064,357.1
sensor_kallio,2024-02-06 22:00:00,25.9,0.125,297.4
sensor_kamppi,2024-02-06 22:00:00,33.7,0.115,313.1
sensor_pasila,2024-02-06 22:00:00,33.7,0.101,291.9
sensor_kallio,2024-02-06 22:30:00,17.9,0.109,330.5
sensor_kamppi,2024-02-06 22:30:00,40.3,0.04,297.0
sensor_pasila,2024-02-06 22:30:00,31.8,0.072,318.9
sensor_kallio,2024-02-06 23:00:00,31.3,0.089,251.5
sensor_kamppi,2024-02-06 23:00:00,23.8,0.123,245.3
sensor_pasila,2024-02-06 23:00:00,28.7,0.101,292.6
sensor_kallio,2024-02-06 23:30:00,29.1,0.077,280.2
sensor_kamppi,2024-02-06 23:30:00,23.5,0.135,273.6
sensor_pasila,2024-02-06 23:30:00,21.1,0.138,280.8
sensor_kallio,2024-02-07 00:00:00,28.6,0.087,311.1
sensor_kamppi,2024-02-07 00:00:00,32.4,0.078,289.2
sensor_pasila,2024-02-07 00:00:00,18.9,0.081,340.0
sensor_kallio,2024-02-07 00:30:00,35.0,0.103,271.7
sensor_kamppi,2024-02-07 00:30:00,25.0,0.083,326.3
sensor_pasila,2024-02-07 00:30:00,30.5,0.111,311.1
sensor_kallio,2024-02-07 01:00:00,32.0,0.091,254.3
sensor_kamppi,2024-02-07 01:00:00,24.1,0.109,256.7
sensor_pasila,2024-02-07 01:00:00,36.1,0.051,290.5
sensor_kallio,2024-02-07 01:30:00,28.6,0.029,235.0
sensor_kamppi,2024-02-07 01:30:00,22.3,0.067,280.9
sensor_pasila,2024-02-07 01:30:00,37.9,0.078,238.8
sensor_kallio,2024-02-07 02:00:00,26.9,0.126,252.6
sensor_kamppi,2024-02-07 02:00:00,43.4,0.09,264.2
sensor_pasila,2024-02-07 02:00:00,34.4,0.124,279.8
sensor_kallio,2024-02-07 02:30:00,35.9,0.098,272.5
sensor_kamppi,2024-02-07 02:30:00,37.6,0.124,271.4
sensor_pasila,2024-02-07 02:30:00,41.0,0.144,251.9
sensor_kallio,2024-02-07 03:00:00,28.3,0.078,328.6
sensor_kamppi,2024-02-07 03:00:00,18.7,0.096,273.6
sensor_pasila,2024-02-07 03:00:00,33.4,0.036,283.2
sensor_kallio,2024-02-07 03:30:00,42.4,0.144,270.2
sensor_kamppi,2024-02-07 03:30:00,47.1,0.106,235.6
sensor_pasila,2024-02-07 03:30:00,35.1,0.083,269.4
sensor_kallio,2024-02-07 04:00:00,40.9,0.111,327.3
sensor_kamppi,2024-02-07 04:00:00,51.3,0.159,317.4
sensor_pasila,2024-02-07 04:00:00,37.3,0.096,353.8
sensor_kallio,2024-02-07 04:30:00,32.0,0.156,298.8
sensor_kamppi,2024-02-07 04:30:00,40.3,0.151,311.3
sensor_pasila,2024-02-07 04:30:00,32.4,0.054,287.7
sensor_kallio,2024-02-07 05:00:00,43.4,0.113,367.8
sensor_kamppi,2024-02-07 05:00:00,45.9,0.221,354.3
sensor_pasila,2024-02-07 05:00:00,41.3,0.108,325.6
sensor_kallio,2024-02-07 05:30:00,29.1,0.177,351.5
sensor_kamppi,2024-02-07 05:30:00,49.8,0.092,407.1
sensor_pasila,2024-02-07 05:30:00,39.9,0.165,351.4
sensor_kallio,2024-02-07 06:00:00,52.7,0.338,369.3
sensor_kamppi,2024-02-07 06:00:00,51.3,0.277,427.5
sensor_pasila,2024-02-07 06:00:00,50.9,0.282,386.5
sensor_kallio,2024-02-07 06:30:00,48.2,0.295,409.8
sensor_kamppi,2024-02-07 06:30:00,53.7,0.348,408.2
sensor_pasila,2024-02-07 06:30:00,46.7,0.266,412.2
sensor_kallio,2024-02-07 07:00:00,84.2,0.616,447.0
sensor_kamppi,2024-02-07 07:00:00,64.8,0.618,450.0
sensor_pasila,2024-02-07 07:00:00,79.1,0.607,446.4
sensor_kallio,2024-02-07 07:30:00,75.1,0.618,417.4
sensor_kamppi,2024-02-07 07:30:00,58.1,0.555,419.3
sensor_pasila,2024-02-07 07:30:00,69.9,0.598,429.8
sensor_kallio,2024-02-07 08:00:00,74.4,0.72,464.2
sensor_kamppi,2024-02-07 08:00:00,70.3,0.776,412.2
sensor_pasila,2024-02-07 08:00:00,76.9,0.753,417.0
sensor_kallio,2024-02-07 08:30:00,84.2,0.747,471.6
sensor_kamppi,2024-02-07 08:30:00,78.1,0.72,432.6
sensor_pasila,2024-02-07 08:30:00,76.7,0.785,419.4
sensor_kallio,2024-02-07 09:00:00,79.9,0.606,432.7
sensor_kamppi,2024-02-07 09:00:00,67.9,0.558,402.2
sensor_pasila,2024-02-07 09:00:00,75.7,0.593,432.5
sensor_kallio,2024-02-07 09:30:00,73.5,0.611,385.9
sensor_kamppi,2024-02-07 09:30:00,73.4,0.569,382.1
sensor_pasila,2024-02-07 09:30:00,69.4,0.625,394.7
sensor_kallio,2024-02-07 10:00:00,51.6,0.339,350.7
sensor_kamppi,2024-02-07 10:00:00,58.6,0.295,389.3
sensor_pasila,2024-02-07 10:00:00,59.0,0.304,359.2
sensor_kallio,2024-02-07 10:30:00,56.0,0.337,363.8
sensor_kamppi,2024-02-07 10:30:00,58.0,0.309,380.6
sensor_pasila,2024-02-07 10:30:00,53.0,0.303,324.7
sensor_kallio,2024-02-07 11:00:00,46.7,0.166,327.9
sensor_kamppi,2024-02-07 11:00:00,62.4,0.098,295.4
sensor_pasila,2024-02-07 11:00:00,55.1,0.182,288.1
sensor_kallio,2024-02-07 11:30:00,52.3,0.099,284.1
sensor_kamppi,2024-02-07 11:30:00,59.0,0.163,250.6
sensor_pasila,2024-02-07 11:30:00,56.0,0.146,289.5
sensor_kallio,2024-02-07 12:00:00,47.0,0.091,267.3
sensor_kamppi,2024-02-07 12:00:00,51.1,0.099,285.7
sensor_pasila,2024-02-07 12:00:00,56.8,0.071,273.8
sensor_kallio,2024-02-07 12:30:00,42.4,0.074,298.6
sensor_kamppi,2024-02-07 12:30:00,38.7,0.073,313.1
sensor_pasila,2024-02-07 12:30:00,53.5,0.103,263.1
sensor_kallio,2024-02-07 13:00:00,54.9,0.147,272.4
sensor_kamppi,2024-02-07 13:00:00,46.8,0.109,257.3
sensor_pasila,2024-02-07 13:00:00,52.2,0.139,272.9
sensor_kallio,2024-02-07 13:30:00,55.9,0.103,254.3
sensor_kamppi,2024-02-07 13:30:00,63.4,0.157,255.0
sensor_pasila,2024-02-07 13:30:00,56.6,0.11,266.1
sensor_kallio,2024-02-07 14:00:00,55.5,0.115,285.3
sensor_kamppi,2024-02-07 14:00:00,51.8,0.098,277.1
sensor_pasila,2024-02-07 14:00:00,45.9,0.088,303.4
sensor_kallio,2024-02-07 14:30:00,55.0,0.034,276.8
sensor_kamppi,2024-02-07 14:30:00,50.2,0.048,283.3
sensor_pasila,2024-02-07 14:30:00,53.3,0.051,264.5
sensor_kallio,2024-02-07 15:00:00,42.0,0.072,342.3
sensor_kamppi,2024-02-07 15:00:00,43.6,0.122,294.6
sensor_pasila,2024-02-07 15:00:00,45.9,0.096,325.1
sensor_kallio,2024-02-07 15:30:00,50.7,0.02,304.2
sensor_kamppi,2024-02-07 15:30:00,52.4,0.044,279.0
sensor_pasila,2024-02-07 15:30:00,40.2,0.049,276.6
sensor_kallio,2024-02-07 16:00:00,60.8,0.088,326.8
sensor_kamppi,2024-02-07 16:00:00,65.8,0.101,416.3
sensor_pasila,2024-02-07 16:00:00,64.6,0.125,319.0
sensor_kallio,2024-02-07 16:30:00,76.0,0.081,373.7
sensor_kamppi,2024-02-07 16:30:00,73.5,0.092,353.6
sensor_pasila,2024-02-07 16:30:00,73.4,0.083,389.0
sensor_kallio,2024-02-07 17:00:00,74.4,0.127,403.4
sensor_kamppi,2024-02-07 17:00:00,52.1,0.143,419.6
sensor_pasila,2024-02-07 17:00:00,62.3,0.104,402.2
sensor_kallio,2024-02-07 17:30:00,60.5,0.091,391.1
sensor_kamppi,2024-02-07 17:30:00,70.7,0.105,405.7
sensor_pasila,2024-02-07 17:30:00,65.4,0.118,387.0
sensor_kallio,2024-02-07 18:00:00,65.6,0.046,440.9
sensor_kamppi,2024-02-07 18:00:00,72.3,0.06,453.0
sensor_pasila,2024-02-07 18:00:00,68.1,0.126,435.1
sensor_kallio,2024-02-07 18:30:00,70.6,0.132,444.2
sensor_kamppi,2024-02-07 18:30:00,76.7,0.112,426.5
sensor_pasila,2024-02-07 18:30:00,60.4,0.124,454.8
sensor_kallio,2024-02-07 19:00:00,32.2,0.091,431.1
sensor_kamppi,2024-02-07 19:00:00,45.4,0.058,464.6
sensor_pasila,2024-02-07 19:00:00,37.8,0.052,416.3
sensor_kallio,2024-02-07 19:30:00,33.4,0.09,436.4
sensor_kamppi,2024-02-07 19:30:00,37.9,0.077,471.5
sensor_pasila,2024-02-07 19:30:00,36.8,0.088,455.8
sensor_kallio,2024-02-07 20:00:00,25.8,0.138,386.0
sensor_kamppi,2024-02-07 20:00:00,51.4,0.053,393.5
sensor_pasila,2024-02-07 20:00:00,31.9,0.125,415.0
sensor_kallio,2024-02-07 20:30:00,45.5,0.102,404.0
sensor_kamppi,2024-02-07 20:30:00,46.9,0.143,384.1
sensor_pasila,2024-02-07 20:30:00,40.1,0.137,384.0
sensor_kallio,2024-02-07 21:00:00,34.3,0.085,334.9
sensor_kamppi,2024-02-07 21:00:00,39.2,0.128,368.7
sensor_pasila,2024-02-07 21:00:00,28.2,0.135,362.8
sensor_kallio,2024-02-07 21:30:00,33.9,0.085,333.7
sensor_kamppi,2024-02-07 21:30:00,35.0,0.116,369.5
sensor_pasila,2024-02-07 21:30:00,35.3,0.152,353.8
sensor_kallio,2024-02-07 22:00:00,17.4,0.127,303.4
sensor_kamppi,2024-02-07 22:00:00,19.8,0.059,331.0
sensor_pasila,2024-02-07 22:00:00,26.6,0.081,321.1
sensor_kallio,2024-02-07 22:30:00,33.1,0.097,302.3
sensor_kamppi,2024-02-07 22:30:00,11.8,0.158,261.1
sensor_pasila,2024-02-07 22:30:00,30.1,0.065,306.2
sensor_kallio,2024-02-07 23:00:00,28.1,0.107,276.1
sensor_kamppi,2024-02-07 23:00:00,10.0,0.134,274.6
sensor_pasila,2024-02-07 23:00:00,25.0,0.097,257.4
sensor_kallio,2024-02-07 23:30:00,10.0,0.142,301.8
sensor_kamppi,2024-02-07 23:30:00,36.3,0.136,292.7
sensor_pasila,2024-02-07 23:30:00,28.1,0.101,269.2
sensor_kallio,2024-02-08 00:00:00,32.8,0.069,331.7
sensor_kamppi,2024-02-08 00:00:00,30.0,0.099,323.1
sensor_pasila,2024-02-08 00:00:00,31.2,0.089,305.7
sensor_kallio,2024-02-08 00:30:00,14.8,0.135,319.3
sensor_kamppi,2024-02-08 00:30:00,32.7,0.15,296.9
sensor_pasila,2024-02-08 00:30:00,30.9,0.077,333.2
sensor_kallio,2024-02-08 01:00:00,22.8,0.133,296.7
sensor_kamppi,2024-02-08 01:00:00,35.4,0.142,267.8
sensor_pasila,2024-02-08 01:00:00,29.0,0.117,255.3
sensor_kallio,2024-02-08 01:30:00,31.1,0.127,290.3
sensor_kamppi,2024-02-08 01:30:00,31.7,0.065,286.2
sensor_pasila,2024-02-08 01:30:00,28.3,0.101,223.5
sensor_kallio,2024-02-08 02:00:00,43.6,0.113,242.6
sensor_kamppi,2024-02-08 02:00:00,37.2,0.071,279.5
sensor_pasila,2024-02-08 02:00:00,32.0,0.114,271.5
sensor_kallio,2024-02-08 02:30:00,47.1,0.155,289.0
sensor_kamppi,2024-02-08 02:30:00,42.5,0.139,225.6
sensor_pasila,2024-02-08 02:30:00,36.3,0.063,236.4
sensor_kallio,2024-02-08 03:00:00,46.5,0.094,245.8
sensor_kamppi,2024-02-08 03:00:00,23.3,0.128,283.4
sensor_pasila,2024-02-08 03:00:00,37.3,0.05,273.2
sensor_kallio,2024-02-08 03:30:00,41.8,0.069,246.9
sensor_kamppi,2024-02-08 03:30:00,33.5,0.101,289.6
sensor_pasila,2024-02-08 03:30:00,31.3,0.087,280.8
sensor_kallio,2024-02-08 04:00:00,46.0,0.121,304.7
sensor_kamppi,2024-02-08 04:00:00,24.7,0.16,325.6
sensor_pasila,2024-02-08 04:00:00,35.0,0.087,311.3
sensor_kallio,2024-02-08 04:30:00,40.9,0.085,336.2
sensor_kamppi,2024-02-08 04:30:00,52.3,0.114,315.0
sensor_pasila,2024-02-08 04:30:00,35.4,0.099,288.0
sensor_kallio,2024-02-08 05:00:00,48.0,0.178,367.0
sensor_kamppi,2024-02-08 05:00:00,61.2,0.149,359.9
sensor_pasila,2024-02-08 05:00:00,48.3,0.099,369.7
sensor_kallio,2024-02-08 05:30:00,30.8,0.098,359.0
sensor_kamppi,2024-02-08 05:30:00,33.0,0.166,352.1
sensor_pasila,2024-02-08 05:30:00,52.6,0.161,346.6
sensor_kallio,2024-02-08 06:00:00,47.6,0.319,451.8
sensor_kamppi,2024-02-08 06:00:00,32.6,0.297,429.7
sensor_pasila,2024-02-08 06:00:00,46.7,0.281,390.1
sensor_kallio,2024-02-08 06:30:00,43.7,0.336,419.5
sensor_kamppi,2024-02-08 06:30:00,48.3,0.345,405.2
sensor_pasila,2024-02-08 06:30:00,44.8,0.279,377.7
sensor_kallio,2024-02-08 07:00:00,76.2,0.541,437.8
sensor_kamppi,2024-02-08 07:00:00,86.4,0.603,453.9
sensor_pasila,2024-02-08 07:00:00,65.6,0.583,459.2
sensor_kallio,2024-02-08 07:30:00,64.9,0.596,411.9
sensor_kamppi,2024-02-08 07:30:00,61.1,0.601,424.8
sensor_pasila,2024-02-08 07:30:00,72.7,0.618,416.3
sensor_kallio,2024-02-08 08:00:00,96.0,0.785,425.9
sensor_kamppi,2024-02-08 08:00:00,87.6,0.773,453.2
sensor_pasila,2024-02-08 08:00:00,74.7,0.782,448.9
sensor_kallio,2024-02-08 08:30:00,80.7,0.763,438.3
sensor_kamppi,2024-02-08 08:30:00,73.7,0.71,436.0
sensor_pasila,2024-02-08 08:30:00,70.6,0.75,452.1
sensor_kallio,2024-02-08 09:00:00,88.3,0.552,392.7
sensor_kamppi,2024-02-08 09:00:00,66.6,0.595,421.1
sensor_pasila,2024-02-08 09:00:00,75.3,0.578,466.0
sensor_kallio,2024-02-08 09:30:00,74.3,0.565,388.7
sensor_kamppi,2024-02-08 09:30:00,63.1,0.618,432.9
sensor_pasila,2024-02-08 09:30:00,75.2,0.62,406.1
sensor_kallio,2024-02-08 10:00:00,51.4,0.298,321.9
sensor_kamppi,2024-02-08 10:00:00,42.9,0.307,370.8
sensor_pasila,2024-02-08 10:00:00,53.9,0.294,367.2
sensor_kallio,2024-02-08 10:30:00,68.2,0.345,365.1
sensor_kamppi,2024-02-08 10:30:00,45.5,0.32,394.9
sensor_pasila,2024-02-08 10:30:00,60.8,0.257,360.5
sensor_kallio,2024-02-08 11:00:00,49.8,0.112,318.6
sensor_kamppi,2024-02-08 11:00:00,43.2,0.142,313.2
sensor_pasila,2024-02-08 11:00:00,57.6,0.158,286.3
sensor_kallio,2024-02-08 11:30:00,63.0,0.129,354.5
sensor_kamppi,2024-02-08 11:30:00,55.2,0.183,337.3
sensor_pasila,2024-02-08 11:30:00,50.9,0.137,304.7
sensor_kallio,2024-02-08 12:00:00,51.4,0.105,251.7
sensor_kamppi,2024-02-08 12:00:00,54.7,0.106,233.1
sensor_pasila,2024-02-08 12:00:00,51.5,0.09,257.8
sensor_kallio,2024-02-08 12:30:00,66.7,0.058,252.5
sensor_kamppi,2024-02-08 12:30:00,54.3,0.098,283.4
sensor_pasila,2024-02-08 12:30:00,61.8,0.162,276.5
sensor_kallio,2024-02-08 13:00:00,48.7,0.111,232.8
sensor_kamppi,2024-02-08 13:00:00,65.8,0.17,240.8
sensor_pasila,2024-02-08 13:00:00,47.8,0.083,261.5
sensor_kallio,2024-02-08 13:30:00,53.0,0.088,238.1
sensor_kamppi,2024-02-08 13:30:00,67.0,0.093,250.2
sensor_pasila,2024-02-08 13:30:00,53.4,0.144,260.4
sensor_kallio,2024-02-08 14:00:00,55.6,0.087,279.9
sensor_kamppi,2024-02-08 14:00:00,52.7,0.151,219.3
sensor_pasila,2024-02-08 14:00:00,51.1,0.124,281.3
sensor_kallio,2024-02-08 14:30:00,42.3,0.133,288.7
sensor_kamppi,2024-02-08 14:30:00,62.3,0.081,275.6
sensor_pasila,2024-02-08 14:30:00,44.9,0.095,271.9
sensor_kallio,2024-02-08 15:00:00,49.7,0.05,288.4
sensor_kamppi,2024-02-08 15:00:00,53.4,0.095,321.8
sensor_pasila,2024-02-08 15:00:00,41.7,0.092,302.7
sensor_kallio,2024-02-08 15:30:00,45.1,0.059,289.4
sensor_kamppi,2024-02-08 15:30:00,35.7,0.093,288.6
sensor_pasila,2024-02-08 15:30:00,45.8,0.09,303.7
sensor_kallio,2024-02-08 16:00:00,59.7,0.092,339.9
sensor_kamppi,2024-02-08 16:00:00,56.6,0.107,364.1
sensor_pasila,2024-02-08 16:00:00,71.8,0.07,336.8
sensor_kallio,2024-02-08 16:30:00,80.3,0.042,344.0
sensor_kamppi,2024-02-08 16:30:00,83.4,0.106,395.5
sensor_pasila,2024-02-08 16:30:00,78.7,0.142,392.5
sensor_kallio,2024-02-08 17:00:00,67.6,0.072,425.1
sensor_kamppi,2024-02-08 17:00:00,55.5,0.05,391.0
sensor_pasila,2024-02-08 17:00:00,67.3,0.105,433.7
sensor_kallio,2024-02-08 17:30:00,65.8,0.172,410.4
sensor_kamppi,2024-02-08 17:30:00,74.7,0.083,413.6
sensor_pasila,2024-02-08 17:30:00,68.5,0.074,413.0
sensor_kallio,2024-02-08 18:00:00,57.0,0.169,414.9
sensor_kamppi,2024-02-08 18:00:00,66.6,0.088,407.6
sensor_pasila,2024-02-08 18:00:00,66.6,0.119,408.3
sensor_kallio,2024-02-08 18:30:00,56.6,0.137,453.4
sensor_kamppi,2024-02-08 18:30:00,70.3,0.067,431.1
sensor_pasila,2024-02-08 18:30:00,70.6,0.04,410.3
sensor_kallio,2024-02-08 19:00:00,32.0,0.107,466.6
sensor_kamppi,2024-02-08 19:00:00,54.5,0.08,459.3
sensor_pasila,2024-02-08 19:00:00,27.3,0.117,468.9
sensor_kallio,2024-02-08 19:30:00,25.5,0.096,468.6
sensor_kamppi,2024-02-08 19:30:00,35.5,0.116,444.5
sensor_pasila,2024-02-08 19:30:00,31.9,0.091,458.5
sensor_kallio,2024-02-08 20:00:00,36.6,0.077,410.5
sensor_kamppi,2024-02-08 20:00:00,28.4,0.109,399.5
sensor_pasila,2024-02-08 20:00:00,36.2,0.076,423.8
sensor_kallio,2024-02-08 20:30:00,23.9,0.149,412.3
sensor_kamppi,2024-02-08 20:30:00,42.8,0.112,446.7
sensor_pasila,2024-02-08 20:30:00,28.7,0.038,434.9
sensor_kallio,2024-02-08 21:00:00,26.9,0.105,387.4
sensor_kamppi,2024-02-08 21:00:00,46.2,0.082,364.3
sensor_pasila,2024-02-08 21:00:00,34.9,0.133,346.9
sensor_kallio,2024-02-08 21:30:00,41.5,0.101,360.0
sensor_kamppi,2024-02-08 21:30:00,41.9,0.119,396.6
sensor_pasila,2024-02-08 21:30:00,28.5,0.119,389.8
sensor_kallio,2024-02-08 22:00:00,29.3,0.078,324.9
sensor_kamppi,2024-02-08 22:00:00,38.3,0.046,341.0
sensor_pasila,2024-02-08 22:00:00,38.3,0.076,295.2
sensor_kallio,2024-02-08 22:30:00,36.1,0.126,317.9
sensor_kamppi,2024-02-08 22:30:00,16.1,0.082,319.5
sensor_pasila,2024-02-08 22:30:00,29.7,0.027,286.8
sensor_kallio,2024-02-08 23:00:00,19.6,0.063,279.7
sensor_kamppi,2024-02-08 23:00:00,26.8,0.105,264.7
sensor_pasila,2024-02-08 23:00:00,30.8,0.111,296.5
sensor_kallio,2024-02-08 23:30:00,22.1,0.108,308.9
sensor_kamppi,2024-02-08 23:30:00,30.9,0.09,260.4
sensor_pasila,2024-02-08 23:30:00,28.6,0.111,274.0
sensor_kallio,2024-02-09 00:00:00,24.9,0.111,361.2
sensor_kamppi,2024-02-09 00:00:00,32.7,0.098,342.2
sensor_pasila,2024-02-09 00:00:00,32.5,0.099,276.1
sensor_kallio,2024-02-09 00:30:00,30.1,0.075,304.5
sensor_kamppi,2024-02-09 00:30:00,25.5,0.153,327.6
sensor_pasila,2024-02-09 00:30:00,35.4,0.061,316.5
sensor_kallio,2024-02-09 01:00:00,19.0,0.073,263.4
sensor_kamppi,2024-02-09 01:00:00,34.4,0.097,322.5
sensor_pasila,2024-02-09 01:00:00,32.1,0.069,267.0
sensor_kallio,2024-02-09 01:30:00,14.0,0.11,249.3
sensor_kamppi,2024-02-09 01:30:00,38.8,0.126,284.8
sensor_pasila,2024-02-09 01:30:00,23.0,0.156,293.8
sensor_kallio,2024-02-09 02:00:00,33.1,0.089,257.7
sensor_kamppi,2024-02-09 02:00:00,36.6,0.077,278.6
sensor_pasila,2024-02-09 02:00:00,30.8,0.086,267.2
sensor_kallio,2024-02-09 02:30:00,40.7,0.077,308.9
sensor_kamppi,2024-02-09 02:30:00,36.9,0.053,235.5
sensor_pasila,2024-02-09 02:30:00,35.8,0.116,247.9
sensor_kallio,2024-02-09 03:00:00,38.8,0.088,252.4
sensor_kamppi,2024-02-09 03:00:00,34.1,0.095,297.3
sensor_pasila,2024-02-09 03:00:00,41.1,0.108,281.2
sensor_kallio,2024-02-09 03:30:00,44.3,0.201,268.1
sensor_kamppi,2024-02-09 03:30:00,53.9,0.057,247.3
sensor_pasila,2024-02-09 03:30:00,35.9,0.126,268.9
sensor_kallio,2024-02-09 04:00:00,41.1,0.173,319.5
sensor_kamppi,2024-02-09 04:00:00,25.4,0.124,294.7
sensor_pasila,2024-02-09 04:00:00,39.9,0.113,300.3
sensor_kallio,2024-02-09 04:30:00,45.5,0.083,316.7
sensor_kamppi,2024-02-09 04:30:00,47.9,0.114,297.6
sensor_pasila,2024-02-09 04:30:00,35.7,0.086,326.4
sensor_kallio,2024-02-09 05:00:00,43.2,0.164,374.1
sensor_kamppi,2024-02-09 05:00:00,30.0,0.119,357.4
sensor_pasila,2024-02-09 05:00:00,42.2,0.131,330.9
sensor_kallio,2024-02-09 05:30:00,42.5,0.14,332.5
sensor_kamppi,2024-02-09 05:30:00,25.0,0.108,368.7
sensor_pasila,2024-02-09 05:30:00,43.2,0.187,382.4
sensor_kallio,2024-02-09 06:00:00,48.0,0.294,412.5
sensor_kamppi,2024-02-09 06:00:00,44.9,0.287,423.3
sensor_pasila,2024-02-09 06:00:00,52.2,0.283,438.0
sensor_kallio,2024-02-09 06:30:00,48.7,0.302,412.4
sensor_kamppi,2024-02-09 06:30:00,43.1,0.271,412.3
sensor_pasila,2024-02-09 06:30:00,54.3,0.341,395.8
sensor_kallio,2024-02-09 07:00:00,76.8,0.593,444.6
sensor_kamppi,2024-02-09 07:00:00,73.0,0.605,452.4
sensor_pasila,2024-02-09 07:00:00,69.5,0.633,399.2
sensor_kallio,2024-02-09 07:30:00,67.3,0.6,440.6
sensor_kamppi,2024-02-09 07:30:00,57.1,0.611,443.4
sensor_pasila,2024-02-09 07:30:00,72.0,0.6,445.2
sensor_kallio,2024-02-09 08:00:00,74.6,0.731,474.0
sensor_kamppi,2024-02-09 08:00:00,57.5,0.724,411.2
sensor_pasila,2024-02-09 08:00:00,75.1,0.792,432.5
sensor_kallio,2024-02-09 08:30:00,74.3,0.735,485.2
sensor_kamppi,2024-02-09 08:30:00,58.5,0.752,425.4
sensor_pasila,2024-02-09 08:30:00,66.2,0.713,442.0
sensor_kallio,2024-02-09 09:00:00,87.4,0.564,392.5
sensor_kamppi,2024-02-09 09:00:00,72.3,0.605,411.1
sensor_pasila,2024-02-09 09:00:00,77.4,0.572,428.5
sensor_kallio,2024-02-09 09:30:00,77.8,0.624,401.2
sensor_kamppi,2024-02-09 09:30:00,94.3,0.574,439.1
sensor_pasila,2024-02-09 09:30:00,78.0,0.581,407.9
sensor_kallio,2024-02-09 10:00:00,44.0,0.357,377.2
sensor_kamppi,2024-02-09 10:00:00,46.3,0.253,360.7
sensor_pasila,2024-02-09 10:00:00,53.7,0.288,334.9
sensor_kallio,2024-02-09 10:30:00,51.0,0.362,335.2
sensor_kamppi,2024-02-09 10:30:00,62.6,0.297,330.4
sensor_pasila,2024-02-09 10:30:00,46.6,0.326,357.2
sensor_kallio,2024-02-09 11:00:00,54.3,0.123,293.0
sensor_kamppi,2024-02-09 11:00:00,63.2,0.163,326.3
sensor_pasila,2024-02-09 11:00:00,55.6,0.15,336.5
sensor_kallio,2024-02-09 11:30:00,51.9,0.107,297.7
sensor_kamppi,2024-02-09 11:30:00,45.5,0.164,343.2
sensor_pasila,2024-02-09 11:30:00,49.2,0.181,320.3
sensor_kallio,2024-02-09 12:00:00,52.0,0.072,302.1
sensor_kamppi,2024-02-09 12:00:00,57.8,0.108,295.3
sensor_pasila,2024-02-09 12:00:00,52.8,0.151,262.0
sensor_kallio,2024-02-09 12:30:00,36.5,0.085,250.3
sensor_kamppi,2024-02-09 12:30:00,50.4,0.144,291.3
sensor_pasila,2024-02-09 12:30:00,52.5,0.106,273.9
sensor_kallio,2024-02-09 13:00:00,45.6,0.102,264.8
sensor_kamppi,2024-02-09 13:00:00,47.6,0.09,270.4
sensor_pasila,2024-02-09 13:00:00,46.1,0.059,270.4
sensor_kallio,2024-02-09 13:30:00,54.5,0.084,268.5
sensor_kamppi,2024-02-09 13:30:00,57.5,0.089,277.5
sensor_pasila,2024-02-09 13:30:00,56.2,0.105,264.5
sensor_kallio,2024-02-09 14:00:00,57.1,0.167,269.1
sensor_kamppi,2024-02-09 14:00:00,45.0,0.106,255.8
sensor_pasila,2024-02-09 14:00:00,51.7,0.091,272.0
sensor_kallio,2024-02-09 14:30:00,48.7,0.162,283.0
sensor_kamppi,2024-02-09 14:30:00,37.2,0.121,271.1
sensor_pasila,2024-02-09 14:30:00,50.9,0.103,247.6
sensor_kallio,2024-02-09 15:00:00,55.2,0.081,311.7
sensor_kamppi,2024-02-09 15:00:00,53.7,0.111,306.3
sensor_pasila,2024-02-09 15:00:00,45.2,0.113,341.3
sensor_kallio,2024-02-09 15:30:00,60.1,0.091,340.7
sensor_kamppi,2024-02-09 15:30:00,69.9,0.082,278.9
sensor_pasila,2024-02-09 15:30:00,50.3,0.138,310.6
sensor_kallio,2024-02-09 16:00:00,77.7,0.096,386.7
sensor_kamppi,2024-02-09 16:00:00,54.6,0.134,376.0
sensor_pasila,2024-02-09 16:00:00,65.7,0.083,365.0
sensor_kallio,2024-02-09 16:30:00,72.0,0.121,357.7
sensor_kamppi,2024-02-09 16:30:00,60.3,0.045,374.1
sensor_pasila,2024-02-09 16:30:00,60.2,0.118,376.9
sensor_kallio,2024-02-09 17:00:00,64.2,0.098,386.9
sensor_kamppi,2024-02-09 17:00:00,69.6,0.14,412.7
sensor_pasila,2024-02-09 17:00:00,72.4,0.1,424.1
sensor_kallio,2024-02-09 17:30:00,70.5,0.125,435.5
sensor_kamppi,2024-02-09 17:30:00,61.0,0.094,362.9
sensor_pasila,2024-02-09 17:30:00,72.2,0.143,429.3
sensor_kallio,2024-02-09 18:00:00,63.2,0.082,409.9
sensor_kamppi,2024-02-09 18:00:00,81.5,0.108,412.6
sensor_pasila,2024-02-09 18:00:00,70.7,0.074,426.3
sensor_kallio,2024-02-09 18:30:00,55.6,0.053,450.2
sensor_kamppi,2024-02-09 18:30:00,57.0,0.1,418.8
sensor_pasila,2024-02-09 18:30:00,68.5,0.135,449.4
sensor_kallio,2024-02-09 19:00:00,31.5,0.146,428.0
sensor_kamppi,2024-02-09 19:00:00,25.5,0.096,427.8
sensor_pasila,2024-02-09 19:00:00,34.6,0.097,495.7
sensor_kallio,2024-02-09 19:30:00,42.8,0.088,448.7
sensor_kamppi,2024-02-09 19:30:00,18.3,0.088,425.2
sensor_pasila,2024-02-09 19:30:00,33.9,0.072,430.6
sensor_kallio,2024-02-09 20:00:00,41.3,0.087,371.3
sensor_kamppi,2024-02-09 20:00:00,23.0,0.108,393.4
sensor_pasila,2024-02-09 20:00:00,37.7,0.094,417.1
sensor_kallio,2024-02-09 20:30:00,34.6,0.082,407.5
sensor_kamppi,2024-02-09 20:30:00,33.7,0.082,432.5
sensor_pasila,2024-02-09 20:30:00,35.6,0.072,392.2
sensor_kallio,2024-02-09 21:00:00,22.2,0.059,365.9
sensor_kamppi,2024-02-09 21:00:00,46.2,0.113,374.6
sensor_pasila,2024-02-09 21:00:00,30.6,0.134,359.5
sensor_kallio,2024-02-09 21:30:00,36.4,0.134,386.4
sensor_kamppi,2024-02-09 21:30:00,26.8,0.098,318.3
sensor_pasila,2024-02-09 21:30:00,37.5,0.074,382.9
sensor_kallio,2024-02-09 22:00:00,30.7,0.104,330.9
sensor_kamppi,2024-02-09 22:00:00,40.4,0.108,311.6
sensor_pasila,2024-02-09 22:00:00,30.8,0.109,339.7
sensor_kallio,2024-02-09 22:30:00,26.3,0.103,321.6
sensor_kamppi,2024-02-09 22:30:00,28.0,0.066,317.4
sensor_pasila,2024-02-09 22:30:00,28.3,0.116,300.7
sensor_kallio,2024-02-09 23:00:00,29.6,0.091,274.2
sensor_kamppi,2024-02-09 23:00:00,24.8,0.123,282.5
sensor_pasila,2024-02-09 23:00:00,33.7,0.107,282.3
sensor_kallio,2024-02-09 23:30:00,40.0,0.112,256.1
sensor_kamppi,2024-02-09 23:30:00,31.9,0.079,282.9
sensor_pasila,2024-02-09 23:30:00,25.1,0.06,306.4
sensor_kallio,2024-02-10 00:00:00,37.6,0.121,316.4
sensor_kamppi,2024-02-10 00:00:00,33.2,0.118,312.9
sensor_pasila,2024-02-10 00:00:00,26.2,0.082,333.8
sensor_kallio,2024-02-10 00:30:00,23.3,0.098,288.7
sensor_kamppi,2024-02-10 00:30:00,20.5,0.128,318.7
sensor_pasila,2024-02-10 00:30:00,28.1,0.1,286.6
sensor_kallio,2024-02-10 01:00:00,40.6,0.136,269.1
sensor_kamppi,2024-02-10 01:00:00,50.8,0.097,235.4
sensor_pasila,2024-02-10 01:00:00,36.1,0.112,286.0
sensor_kallio,2024-02-10 01:30:00,39.3,0.106,259.7
sensor_kamppi,2024-02-10 01:30:00,40.1,0.123,253.3
sensor_pasila,2024-02-10 01:30:00,31.6,0.073,265.7
sensor_kallio,2024-02-10 02:00:00,40.8,0.052,276.6
sensor_kamppi,2024-02-10 02:00:00,27.4,0.101,215.9
sensor_pasila,2024-02-10 02:00:00,27.8,0.131,265.6
sensor_kallio,2024-02-10 02:30:00,32.3,0.07,256.5
sensor_kamppi,2024-02-10 02:30:00,28.0,0.119,250.2
sensor_pasila,2024-02-10 02:30:00,41.8,0.099,287.2
sensor_kallio,2024-02-10 03:00:00,29.1,0.112,302.6
sensor_kamppi,2024-02-10 03:00:00,34.1,0.085,264.5
sensor_pasila,2024-02-10 03:00:00,36.8,0.131,301.3
sensor_kallio,2024-02-10 03:30:00,36.5,0.077,287.8
sensor_kamppi,2024-02-10 03:30:00,40.2,0.114,299.9
sensor_pasila,2024-02-10 03:30:00,43.7,0.119,283.7
sensor_kallio,2024-02-10 04:00:00,41.8,0.122,302.0
sensor_kamppi,2024-02-10 04:00:00,41.8,0.119,295.0
sensor_pasila,2024-02-10 04:00:00,34.5,0.068,310.0
sensor_kallio,2024-02-10 04:30:00,42.9,0.081,276.0
sensor_kamppi,2024-02-10 04:30:00,22.6,0.049,288.4
sensor_pasila,2024-02-10 04:30:00,37.7,0.179,307.0
sensor_kallio,2024-02-10 05:00:00,33.5,0.112,372.2
sensor_kamppi,2024-02-10 05:00:00,39.6,0.147,379.2
sensor_pasila,2024-02-10 05:00:00,42.9,0.134,337.5
sensor_kallio,2024-02-10 05:30:00,35.7,0.144,375.3
sensor_kamppi,2024-02-10 05:30:00,38.1,0.164,396.5
sensor_pasila,2024-02-10 05:30:00,51.7,0.218,358.7
sensor_kallio,2024-02-10 06:00:00,49.5,0.296,404.0
sensor_kamppi,2024-02-10 06:00:00,47.7,0.278,405.8
sensor_pasila,2024-02-10 06:00:00,44.9,0.319,423.1
sensor_kallio,2024-02-10 06:30:00,33.4,0.3,416.7
sensor_kamppi,2024-02-10 06:30:00,54.9,0.249,388.5
sensor_pasila,2024-02-10 06:30:00,44.2,0.266,431.3
sensor_kallio,2024-02-10 07:00:00,42.6,0.608,430.1
sensor_kamppi,2024-02-10 07:00:00,26.0,0.562,430.1
sensor_pasila,2024-02-10 07:00:00,45.3,0.612,400.0
sensor_kallio,2024-02-10 07:30:00,40.3,0.591,421.2
sensor_kamppi,2024-02-10 07:30:00,51.0,0.52,404.4
sensor_pasila,2024-02-10 07:30:00,38.9,0.569,447.7
sensor_kallio,2024-02-10 08:00:00,45.0,0.775,448.8
sensor_kamppi,2024-02-10 08:00:00,42.7,0.787,425.1
sensor_pasila,2024-02-10 08:00:00,37.7,0.749,448.9
sensor_kallio,2024-02-10 08:30:00,52.3,0.748,444.3
sensor_kamppi,2024-02-10 08:30:00,45.2,0.774,393.7
sensor_pasila,2024-02-10 08:30:00,48.1,0.689,416.2
sensor_kallio,2024-02-10 09:00:00,66.8,0.558,405.6
sensor_kamppi,2024-02-10 09:00:00,56.4,0.556,436.9
sensor_pasila,2024-02-10 09:00:00,48.8,0.569,432.9
sensor_kallio,2024-02-10 09:30:00,49.0,0.537,431.8
sensor_kamppi,2024-02-10 09:30:00,60.5,0.637,410.0
sensor_pasila,2024-02-10 09:30:00,57.9,0.6,407.3
sensor_kallio,2024-02-10 10:00:00,46.1,0.334,377.6
sensor_kamppi,2024-02-10 10:00:00,53.0,0.247,392.8
sensor_pasila,2024-02-10 10:00:00,49.7,0.401,389.7
sensor_kallio,2024-02-10 10:30:00,50.7,0.279,354.4
sensor_kamppi,2024-02-10 10:30:00,72.6,0.256,368.8
sensor_pasila,2024-02-10 10:30:00,49.7,0.289,377.7
sensor_kallio,2024-02-10 11:00:00,53.5,0.135,298.3
sensor_kamppi,2024-02-10 11:00:00,51.1,0.148,297.0
sensor_pasila,2024-02-10 11:00:00,61.3,0.134,335.8
sensor_kallio,2024-02-10 11:30:00,55.0,0.139,301.8
sensor_kamppi,2024-02-10 11:30:00,71.3,0.125,320.9
sensor_pasila,2024-02-10 11:30:00,52.7,0.166,324.3
sensor_kallio,2024-02-10 12:00:00,50.7,0.102,287.2
sensor_kamppi,2024-02-10 12:00:00,50.3,0.122,288.2
sensor_pasila,2024-02-10 12:00:00,57.6,0.101,289.4
sensor_kallio,2024-02-10 12:30:00,49.1,0.15,252.5
sensor_kamppi,2024-02-10 12:30:00,52.4,0.163,254.8
sensor_pasila,2024-02-10 12:30:00,47.5,0.139,279.5
sensor_kallio,2024-02-10 13:00:00,49.8,0.086,236.0
sensor_kamppi,2024-02-10 13:00:00,37.6,0.137,261.9
sensor_pasila,2024-02-10 13:00:00,55.3,0.042,264.1
sensor_kallio,2024-02-10 13:30:00,47.9,0.069,265.5
sensor_kamppi,2024-02-10 13:30:00,43.4,0.086,252.2
sensor_pasila,2024-02-10 13:30:00,55.3,0.086,259.9
sensor_kallio,2024-02-10 14:00:00,59.0,0.077,304.9
sensor_kamppi,2024-02-10 14:00:00,55.4,0.083,237.5
sensor_pasila,2024-02-10 14:00:00,55.0,0.036,314.7
sensor_kallio,2024-02-10 14:30:00,56.7,0.071,293.9
sensor_kamppi,2024-02-10 14:30:00,48.8,0.092,283.8
sensor_pasila,2024-02-10 14:30:00,50.9,0.112,262.6
sensor_kallio,2024-02-10 15:00:00,52.2,0.119,298.7
sensor_kamppi,2024-02-10 15:00:00,61.3,0.114,307.8
sensor_pasila,2024-02-10 15:00:00,52.2,0.104,341.3
sensor_kallio,2024-02-10 15:30:00,45.8,0.148,342.5
sensor_kamppi,2024-02-10 15:30:00,49.0,0.063,305.3
sensor_pasila,2024-02-10 15:30:00,46.5,0.166,309.4
sensor_kallio,2024-02-10 16:00:00,46.6,0.119,348.6
sensor_kamppi,2024-02-10 16:00:00,38.6,0.129,390.4
sensor_pasila,2024-02-10 16:00:00,48.7,0.143,351.6
sensor_kallio,2024-02-10 16:30:00,42.4,0.091,323.0
sensor_kamppi,2024-02-10 16:30:00,47.1,0.073,351.9
sensor_pasila,2024-02-10 16:30:00,32.3,0.062,395.8
sensor_kallio,2024-02-10 17:00:00,39.4,0.083,409.8
sensor_kamppi,2024-02-10 17:00:00,48.1,0.067,382.1
sensor_pasila,2024-02-10 17:00:00,34.7,0.116,417.5
sensor_kallio,2024-02-10 17:30:00,49.9,0.099,407.9
sensor_kamppi,2024-02-10 17:30:00,34.6,0.126,393.8
sensor_pasila,2024-02-10 17:30:00,32.1,0.126,378.2
sensor_kallio,2024-02-10 18:00:00,39.7,0.121,415.0
sensor_kamppi,2024-02-10 18:00:00,44.2,0.133,432.4
sensor_pasila,2024-02-10 18:00:00,40.2,0.105,442.4
sensor_kallio,2024-02-10 18:30:00,38.6,0.116,461.6
sensor_kamppi,2024-02-10 18:30:00,40.1,0.085,424.6
sensor_pasila,2024-02-10 18:30:00,38.8,0.118,420.7
sensor_kallio,2024-02-10 19:00:00,42.6,0.12,441.4
sensor_kamppi,2024-02-10 19:00:00,39.8,0.055,397.4
sensor_pasila,2024-02-10 19:00:00,39.5,0.097,465.6
sensor_kallio,2024-02-10 19:30:00,33.6,0.087,426.9
sensor_kamppi,2024-02-10 19:30:00,52.7,0.132,417.0
sensor_pasila,2024-02-10 19:30:00,27.7,0.057,448.8
sensor_kallio,2024-02-10 20:00:00,32.5,0.159,412.8
sensor_kamppi,2024-02-10 20:00:00,22.3,0.077,438.5
sensor_pasila,2024-02-10 20:00:00,35.8,0.115,422.3
sensor_kallio,2024-02-10 20:30:00,32.6,0.094,397.9
sensor_kamppi,2024-02-10 20:30:00,55.0,0.08,380.2
sensor_pasila,2024-02-10 20:30:00,33.1,0.101,392.0
sensor_kallio,2024-02-10 21:00:00,38.1,0.1,401.4
sensor_kamppi,2024-02-10 21:00:00,30.4,0.056,349.1
sensor_pasila,2024-02-10 21:00:00,27.7,0.061,370.0
sensor_kallio,2024-02-10 21:30:00,28.2,0.13,356.7
sensor_kamppi,2024-02-10 21:30:00,18.3,0.139,315.4
sensor_pasila,2024-02-10 21:30:00,21.0,0.111,390.3
sensor_kallio,2024-02-10 22:00:00,34.6,0.087,339.4
sensor_kamppi,2024-02-10 22:00:00,19.8,0.047,316.0
sensor_pasila,2024-02-10 22:00:00,37.0,0.118,295.6
sensor_kallio,2024-02-10 22:30:00,29.3,0.086,289.9
sensor_kamppi,2024-02-10 22:30:00,36.2,0.113,293.9
sensor_pasila,2024-02-10 22:30:00,30.8,0.146,272.9
sensor_kallio,2024-02-10 23:00:00,31.4,0.057,271.0
sensor_kamppi,2024-02-10 23:00:00,31.5,0.089,260.6
sensor_pasila,2024-02-10 23:00:00,26.2,0.12,305.2
sensor_kallio,2024-02-10 23:30:00,34.3,0.089,260.1
sensor_kamppi,2024-02-10 23:30:00,35.3,0.07,267.7
sensor_pasila,2024-02-10 23:30:00,31.4,0.094,237.3
sensor_kallio,2024-02-11 00:00:00,36.3,0.107,278.6
sensor_kamppi,2024-02-11 00:00:00,22.9,0.141,299.8
sensor_pasila,2024-02-11 00:00:00,26.8,0.123,309.8
sensor_kallio,2024-02-11 00:30:00,27.7,0.039,293.1
sensor_kamppi,2024-02-11 00:30:00,24.6,0.127,357.5
sensor_pasila,2024-02-11 00:30:00,31.6,0.14,328.5
sensor_kallio,2024-02-11 01:00:00,27.6,0.089,261.6
sensor_kamppi,2024-02-11 01:00:00,43.0,0.088,282.4
sensor_pasila,2024-02-11 01:00:00,31.4,0.1,282.4
sensor_kallio,2024-02-11 01:30:00,35.7,0.084,277.1
sensor_kamppi,2024-02-11 01:30:00,45.5,0.104,267.3
sensor_pasila,2024-02-11 01:30:00,29.8,0.098,263.8
sensor_kallio,2024-02-11 02:00:00,27.6,0.167,227.9
sensor_kamppi,2024-02-11 02:00:00,26.3,0.034,278.6
sensor_pasila,2024-02-11 02:00:00,28.5,0.121,245.7
sensor_kallio,2024-02-11 02:30:00,27.8,0.067,248.1
sensor_kamppi,2024-02-11 02:30:00,34.8,0.118,235.0
sensor_pasila,2024-02-11 02:30:00,33.9,0.136,271.1
sensor_kallio,2024-02-11 03:00:00,36.5,0.085,255.1
sensor_kamppi,2024-02-11 03:00:00,23.8,0.175,281.4
sensor_pasila,2024-02-11 03:00:00,31.7,0.028,250.3
sensor_kallio,2024-02-11 03:30:00,34.3,0.074,267.3
sensor_kamppi,2024-02-11 03:30:00,48.6,0.041,300.8
sensor_pasila,2024-02-11 03:30:00,33.2,0.138,254.3
sensor_kallio,2024-02-11 04:00:00,37.6,0.12,339.9
sensor_kamppi,2024-02-11 04:00:00,48.2,0.097,322.6
sensor_pasila,2024-02-11 04:00:00,46.0,0.093,317.5
sensor_kallio,2024-02-11 04:30:00,29.2,0.112,320.6
sensor_kamppi,2024-02-11 04:30:00,43.8,0.11,346.0
sensor_pasila,2024-02-11 04:30:00,42.9,0.111,288.4
sensor_kallio,2024-02-11 05:00:00,26.1,0.211,341.6
sensor_kamppi,2024-02-11 05:00:00,37.7,0.176,351.1
sensor_pasila,2024-02-11 05:00:00,41.9,0.144,339.4
sensor_kallio,2024-02-11 05:30:00,46.3,0.125,372.4
sensor_kamppi,2024-02-11 05:30:00,36.6,0.118,340.8
sensor_pasila,2024-02-11 05:30:00,45.8,0.089,336.9
sensor_kallio,2024-02-11 06:00:00,47.4,0.29,416.6
sensor_kamppi,2024-02-11 06:00:00,36.1,0.273,433.7
sensor_pasila,2024-02-11 06:00:00,54.8,0.312,428.6
sensor_kallio,2024-02-11 06:30:00,46.6,0.271,433.3
sensor_kamppi,2024-02-11 06:30:00,42.4,0.301,404.9
sensor_pasila,2024-02-11 06:30:00,31.6,0.261,397.6
sensor_kallio,2024-02-11 07:00:00,55.3,0.576,458.2
sensor_kamppi,2024-02-11 07:00:00,57.0,0.574,427.5
sensor_pasila,2024-02-11 07:00:00,46.8,0.563,444.7
sensor_kallio,2024-02-11 07:30:00,58.4,0.544,418.6
sensor_kamppi,2024-02-11 07:30:00,52.0,0.609,442.6
sensor_pasila,2024-02-11 07:30:00,50.5,0.566,443.3
sensor_kallio,2024-02-11 08:00:00,44.1,0.834,453.0
sensor_kamppi,2024-02-11 08:00:00,39.5,0.786,422.3
sensor_pasila,2024-02-11 08:00:00,44.4,0.736,426.1
sensor_kallio,2024-02-11 08:30:00,56.5,0.777,426.7
sensor_kamppi,2024-02-11 08:30:00,42.8,0.76,428.8
sensor_pasila,2024-02-11 08:30:00,53.9,0.805,409.9
sensor_kallio,2024-02-11 09:00:00,52.2,0.558,408.2
sensor_kamppi,2024-02-11 09:00:00,56.3,0.616,392.0
sensor_pasila,2024-02-11 09:00:00,43.3,0.626,380.3
sensor_kallio,2024-02-11 09:30:00,46.2,0.586,439.8
sensor_kamppi,2024-02-11 09:30:00,57.4,0.565,394.9
sensor_pasila,2024-02-11 09:30:00,53.5,0.629,380.7
sensor_kallio,2024-02-11 10:00:00,52.9,0.336,348.8
sensor_kamppi,2024-02-11 10:00:00,40.5,0.283,357.7
sensor_pasila,2024-02-11 10:00:00,57.9,0.307,338.0
sensor_kallio,2024-02-11 10:30:00,58.2,0.23,368.7
sensor_kamppi,2024-02-11 10:30:00,68.4,0.296,328.4
sensor_pasila,2024-02-11 10:30:00,51.8,0.24,356.4
sensor_kallio,2024-02-11 11:00:00,53.3,0.168,313.2
sensor_kamppi,2024-02-11 11:00:00,54.8,0.176,295.1
sensor_pasila,2024-02-11 11:00:00,59.3,0.179,328.3
sensor_kallio,2024-02-11 11:30:00,59.3,0.171,316.0
sensor_kamppi,2024-02-11 11:30:00,63.7,0.124,321.1
sensor_pasila,2024-02-11 11:30:00,60.6,0.152,292.4
sensor_kallio,2024-02-11 12:00:00,44.4,0.113,279.0
sensor_kamppi,2024-02-11 12:00:00,49.6,0.106,278.4
sensor_pasila,2024-02-11 12:00:00,52.7,0.137,257.0
sensor_kallio,2024-02-11 12:30:00,68.8,0.13,294.5
sensor_kamppi,2024-02-11 12:30:00,36.6,0.083,293.1
sensor_pasila,2024-02-11 12:30:00,59.9,0.096,281.0
sensor_kallio,2024-02-11 13:00:00,60.9,0.133,219.6
sensor_kamppi,2024-02-11 13:00:00,57.1,0.125,239.5
sensor_pasila,2024-02-11 13:00:00,49.7,0.089,233.6
sensor_kallio,2024-02-11 13:30:00,47.5,0.142,214.4
sensor_kamppi,2024-02-11 13:30:00,42.4,0.09,273.6
sensor_pasila,2024-02-11 13:30:00,41.8,0.045,227.5
sensor_kallio,2024-02-11 14:00:00,50.0,0.128,267.8
sensor_kamppi,2024-02-11 14:00:00,57.9,0.086,290.0
sensor_pasila,2024-02-11 14:00:00,53.5,0.111,253.9
sensor_kallio,2024-02-11 14:30:00,48.7,0.119,261.4
sensor_kamppi,2024-02-11 14:30:00,58.1,0.152,288.8
sensor_pasila,2024-02-11 14:30:00,56.7,0.139,302.2
sensor_kallio,2024-02-11 15:00:00,50.6,0.131,319.5
sensor_kamppi,2024-02-11 15:00:00,57.3,0.097,308.0
sensor_pasila,2024-02-11 15:00:00,48.6,0.133,290.4
sensor_kallio,2024-02-11 15:30:00,44.0,0.081,277.5
sensor_kamppi,2024-02-11 15:30:00,33.2,0.134,313.7
sensor_pasila,2024-02-11 15:30:00,46.9,0.123,253.4
sensor_kallio,2024-02-11 16:00:00,38.7,0.062,382.7
sensor_kamppi,2024-02-11 16:00:00,37.3,0.09,394.8
sensor_pasila,2024-02-11 16:00:00,47.9,0.096,364.9
sensor_kallio,2024-02-11 16:30:00,42.2,0.082,342.2
sensor_kamppi,2024-02-11 16:30:00,47.9,0.093,356.6
sensor_pasila,2024-02-11 16:30:00,60.9,0.081,398.3
sensor_kallio,2024-02-11 17:00:00,46.7,0.108,418.9
sensor_kamppi,2024-02-11 17:00:00,23.7,0.117,404.7
sensor_pasila,2024-02-11 17:00:00,44.7,0.062,404.8
sensor_kallio,2024-02-11 17:30:00,48.8,0.121,438.9
sensor_kamppi,2024-02-11 17:30:00,39.9,0.05,409.3
sensor_pasila,2024-02-11 17:30:00,38.7,0.164,456.2
sensor_kallio,2024-02-11 18:00:00,35.3,0.085,443.4
sensor_kamppi,2024-02-11 18:00:00,43.0,0.025,472.2
sensor_pasila,2024-02-11 18:00:00,41.1,0.16,438.1
sensor_kallio,2024-02-11 18:30:00,43.8,0.099,458.8
sensor_kamppi,2024-02-11 18:30:00,52.9,0.119,426.2
sensor_pasila,2024-02-11 18:30:00,34.3,0.033,448.9
sensor_kallio,2024-02-11 19:00:00,49.7,0.104,450.6
sensor_kamppi,2024-02-11 19:00:00,44.9,0.061,415.1
sensor_pasila,2024-02-11 19:00:00,31.7,0.159,451.4
sensor_kallio,2024-02-11 19:30:00,38.0,0.093,441.3
sensor_kamppi,2024-02-11 19:30:00,41.8,0.093,439.5
sensor_pasila,2024-02-11 19:30:00,42.6,0.107,399.8
sensor_kallio,2024-02-11 20:00:00,34.3,0.106,402.7
sensor_kamppi,2024-02-11 20:00:00,55.7,0.102,402.6
sensor_pasila,2024-02-11 20:00:00,28.2,0.092,442.4
sensor_kallio,2024-02-11 20:30:00,29.4,0.12,375.3
sensor_kamppi,2024-02-11 20:30:00,35.1,0.097,397.1
sensor_pasila,2024-02-11 20:30:00,34.4,0.128,439.2
sensor_kallio,2024-02-11 21:00:00,27.8,0.16,396.2
sensor_kamppi,2024-02-11 21:00:00,38.2,0.088,318.1
sensor_pasila,2024-02-11 21:00:00,31.0,0.162,328.3
sensor_kallio,2024-02-11 21:30:00,34.4,0.154,388.6
sensor_kamppi,2024-02-11 21:30:00,22.0,0.064,355.2
sensor_pasila,2024-02-11 21:30:00,35.1,0.141,383.6
sensor_kallio,2024-02-11 22:00:00,19.2,0.065,316.9
sensor_kamppi,2024-02-11 22:00:00,29.0,0.076,330.5
sensor_pasila,2024-02-11 22:00:00,19.5,0.085,328.3
sensor_kallio,2024-02-11 22:30:00,39.1,0.081,298.0
sensor_kamppi,2024-02-11 22:30:00,32.9,0.092,326.3
sensor_pasila,2024-02-11 22:30:00,36.0,0.113,286.1
sensor_kallio,2024-02-11 23:00:00,27.4,0.073,273.3
sensor_kamppi,2024-02-11 23:00:00,21.9,0.099,296.2
sensor_pasila,2024-02-11 23:00:00,29.2,0.027,244.5
sensor_kallio,2024-02-11 23:30:00,30.9,0.051,282.8
sensor_kamppi,2024-02-11 23:30:00,35.7,0.109,278.3
sensor_pasila,2024-02-11 23:30:00,31.5,0.135,279.6
sensor_kallio,2024-02-12 00:00:00,32.4,0.098,292.6
sensor_kamppi,2024-02-12 00:00:00,10.0,0.049,299.4
sensor_pasila,2024-02-12 00:00:00,30.3,0.09,358.4
sensor_kallio,2024-02-12 00:30:00,20.8,0.153,328.8
sensor_kamppi,2024-02-12 00:30:00,37.9,0.074,298.8
sensor_pasila,2024-02-12 00:30:00,22.0,0.137,300.1
sensor_kallio,2024-02-12 01:00:00,26.0,0.132,261.3
sensor_kamppi,2024-02-12 01:00:00,26.4,0.075,293.8
sensor_pasila,2024-02-12 01:00:00,30.6,0.036,279.6
sensor_kallio,2024-02-12 01:30:00,33.7,0.129,311.2
sensor_kamppi,2024-02-12 01:30:00,47.3,0.083,272.5
sensor_pasila,2024-02-12 01:30:00,38.0,0.103,276.2
sensor_kallio,2024-02-12 02:00:00,36.0,0.087,267.4
sensor_kamppi,2024-02-12 02:00:00,37.6,0.08,230.6
sensor_pasila,2024-02-12 02:00:00,32.8,0.162,220.7
sensor_kallio,2024-02-12 02:30:00,45.4,0.141,240.2
sensor_kamppi,2024-02-12 02:30:00,46.0,0.1,276.4
sensor_pasila,2024-02-12 02:30:00,46.4,0.091,278.8
sensor_kallio,2024-02-12 03:00:00,37.1,0.097,248.3
sensor_kamppi,2024-02-12 03:00:00,35.8,0.061,271.0
sensor_pasila,2024-02-12 03:00:00,34.1,0.121,284.4
sensor_kallio,2024-02-12 03:30:00,36.6,0.127,251.2
sensor_kamppi,2024-02-12 03:30:00,27.5,0.125,256.4
sensor_pasila,2024-02-12 03:30:00,41.6,0.114,263.3
sensor_kallio,2024-02-12 04:00:00,35.5,0.074,280.4
sensor_kamppi,2024-02-12 04:00:00,23.7,0.072,328.3
sensor_pasila,2024-02-12 04:00:00,42.0,0.176,296.9
sensor_kallio,2024-02-12 04:30:00,35.4,0.108,323.9
sensor_kamppi,2024-02-12 04:30:00,48.9,0.09,314.5
sensor_pasila,2024-02-12 04:30:00,36.1,0.095,320.2
sensor_kallio,2024-02-12 05:00:00,29.3,0.176,357.1
sensor_kamppi,2024-02-12 05:00:00,45.4,0.151,352.0
sensor_pasila,2024-02-12 05:00:00,38.3,0.113,372.2
sensor_kallio,2024-02-12 05:30:00,40.2,0.143,369.5
sensor_kamppi,2024-02-12 05:30:00,64.1,0.111,363.6
sensor_pasila,2024-02-12 05:30:00,38.5,0.161,376.2
sensor_kallio,2024-02-12 06:00:00,45.6,0.252,391.1
sensor_kamppi,2024-02-12 06:00:00,51.3,0.252,415.9
sensor_pasila,2024-02-12 06:00:00,48.0,0.324,423.4
sensor_kallio,2024-02-12 06:30:00,35.2,0.261,366.0
sensor_kamppi,2024-02-12 06:30:00,54.5,0.307,400.7
sensor_pasila,2024-02-12 06:30:00,48.4,0.256,406.0
sensor_kallio,2024-02-12 07:00:00,70.0,0.579,439.0
sensor_kamppi,2024-02-12 07:00:00,77.6,0.555,408.4
sensor_pasila,2024-02-12 07:00:00,76.9,0.59,398.2
sensor_kallio,2024-02-12 07:30:00,70.1,0.579,425.1
sensor_kamppi,2024-02-12 07:30:00,74.8,0.572,441.6
sensor_pasila,2024-02-12 07:30:00,71.2,0.608,405.6
sensor_kallio,2024-02-12 08:00:00,71.4,0.768,414.7
sensor_kamppi,2024-02-12 08:00:00,57.8,0.741,412.2
sensor_pasila,2024-02-12 08:00:00,79.8,0.723,376.2
sensor_kallio,2024-02-12 08:30:00,70.7,0.749,438.8
sensor_kamppi,2024-02-12 08:30:00,75.9,0.736,424.5
sensor_pasila,2024-02-12 08:30:00,81.1,0.774,442.5
sensor_kallio,2024-02-12 09:00:00,76.1,0.599,409.0
sensor_kamppi,2024-02-12 09:00:00,77.0,0.589,396.6
sensor_pasila,2024-02-12 09:00:00,87.4,0.554,380.1
sensor_kallio,2024-02-12 09:30:00,77.5,0.527,413.2
sensor_kamppi,2024-02-12 09:30:00,60.2,0.577,436.2
sensor_pasila,2024-02-12 09:30:00,75.6,0.572,448.2
sensor_kallio,2024-02-12 10:00:00,53.5,0.247,377.7
sensor_kamppi,2024-02-12 10:00:00,60.8,0.316,374.1
sensor_pasila,2024-02-12 10:00:00,56.5,0.336,357.3
sensor_kallio,2024-02-12 10:30:00,46.3,0.306,368.2
sensor_kamppi,2024-02-12 10:30:00,57.1,0.322,377.0
sensor_pasila,2024-02-12 10:30:00,55.2,0.271,346.0
sensor_kallio,2024-02-12 11:00:00,55.0,0.131,306.1
sensor_kamppi,2024-02-12 11:00:00,30.6,0.179,298.3
sensor_pasila,2024-02-12 11:00:00,60.5,0.099,344.8
sensor_kallio,2024-02-12 11:30:00,61.5,0.092,323.5
sensor_kamppi,2024-02-12 11:30:00,42.6,0.168,327.2
sensor_pasila,2024-02-12 11:30:00,53.4,0.14,302.8
sensor_kallio,2024-02-12 12:00:00,59.3,0.145,291.8
sensor_kamppi,2024-02-12 12:00:00,61.7,0.163,286.8
sensor_pasila,2024-02-12 12:00:00,52.7,0.109,267.9
sensor_kallio,2024-02-12 12:30:00,49.7,0.109,272.5
sensor_kamppi,2024-02-12 12:30:00,68.9,0.086,259.7
sensor_pasila,2024-02-12 12:30:00,52.8,0.057,297.1
sensor_kallio,2024-02-12 13:00:00,62.3,0.101,252.2
sensor_kamppi,2024-02-12 13:00:00,58.0,0.102,282.5
sensor_pasila,2024-02-12 13:00:00,53.1,0.147,281.3
sensor_kallio,2024-02-12 13:30:00,48.9,0.117,275.7
sensor_kamppi,2024-02-12 13:30:00,54.7,0.083,264.1
sensor_pasila,2024-02-12 13:30:00,44.0,0.131,266.4
sensor_kallio,2024-02-12 14:00:00,43.2,0.093,287.3
sensor_kamppi,2024-02-12 14:00:00,35.4,0.154,256.4
sensor_pasila,2024-02-12 14:00:00,53.3,0.134,304.2
sensor_kallio,2024-02-12 14:30:00,41.2,0.037,272.0
sensor_kamppi,2024-02-12 14:30:00,40.9,0.045,282.9
sensor_pasila,2024-02-12 14:30:00,59.3,0.058,290.6
sensor_kallio,2024-02-12 15:00:00,38.1,0.098,349.4
sensor_kamppi,2024-02-12 15:00:00,30.8,0.143,293.9
sensor_pasila,2024-02-12 15:00:00,48.4,0.081,296.7
sensor_kallio,2024-02-12 15:30:00,49.5,0.026,294.5
sensor_kamppi,2024-02-12 15:30:00,68.9,0.151,322.1
sensor_pasila,2024-02-12 15:30:00,54.9,0.105,298.2
sensor_kallio,2024-02-12 16:00:00,71.6,0.141,382.2
sensor_kamppi,2024-02-12 16:00:00,77.4,0.02,359.2
sensor_pasila,2024-02-12 16:00:00,68.2,0.116,359.4
sensor_kallio,2024-02-12 16:30:00,58.8,0.131,370.8
sensor_kamppi,2024-02-12 16:30:00,65.7,0.051,365.7
sensor_pasila,2024-02-12 16:30:00,69.7,0.133,355.2
sensor_kallio,2024-02-12 17:00:00,59.4,0.129,383.7
sensor_kamppi,2024-02-12 17:00:00,73.6,0.073,427.8
sensor_pasila,2024-02-12 17:00:00,77.7,0.103,399.7
sensor_kallio,2024-02-12 17:30:00,66.2,0.087,395.6
sensor_kamppi,2024-02-12 17:30:00,68.8,0.059,387.4
sensor_pasila,2024-02-12 17:30:00,68.1,0.072,420.5
sensor_kallio,2024-02-12 18:00:00,60.5,0.1,456.8
sensor_kamppi,2024-02-12 18:00:00,61.9,0.126,413.4
sensor_pasila,2024-02-12 18:00:00,59.8,0.094,429.6
sensor_kallio,2024-02-12 18:30:00,60.2,0.059,381.7
sensor_kamppi,2024-02-12 18:30:00,66.4,0.085,421.5
sensor_pasila,2024-02-12 18:30:00,66.9,0.129,430.5
sensor_kallio,2024-02-12 19:00:00,32.8,0.112,454.2
sensor_kamppi,2024-02-12 19:00:00,26.5,0.122,446.2
sensor_pasila,2024-02-12 19:00:00,38.0,0.14,401.2
sensor_kallio,2024-02-12 19:30:00,27.9,0.114,451.5
sensor_kamppi,2024-02-12 19:30:00,24.1,0.073,434.4
sensor_pasila,2024-02-12 19:30:00,35.5,0.076,442.1
sensor_kallio,2024-02-12 20:00:00,42.6,0.145,424.2
sensor_kamppi,2024-02-12 20:00:00,34.6,0.05,413.9
sensor_pasila,2024-02-12 20:00:00,27.8,0.121,415.8
sensor_kallio,2024-02-12 20:30:00,33.5,0.061,419.2
sensor_kamppi,2024-02-12 20:30:00,20.7,0.104,383.2
sensor_pasila,2024-02-12 20:30:00,31.3,0.084,436.9
sensor_kallio,2024-02-12 21:00:00,31.4,0.128,342.7
sensor_kamppi,2024-02-12 21:00:00,22.8,0.09,366.4
sensor_pasila,2024-02-12 21:00:00,22.6,0.097,374.4
sensor_kallio,2024-02-12 21:30:00,18.8,0.125,376.4
sensor_kamppi,2024-02-12 21:30:00,28.9,0.132,379.2
sensor_pasila,2024-02-12 21:30:00,30.0,0.068,377.6
sensor_kallio,2024-02-12 22:00:00,31.6,0.087,285.8
sensor_kamppi,2024-02-12 22:00:00,42.2,0.077,307.9
sensor_pasila,2024-02-12 22:00:00,26.8,0.149,325.5
sensor_kallio,2024-02-12 22:30:00,39.1,0.121,272.9
sensor_kamppi,2024-02-12 22:30:00,27.6,0.116,341.3
sensor_pasila,2024-02-12 22:30:00,17.8,0.108,320.6
sensor_kallio,2024-02-12 23:00:00,23.2,0.108,265.7
sensor_kamppi,2024-02-12 23:00:00,43.1,0.153,286.8
sensor_pasila,2024-02-12 23:00:00,32.7,0.133,272.0
sensor_kallio,2024-02-12 23:30:00,38.5,0.1,271.8
sensor_kamppi,2024-02-12 23:30:00,39.4,0.073,283.4
sensor_pasila,2024-02-12 23:30:00,36.9,0.133,278.3
sensor_kallio,2024-02-13 00:00:00,26.0,0.068,313.4
sensor_kamppi,2024-02-13 00:00:00,43.8,0.044,317.4
sensor_pasila,2024-02-13 00:00:00,30.3,0.086,278.0
sensor_kallio,2024-02-13 00:30:00,46.9,0.101,322.5
sensor_kamppi,2024-02-13 00:30:00,47.5,0.087,316.6
sensor_pasila,2024-02-13 00:30:00,29.6,0.11,340.6
sensor_kallio,2024-02-13 01:00:00,29.4,0.05,250.5
sensor_kamppi,2024-02-13 01:00:00,39.3,0.128,252.7
sensor_pasila,2024-02-13 01:00:00,31.0,0.096,290.9
sensor_kallio,2024-02-13 01:30:00,30.3,0.09,297.1
sensor_kamppi,2024-02-13 01:30:00,32.3,0.081,249.3
sensor_pasila,2024-02-13 01:30:00,34.0,0.151,221.9
sensor_kallio,2024-02-13 02:00:00,25.2,0.116,235.1
sensor_kamppi,2024-02-13 02:00:00,33.3,0.099,254.1
sensor_pasila,2024-02-13 02:00:00,37.7,0.123,233.4
sensor_kallio,2024-02-13 02:30:00,38.7,0.114,260.1
sensor_kamppi,2024-02-13 02:30:00,33.5,0.068,265.8
sensor_pasila,2024-02-13 02:30:00,31.9,0.108,302.5
sensor_kallio,2024-02-13 03:00:00,30.0,0.175,290.7
sensor_kamppi,2024-02-13 03:00:00,45.9,0.134,278.6
sensor_pasila,2024-02-13 03:00:00,29.7,0.036,229.5
sensor_kallio,2024-02-13 03:30:00,30.2,0.113,254.8
sensor_kamppi,2024-02-13 03:30:00,35.1,0.108,294.3
sensor_pasila,2024-02-13 03:30:00,42.7,0.149,301.9
sensor_kallio,2024-02-13 04:00:00,33.2,0.085,294.0
sensor_kamppi,2024-02-13 04:00:00,40.1,0.089,316.9
sensor_pasila,2024-02-13 04:00:00,41.8,0.099,297.3
sensor_kallio,2024-02-13 04:30:00,34.9,0.115,338.9
sensor_kamppi,2024-02-13 04:30:00,33.1,0.078,334.3
sensor_pasila,2024-02-13 04:30:00,40.0,0.076,313.6
sensor_kallio,2024-02-13 05:00:00,31.7,0.134,349.6
sensor_kamppi,2024-02-13 05:00:00,54.0,0.124,351.4
sensor_pasila,2024-02-13 05:00:00,49.7,0.177,363.6
sensor_kallio,2024-02-13 05:30:00,47.0,0.202,363.4
sensor_kamppi,2024-02-13 05:30:00,50.1,0.141,360.1
sensor_pasila,2024-02-13 05:30:00,38.5,0.174,394.4
sensor_kallio,2024-02-13 06:00:00,47.0,0.293,407.5
sensor_kamppi,2024-02-13 06:00:00,35.1,0.26,368.0
sensor_pasila,2024-02-13 06:00:00,46.8,0.294,404.0
sensor_kallio,2024-02-13 06:30:00,37.4,0.337,395.3
sensor_kamppi,2024-02-13 06:30:00,37.6,0.274,427.6
sensor_pasila,2024-02-13 06:30:00,52.3,0.262,402.9
sensor_kallio,2024-02-13 07:00:00,73.1,0.611,423.4
sensor_kamppi,2024-02-13 07:00:00,86.5,0.566,432.2
sensor_pasila,2024-02-13 07:00:00,69.3,0.571,428.6
sensor_kallio,2024-02-13 07:30:00,67.1,0.578,419.5
sensor_kamppi,2024-02-13 07:30:00,50.1,0.63,427.3
sensor_pasila,2024-02-13 07:30:00,77.2,0.593,440.1
sensor_kallio,2024-02-13 08:00:00,74.3,0.758,440.0
sensor_kamppi,2024-02-13 08:00:00,73.0,0.745,444.5
sensor_pasila,2024-02-13 08:00:00,71.4,0.758,402.8
sensor_kallio,2024-02-13 08:30:00,77.6,0.732,421.9
sensor_kamppi,2024-02-13 08:30:00,82.3,0.775,403.9
sensor_pasila,2024-02-13 08:30:00,74.0,0.748,426.6
sensor_kallio,2024-02-13 09:00:00,79.3,0.551,398.1
sensor_kamppi,2024-02-13 09:00:00,84.0,0.597,384.2
sensor_pasila,2024-02-13 09:00:00,78.7,0.607,419.6
sensor_kallio,2024-02-13 09:30:00,74.7,0.566,428.6
sensor_kamppi,2024-02-13 09:30:00,70.5,0.579,418.5
sensor_pasila,2024-02-13 09:30:00,79.9,0.629,426.2
sensor_kallio,2024-02-13 10:00:00,51.6,0.278,334.4
sensor_kamppi,2024-02-13 10:00:00,36.0,0.33,359.4
sensor_pasila,2024-02-13 10:00:00,59.1,0.307,349.8
sensor_kallio,2024-02-13 10:30:00,52.6,0.309,358.1
sensor_kamppi,2024-02-13 10:30:00,56.7,0.266,359.2
sensor_pasila,2024-02-13 10:30:00,53.7,0.314,343.1
sensor_kallio,2024-02-13 11:00:00,53.0,0.155,320.3
sensor_kamppi,2024-02-13 11:00:00,63.9,0.136,327.9
sensor_pasila,2024-02-13 11:00:00,47.9,0.087,308.2
sensor_kallio,2024-02-13 11:30:00,46.0,0.158,288.7
sensor_kamppi,2024-02-13 11:30:00,64.4,0.168,327.6
sensor_pasila,2024-02-13 11:30:00,57.3,0.121,313.5
sensor_kallio,2024-02-13 12:00:00,59.2,0.08,270.4
sensor_kamppi,2024-02-13 12:00:00,42.8,0.093,280.7
sensor_pasila,2024-02-13 12:00:00,56.0,0.068,288.3
sensor_kallio,2024-02-13 12:30:00,56.0,0.113,291.9
sensor_kamppi,2024-02-13 12:30:00,42.4,0.085,294.0
sensor_pasila,2024-02-13 12:30:00,49.1,0.033,295.2
sensor_kallio,2024-02-13 13:00:00,47.2,0.135,226.5
sensor_kamppi,2024-02-13 13:00:00,44.4,0.095,248.9
sensor_pasila,2024-02-13 13:00:00,46.2,0.093,232.0
sensor_kallio,2024-02-13 13:30:00,53.6,0.079,255.1
sensor_kamppi,2024-02-13 13:30:00,66.7,0.081,274.1
sensor_pasila,2024-02-13 13:30:00,59.1,0.071,252.9
sensor_kallio,2024-02-13 14:00:00,35.5,0.091,280.5
sensor_kamppi,2024-02-13 14:00:00,57.8,0.088,318.9
sensor_pasila,2024-02-13 14:00:00,51.2,0.075,272.7
sensor_kallio,2024-02-13 14:30:00,35.4,0.077,244.3
sensor_kamppi,2024-02-13 14:30:00,41.2,0.084,234.5
sensor_pasila,2024-02-13 14:30:00,46.7,0.128,234.9
sensor_kallio,2024-02-13 15:00:00,42.8,0.142,297.1
sensor_kamppi,2024-02-13 15:00:00,57.9,0.147,300.1
sensor_pasila,2024-02-13 15:00:00,48.9,0.092,324.6
sensor_kallio,2024-02-13 15:30:00,53.9,0.058,294.9
sensor_kamppi,2024-02-13 15:30:00,31.5,0.059,332.8
sensor_pasila,2024-02-13 15:30:00,40.1,0.111,295.9
sensor_kallio,2024-02-13 16:00:00,60.4,0.089,380.3
sensor_kamppi,2024-02-13 16:00:00,64.1,0.104,363.6
sensor_pasila,2024-02-13 16:00:00,67.0,0.135,346.1
sensor_kallio,2024-02-13 16:30:00,87.4,0.149,345.5
sensor_kamppi,2024-02-13 16:30:00,74.5,0.048,368.3
sensor_pasila,2024-02-13 16:30:00,75.7,0.126,344.6
sensor_kallio,2024-02-13 17:00:00,60.4,0.123,436.5
sensor_kamppi,2024-02-13 17:00:00,75.0,0.087,398.1
sensor_pasila,2024-02-13 17:00:00,58.7,0.099,414.3
sensor_kallio,2024-02-13 17:30:00,64.2,0.12,416.0
sensor_kamppi,2024-02-13 17:30:00,78.6,0.097,393.0
sensor_pasila,2024-02-13 17:30:00,66.0,0.134,395.5
sensor_kallio,2024-02-13 18:00:00,65.0,0.096,444.5
sensor_kamppi,2024-02-13 18:00:00,49.9,0.139,407.6
sensor_pasila,2024-02-13 18:00:00,55.2,0.074,447.2
sensor_kallio,2024-02-13 18:30:00,57.3,0.074,427.4
sensor_kamppi,2024-02-13 18:30:00,75.8,0.148,459.9
sensor_pasila,2024-02-13 18:30:00,60.9,0.11,471.0
sensor_kallio,2024-02-13 19:00:00,47.1,0.13,427.2
sensor_kamppi,2024-02-13 19:00:00,46.9,0.1,402.8
sensor_pasila,2024-02-13 19:00:00,27.9,0.111,439.8
sensor_kallio,2024-02-13 19:30:00,25.7,0.115,464.5
sensor_kamppi,2024-02-13 19:30:00,52.4,0.106,447.0
sensor_pasila,2024-02-13 19:30:00,38.6,0.096,434.8
sensor_kallio,2024-02-13 20:00:00,41.9,0.09,443.4
sensor_kamppi,2024-02-13 20:00:00,10.4,0.085,435.6
sensor_pasila,2024-02-13 20:00:00,32.5,0.114,407.6
sensor_kallio,2024-02-13 20:30:00,31.5,0.134,417.5
sensor_kamppi,2024-02-13 20:30:00,41.8,0.052,428.2
sensor_pasila,2024-02-13 20:30:00,27.3,0.126,413.3
sensor_kallio,2024-02-13 21:00:00,35.9,0.083,359.0
sensor_kamppi,2024-02-13 21:00:00,25.0,0.125,369.7
sensor_pasila,2024-02-13 21:00:00,28.7,0.05,342.4
sensor_kallio,2024-02-13 21:30:00,31.8,0.046,387.6
sensor_kamppi,2024-02-13 21:30:00,45.1,0.122,334.9
sensor_pasila,2024-02-13 21:30:00,31.2,0.081,356.2
sensor_kallio,2024-02-13 22:00:00,30.9,0.142,303.2
sensor_kamppi,2024-02-13 22:00:00,16.9,0.022,296.2
sensor_pasila,2024-02-13 22:00:00,39.9,0.092,293.9
sensor_kallio,2024-02-13 22:30:00,33.3,0.132,305.2
sensor_kamppi,2024-02-13 22:30:00,30.7,0.143,335.0
sensor_pasila,2024-02-13 22:30:00,23.3,0.102,334.3
sensor_kallio,2024-02-13 23:00:00,32.5,0.125,279.1
sensor_kamppi,2024-02-13 23:00:00,26.8,0.093,291.8
sensor_pasila,2024-02-13 23:00:00,29.4,0.092,288.3
sensor_kallio,2024-02-13 23:30:00,36.2,0.102,295.5
sensor_kamppi,2024-02-13 23:30:00,11.1,0.116,252.3
sensor_pasila,2024-02-13 23:30:00,28.5,0.103,253.0
sensor_kallio,2024-02-14 00:00:00,45.9,0.102,304.4
sensor_kamppi,2024-02-14 00:00:00,42.1,0.083,321.9
sensor_pasila,2024-02-14 00:00:00,37.5,0.12,306.7
sensor_kallio,2024-02-14 00:30:00,31.4,0.189,357.3
sensor_kamppi,2024-02-14 00:30:00,10.0,0.117,302.2
sensor_pasila,2024-02-14 00:30:00,27.9,0.046,303.0
sensor_kallio,2024-02-14 01:00:00,37.9,0.085,267.1
sensor_kamppi,2024-02-14 01:00:00,58.7,0.108,271.2
sensor_pasila,2024-02-14 01:00:00,28.6,0.067,309.4
sensor_kallio,2024-02-14 01:30:00,46.3,0.117,273.0
sensor_kamppi,2024-02-14 01:30:00,22.4,0.115,294.3
sensor_pasila,2024-02-14 01:30:00,29.2,0.134,289.5
sensor_kallio,2024-02-14 02:00:00,30.1,0.071,232.1
sensor_kamppi,2024-02-14 02:00:00,31.1,0.055,238.6
sensor_pasila,2024-02-14 02:00:00,39.4,0.083,252.6
sensor_kallio,2024-02-14 02:30:00,32.5,0.077,258.5
sensor_kamppi,2024-02-14 02:30:00,34.4,0.033,275.9
sensor_pasila,2024-02-14 02:30:00,28.1,0.099,256.4
sensor_kallio,2024-02-14 03:00:00,39.8,0.132,273.8
sensor_kamppi,2024-02-14 03:00:00,28.0,0.075,258.0
sensor_pasila,2024-02-14 03:00:00,35.5,0.127,281.9
sensor_kallio,2024-02-14 03:30:00,35.2,0.085,236.1
sensor_kamppi,2024-02-14 03:30:00,37.3,0.063,280.9
sensor_pasila,2024-02-14 03:30:00,34.3,0.067,273.7
sensor_kallio,2024-02-14 04:00:00,40.0,0.102,346.7
sensor_kamppi,2024-02-14 04:00:00,35.3,0.19,296.7
sensor_pasila,2024-02-14 04:00:00,40.9,0.057,330.9
sensor_kallio,2024-02-14 04:30:00,27.9,0.114,277.6
sensor_kamppi,2024-02-14 04:30:00,47.2,0.111,317.3
sensor_pasila,2024-02-14 04:30:00,44.6,0.095,310.2
sensor_kallio,2024-02-14 05:00:00,33.2,0.147,330.9
sensor_kamppi,2024-02-14 05:00:00,47.8,0.166,358.6
sensor_pasila,2024-02-14 05:00:00,42.5,0.176,363.5
sensor_kallio,2024-02-14 05:30:00,34.4,0.152,354.1
sensor_kamppi,2024-02-14 05:30:00,39.2,0.105,354.9
sensor_pasila,2024-02-14 05:30:00,40.3,0.164,358.0
sensor_kallio,2024-02-14 06:00:00,51.6,0.245,421.2
sensor_kamppi,2024-02-14 06:00:00,43.9,0.31,416.3
sensor_pasila,2024-02-14 06:00:00,44.8,0.317,423.7
sensor_kallio,2024-02-14 06:30:00,46.4,0.289,398.5
sensor_kamppi,2024-02-14 06:30:00,59.6,0.253,384.0
sensor_pasila,2024-02-14 06:30:00,39.9,0.278,426.1
sensor_kallio,2024-02-14 07:00:00,84.8,0.586,442.6
sensor_kamppi,2024-02-14 07:00:00,74.4,0.567,407.9
sensor_pasila,2024-02-14 07:00:00,75.1,0.563,425.5
sensor_kallio,2024-02-14 07:30:00,71.4,0.547,461.5
sensor_kamppi,2024-02-14 07:30:00,80.7,0.547,457.7
sensor_pasila,2024-02-14 07:30:00,75.1,0.573,430.2
sensor_kallio,2024-02-14 08:00:00,72.9,0.737,436.4
sensor_kamppi,2024-02-14 08:00:00,63.0,0.711,442.0
sensor_pasila,2024-02-14 08:00:00,75.0,0.716,434.3
sensor_kallio,2024-02-14 08:30:00,55.5,0.776,416.8
sensor_kamppi,2024-02-14 08:30:00,77.2,0.768,457.0
sensor_pasila,2024-02-14 08:30:00,78.2,0.745,447.0
sensor_kallio,2024-02-14 09:00:00,76.0,0.606,430.8
sensor_kamppi,2024-02-14 09:00:00,68.2,0.591,428.9
sensor_pasila,2024-02-14 09:00:00,84.7,0.619,421.0
sensor_kallio,2024-02-14 09:30:00,78.9,0.56,422.9
sensor_kamppi,2024-02-14 09:30:00,74.7,0.564,397.4
sensor_pasila,2024-02-14 09:30:00,77.8,0.546,426.8
sensor_kallio,2024-02-14 10:00:00,61.5,0.36,365.1
sensor_kamppi,2024-02-14 10:00:00,55.8,0.256,342.5
sensor_pasila,2024-02-14 10:00:00,54.5,0.362,352.7
sensor_kallio,2024-02-14 10:30:00,55.5,0.281,356.2
sensor_kamppi,2024-02-14 10:30:00,66.4,0.289,384.3
sensor_pasila,2024-02-14 10:30:00,53.9,0.293,358.9
sensor_kallio,2024-02-14 11:00:00,58.3,0.158,293.3
sensor_kamppi,2024-02-14 11:00:00,69.5,0.152,310.2
sensor_pasila,2024-02-14 11:00:00,47.3,0.155,339.5
sensor_kallio,2024-02-14 11:30:00,60.2,0.177,315.9
sensor_kamppi,2024-02-14 11:30:00,56.6,0.158,292.3
sensor_pasila,2024-02-14 11:30:00,52.8,0.18,317.3
sensor_kallio,2024-02-14 12:00:00,61.2,0.077,259.6
sensor_kamppi,2024-02-14 12:00:00,53.8,0.161,278.3
sensor_pasila,2024-02-14 12:00:00,49.0,0.168,277.3
sensor_kallio,2024-02-14 12:30:00,42.2,0.135,201.7
sensor_kamppi,2024-02-14 12:30:00,58.2,0.117,290.8
sensor_pasila,2024-02-14 12:30:00,41.5,0.102,272.8
sensor_kallio,2024-02-14 13:00:00,52.2,0.123,310.2
sensor_kamppi,2024-02-14 13:00:00,61.6,0.123,227.9
sensor_pasila,2024-02-14 13:00:00,50.0,0.151,268.4
sensor_kallio,2024-02-14 13:30:00,49.8,0.127,280.7
sensor_kamppi,2024-02-14 13:30:00,61.5,0.103,263.9
sensor_pasila,2024-02-14 13:30:00,58.9,0.101,246.9
sensor_kallio,2024-02-14 14:00:00,48.7,0.03,269.2
sensor_kamppi,2024-02-14 14:00:00,37.4,0.081,307.5
sensor_pasila,2024-02-14 14:00:00,52.2,0.068,284.2
sensor_kallio,2024-02-14 14:30:00,59.3,0.105,284.7
sensor_kamppi,2024-02-14 14:30:00,44.6,0.078,310.0
sensor_pasila,2024-02-14 14:30:00,56.8,0.088,273.9
sensor_kallio,2024-02-14 15:00:00,35.4,0.112,310.4
sensor_kamppi,2024-02-14 15:00:00,45.8,0.116,309.2
sensor_pasila,2024-02-14 15:00:00,56.9,0.082,295.4
sensor_kallio,2024-02-14 15:30:00,54.8,0.106,314.8
sensor_kamppi,2024-02-14 15:30:00,58.3,0.124,349.5
sensor_pasila,2024-02-14 15:30:00,56.0,0.034,300.8
sensor_kallio,2024-02-14 16:00:00,80.8,0.129,342.2
sensor_kamppi,2024-02-14 16:00:00,67.5,0.101,345.6
sensor_pasila,2024-02-14 16:00:00,65.3,0.077,342.4
sensor_kallio,2024-02-14 16:30:00,74.2,0.045,379.9
sensor_kamppi,2024-02-14 16:30:00,85.0,0.095,377.5
sensor_pasila,2024-02-14 16:30:00,74.1,0.166,361.7
sensor_kallio,2024-02-14 17:00:00,61.5,0.1,404.4
sensor_kamppi,2024-02-14 17:00:00,67.6,0.1,387.1
sensor_pasila,2024-02-14 17:00:00,59.5,0.031,418.1
sensor_kallio,2024-02-14 17:30:00,66.5,0.124,412.0
sensor_kamppi,2024-02-14 17:30:00,70.0,0.087,403.1
sensor_pasila,2024-02-14 17:30:00,67.6,0.06,427.2
sensor_kallio,2024-02-14 18:00:00,65.3,0.03,441.9
sensor_kamppi,2024-02-14 18:00:00,40.2,0.112,462.4
sensor_pasila,2024-02-14 18:00:00,63.6,0.084,442.1
sensor_kallio,2024-02-14 18:30:00,69.8,0.105,461.1
sensor_kamppi,2024-02-14 18:30:00,56.0,0.099,441.6
sensor_pasila,2024-02-14 18:30:00,63.4,0.112,448.2
sensor_kallio,2024-02-14 19:00:00,43.0,0.093,434.4
sensor_kamppi,2024-02-14 19:00:00,42.4,0.099,433.6
sensor_pasila,2024-02-14 19:00:00,38.8,0.107,435.4
sensor_kallio,2024-02-14 19:30:00,27.9,0.116,432.1
sensor_kamppi,2024-02-14 19:30:00,57.5,0.106,450.0
sensor_pasila,2024-02-14 19:30:00,36.0,0.102,443.3
sensor_kallio,2024-02-14 20:00:00,41.9,0.104,408.7
sensor_kamppi,2024-02-14 20:00:00,41.8,0.093,388.8
sensor_pasila,2024-02-14 20:00:00,33.7,0.115,432.7
sensor_kallio,2024-02-14 20:30:00,33.8,0.053,393.5
sensor_kamppi,2024-02-14 20:30:00,38.6,0.1,434.8
sensor_pasila,2024-02-14 20:30:00,39.6,0.174,415.8
sensor_kallio,2024-02-14 21:00:00,35.7,0.076,362.5
sensor_kamppi,2024-02-14 21:00:00,17.6,0.107,352.1
sensor_pasila,2024-02-14 21:00:00,20.0,0.102,360.7
sensor_kallio,2024-02-14 21:30:00,22.4,0.049,355.1
sensor_kamppi,2024-02-14 21:30:00,29.2,0.051,347.3
sensor_pasila,2024-02-14 21:30:00,28.3,0.053,353.5
sensor_kallio,2024-02-14 22:00:00,23.9,0.186,356.8
sensor_kamppi,2024-02-14 22:00:00,23.2,0.125,292.5
sensor_pasila,2024-02-14 22:00:00,26.6,0.103,311.4
sensor_kallio,2024-02-14 22:30:00,32.7,0.149,293.7
sensor_kamppi,2024-02-14 22:30:00,42.3,0.094,305.1
sensor_pasila,2024-02-14 22:30:00,26.9,0.11,317.3
sensor_kallio,2024-02-14 23:00:00,38.8,0.036,280.3
sensor_kamppi,2024-02-14 23:00:00,32.2,0.119,260.7
sensor_pasila,2024-02-14 23:00:00,26.7,0.067,261.9
sensor_kallio,2024-02-14 23:30:00,34.0,0.049,272.2
sensor_kamppi,2024-02-14 23:30:00,38.4,0.094,285.2
sensor_pasila,2024-02-14 23:30:00,29.4,0.096,311.2
sensor_kallio,2024-02-15 00:00:00,37.0,0.102,304.6
sensor_kamppi,2024-02-15 00:00:00,37.0,0.094,313.8
sensor_pasila,2024-02-15 00:00:00,25.2,0.165,299.3
sensor_kallio,2024-02-15 00:30:00,27.1,0.059,295.8
sensor_kamppi,2024-02-15 00:30:00,37.4,0.076,315.2
sensor_pasila,2024-02-15 00:30:00,31.7,0.115,315.1
sensor_kallio,2024-02-15 01:00:00,39.8,0.067,284.0
sensor_kamppi,2024-02-15 01:00:00,17.1,0.087,270.3
sensor_pasila,2024-02-15 01:00:00,20.4,0.097,258.7
sensor_kallio,2024-02-15 01:30:00,24.7,0.058,253.0
sensor_kamppi,2024-02-15 01:30:00,37.2,0.097,281.0
sensor_pasila,2024-02-15 01:30:00,29.9,0.065,267.9
sensor_kallio,2024-02-15 02:00:00,38.5,0.11,253.1
sensor_kamppi,2024-02-15 02:00:00,38.3,0.109,301.7
sensor_pasila,2024-02-15 02:00:00,31.4,0.085,239.5
sensor_kallio,2024-02-15 02:30:00,49.4,0.117,323.1
sensor_kamppi,2024-02-15 02:30:00,41.8,0.103,262.8
sensor_pasila,2024-02-15 02:30:00,35.4,0.11,209.4
sensor_kallio,2024-02-15 03:00:00,30.0,0.092,243.4
sensor_kamppi,2024-02-15 03:00:00,31.4,0.139,261.8
sensor_pasila,2024-02-15 03:00:00,39.1,0.021,270.3
sensor_kallio,2024-02-15 03:30:00,37.1,0.068,236.0
sensor_kamppi,2024-02-15 03:30:00,37.9,0.105,260.4
sensor_pasila,2024-02-15 03:30:00,36.7,0.13,279.6
sensor_kallio,2024-02-15 04:00:00,41.8,0.108,288.7
sensor_kamppi,2024-02-15 04:00:00,34.3,0.099,312.5
sensor_pasila,2024-02-15 04:00:00,37.5,0.057,337.0
sensor_kallio,2024-02-15 04:30:00,56.8,0.14,334.6
sensor_kamppi,2024-02-15 04:30:00,48.3,0.091,305.1
sensor_pasila,2024-02-15 04:30:00,41.0,0.092,298.2
sensor_kallio,2024-02-15 05:00:00,35.4,0.139,340.8
sensor_kamppi,2024-02-15 05:00:00,42.1,0.146,347.7
sensor_pasila,2024-02-15 05:00:00,46.2,0.087,390.6
sensor_kallio,2024-02-15 05:30:00,35.9,0.127,391.7
sensor_kamppi,2024-02-15 05:30:00,50.4,0.141,366.9
sensor_pasila,2024-02-15 05:30:00,44.5,0.063,383.8
sensor_kallio,2024-02-15 06:00:00,48.6,0.279,410.6
sensor_kamppi,2024-02-15 06:00:00,43.1,0.28,396.1
sensor_pasila,2024-02-15 06:00:00,51.0,0.301,407.5
sensor_kallio,2024-02-15 06:30:00,35.3,0.313,439.8
sensor_kamppi,2024-02-15 06:30:00,39.4,0.3,411.0
sensor_pasila,2024-02-15 06:30:00,51.5,0.268,419.6
sensor_kallio,2024-02-15 07:00:00,69.4,0.593,467.6
sensor_kamppi,2024-02-15 07:00:00,66.8,0.583,425.9
sensor_pasila,2024-02-15 07:00:00,61.1,0.602,390.0
sensor_kallio,2024-02-15 07:30:00,85.7,0.525,434.0
sensor_kamppi,2024-02-15 07:30:00,70.2,0.555,417.9
sensor_pasila,2024-02-15 07:30:00,79.2,0.57,443.1
sensor_kallio,2024-02-15 08:00:00,89.2,0.813,463.1
sensor_kamppi,2024-02-15 08:00:00,71.7,0.652,461.3
sensor_pasila,2024-02-15 08:00:00,78.7,0.724,446.1
sensor_kallio,2024-02-15 08:30:00,71.1,0.726,420.4
sensor_kamppi,2024-02-15 08:30:00,82.6,0.711,411.1
sensor_pasila,2024-02-15 08:30:00,72.1,0.745,440.5
sensor_kallio,2024-02-15 09:00:00,80.7,0.581,385.1
sensor_kamppi,2024-02-15 09:00:00,76.6,0.558,410.4
sensor_pasila,2024-02-15 09:00:00,79.6,0.601,432.6
sensor_kallio,2024-02-15 09:30:00,67.7,0.574,424.6
sensor_kamppi,2024-02-15 09:30:00,63.1,0.607,400.3
sensor_pasila,2024-02-15 09:30:00,79.4,0.593,414.0
sensor_kallio,2024-02-15 10:00:00,55.5,0.268,361.4
sensor_kamppi,2024-02-15 10:00:00,70.0,0.282,376.7
sensor_pasila,2024-02-15 10:00:00,50.9,0.291,390.8
sensor_kallio,2024-02-15 10:30:00,51.7,0.295,378.0
sensor_kamppi,2024-02-15 10:30:00,60.7,0.253,387.3
sensor_pasila,2024-02-15 10:30:00,58.3,0.279,362.5
sensor_kallio,2024-02-15 11:00:00,45.8,0.134,309.8
sensor_kamppi,2024-02-15 11:00:00,54.2,0.135,298.5
sensor_pasila,2024-02-15 11:00:00,55.2,0.19,316.9
sensor_kallio,2024-02-15 11:30:00,46.0,0.181,283.9
sensor_kamppi,2024-02-15 11:30:00,52.0,0.109,305.1
sensor_pasila,2024-02-15 11:30:00,62.9,0.053,296.7
sensor_kallio,2024-02-15 12:00:00,42.0,0.139,310.9
sensor_kamppi,2024-02-15 12:00:00,55.8,0.144,214.9
sensor_pasila,2024-02-15 12:00:00,54.8,0.122,284.9
sensor_kallio,2024-02-15 12:30:00,49.4,0.092,259.0
sensor_kamppi,2024-02-15 12:30:00,55.7,0.087,279.0
sensor_pasila,2024-02-15 12:30:00,51.7,0.085,282.5
sensor_kallio,2024-02-15 13:00:00,52.1,0.064,306.3
sensor_kamppi,2024-02-15 13:00:00,53.0,0.087,258.2
sensor_pasila,2024-02-15 13:00:00,51.1,0.04,213.6
sensor_kallio,2024-02-15 13:30:00,66.1,0.104,264.9
sensor_kamppi,2024-02-15 13:30:00,50.9,0.087,222.6
sensor_pasila,2024-02-15 13:30:00,55.5,0.053,227.2
sensor_kallio,2024-02-15 14:00:00,53.4,0.104,264.8
sensor_kamppi,2024-02-15 14:00:00,73.8,0.117,315.9
sensor_pasila,2024-02-15 14:00:00,48.0,0.102,296.4
sensor_kallio,2024-02-15 14:30:00,57.2,0.099,245.8
sensor_kamppi,2024-02-15 14:30:00,36.3,0.109,242.5
sensor_pasila,2024-02-15 14:30:00,54.9,0.133,289.7
sensor_kallio,2024-02-15 15:00:00,35.8,0.144,314.3
sensor_kamppi,2024-02-15 15:00:00,24.3,0.083,285.9
sensor_pasila,2024-02-15 15:00:00,48.0,0.09,302.1
sensor_kallio,2024-02-15 15:30:00,47.9,0.065,280.2
sensor_kamppi,2024-02-15 15:30:00,35.8,0.058,302.2
sensor_pasila,2024-02-15 15:30:00,52.2,0.115,311.8
sensor_kallio,2024-02-15 16:00:00,72.2,0.131,366.0
sensor_kamppi,2024-02-15 16:00:00,82.2,0.098,357.8
sensor_pasila,2024-02-15 16:00:00,75.8,0.082,344.9
sensor_kallio,2024-02-15 16:30:00,58.2,0.098,361.7
sensor_kamppi,2024-02-15 16:30:00,77.4,0.126,364.0
sensor_pasila,2024-02-15 16:30:00,62.2,0.029,371.6
sensor_kallio,2024-02-15 17:00:00,68.3,0.104,405.0
sensor_kamppi,2024-02-15 17:00:00,62.5,0.039,372.3
sensor_pasila,2024-02-15 17:00:00,73.0,0.152,390.4
sensor_kallio,2024-02-15 17:30:00,54.1,0.024,377.4
sensor_kamppi,2024-02-15 17:30:00,66.9,0.135,418.2
sensor_pasila,2024-02-15 17:30:00,69.3,0.089,420.8
sensor_kallio,2024-02-15 18:00:00,57.0,0.11,464.3
sensor_kamppi,2024-02-15 18:00:00,47.7,0.154,437.9
sensor_pasila,2024-02-15 18:00:00,56.7,0.087,432.3
sensor_kallio,2024-02-15 18:30:00,57.4,0.064,468.5
sensor_kamppi,2024-02-15 18:30:00,62.2,0.1,419.0
sensor_pasila,2024-02-15 18:30:00,57.8,0.086,470.8
sensor_kallio,2024-02-15 19:00:00,45.5,0.146,447.9
sensor_kamppi,2024-02-15 19:00:00,34.7,0.113,418.5
sensor_pasila,2024-02-15 19:00:00,51.4,0.122,409.2
sensor_kallio,2024-02-15 19:30:00,28.9,0.045,424.0
sensor_kamppi,2024-02-15 19:30:00,35.1,0.144,472.0
sensor_pasila,2024-02-15 19:30:00,37.1,0.088,419.2
sensor_kallio,2024-02-15 20:00:00,23.6,0.118,409.6
sensor_kamppi,2024-02-15 20:00:00,53.0,0.125,398.8
sensor_pasila,2024-02-15 20:00:00,33.4,0.039,419.7
sensor_kallio,2024-02-15 20:30:00,38.3,0.095,370.5
sensor_kamppi,2024-02-15 20:30:00,48.2,0.066,407.2
sensor_pasila,2024-02-15 20:30:00,33.8,0.119,402.4
sensor_kallio,2024-02-15 21:00:00,18.8,0.163,389.7
sensor_kamppi,2024-02-15 21:00:00,27.6,0.107,319.9
sensor_pasila,2024-02-15 21:00:00,37.0,0.149,352.9
sensor_kallio,2024-02-15 21:30:00,21.3,0.056,334.5
sensor_kamppi,2024-02-15 21:30:00,24.3,0.088,376.5
sensor_pasila,2024-02-15 21:30:00,26.9,0.101,364.8
sensor_kallio,2024-02-15 22:00:00,40.2,0.074,281.8
sensor_kamppi,2024-02-15 22:00:00,19.6,0.11,295.1
sensor_pasila,2024-02-15 22:00:00,30.8,0.117,306.0
sensor_kallio,2024-02-15 22:30:00,32.4,0.072,314.0
sensor_kamppi,2024-02-15 22:30:00,34.9,0.065,298.5
sensor_pasila,2024-02-15 22:30:00,33.1,0.095,296.6
sensor_kallio,2024-02-15 23:00:00,21.9,0.039,281.9
sensor_kamppi,2024-02-15 23:00:00,24.5,0.087,269.7
sensor_pasila,2024-02-15 23:00:00,25.8,0.149,284.2
sensor_kallio,2024-02-15 23:30:00,26.2,0.077,272.6
sensor_kamppi,2024-02-15 23:30:00,41.6,0.099,283.8
sensor_pasila,2024-02-15 23:30:00,24.0,0.033,295.6
sensor_kallio,2024-02-16 00:00:00,28.2,0.12,294.0
sensor_kamppi,2024-02-16 00:00:00,44.5,0.113,306.2
sensor_pasila,2024-02-16 00:00:00,28.5,0.097,289.1
sensor_kallio,2024-02-16 00:30:00,33.0,0.106,301.2
sensor_kamppi,2024-02-16 00:30:00,16.2,0.072,302.1
sensor_pasila,2024-02-16 00:30:00,30.4,0.089,320.0
sensor_kallio,2024-02-16 01:00:00,37.7,0.066,275.3
sensor_kamppi,2024-02-16 01:00:00,13.4,0.079,275.9
sensor_pasila,2024-02-16 01:00:00,29.5,0.112,277.3
sensor_kallio,2024-02-16 01:30:00,24.3,0.093,211.4
sensor_kamppi,2024-02-16 01:30:00,33.0,0.069,261.7
sensor_pasila,2024-02-16 01:30:00,32.3,0.08,289.2
sensor_kallio,2024-02-16 02:00:00,38.2,0.103,268.4
sensor_kamppi,2024-02-16 02:00:00,23.6,0.065,285.6
sensor_pasila,2024-02-16 02:00:00,33.7,0.066,291.4
sensor_kallio,2024-02-16 02:30:00,33.1,0.052,261.8
sensor_kamppi,2024-02-16 02:30:00,35.9,0.134,253.0
sensor_pasila,2024-02-16 02:30:00,36.9,0.119,259.3
sensor_kallio,2024-02-16 03:00:00,23.9,0.12,285.2
sensor_kamppi,2024-02-16 03:00:00,26.0,0.085,292.2
sensor_pasila,2024-02-16 03:00:00,36.7,0.109,255.8
sensor_kallio,2024-02-16 03:30:00,33.6,0.104,252.6
sensor_kamppi,2024-02-16 03:30:00,10.0,0.086,282.5
sensor_pasila,2024-02-16 03:30:00,34.0,0.075,270.7
sensor_kallio,2024-02-16 04:00:00,45.9,0.115,311.2
sensor_kamppi,2024-02-16 04:00:00,40.3,0.089,295.3
sensor_pasila,2024-02-16 04:00:00,40.4,0.139,345.8
sensor_kallio,2024-02-16 04:30:00,44.4,0.113,328.7
sensor_kamppi,2024-02-16 04:30:00,35.1,0.028,294.3
sensor_pasila,2024-02-16 04:30:00,41.9,0.132,332.0
sensor_kallio,2024-02-16 05:00:00,43.7,0.181,355.3
sensor_kamppi,2024-02-16 05:00:00,23.3,0.121,349.2
sensor_pasila,2024-02-16 05:00:00,41.4,0.139,358.2
sensor_kallio,2024-02-16 05:30:00,57.6,0.116,359.0
sensor_kamppi,2024-02-16 05:30:00,39.3,0.128,349.9
sensor_pasila,2024-02-16 05:30:00,33.8,0.149,346.7
sensor_kallio,2024-02-16 06:00:00,44.2,0.305,371.1
sensor_kamppi,2024-02-16 06:00:00,42.2,0.304,386.1
sensor_pasila,2024-02-16 06:00:00,37.8,0.276,425.8
sensor_kallio,2024-02-16 06:30:00,43.4,0.318,391.8
sensor_kamppi,2024-02-16 06:30:00,45.0,0.303,419.0
sensor_pasila,2024-02-16 06:30:00,51.9,0.285,428.3
sensor_kallio,2024-02-16 07:00:00,72.3,0.548,453.7
sensor_kamppi,2024-02-16 07:00:00,65.0,0.571,449.3
sensor_pasila,2024-02-16 07:00:00,71.2,0.588,435.0
sensor_kallio,2024-02-16 07:30:00,71.4,0.601,415.0
sensor_kamppi,2024-02-16 07:30:00,76.8,0.599,441.4
sensor_pasila,2024-02-16 07:30:00,77.9,0.601,417.5
sensor_kallio,2024-02-16 08:00:00,76.2,0.76,457.8
sensor_kamppi,2024-02-16 08:00:00,96.9,0.758,443.8
sensor_pasila,2024-02-16 08:00:00,76.2,0.693,450.3
sensor_kallio,2024-02-16 08:30:00,66.6,0.709,438.0
sensor_kamppi,2024-02-16 08:30:00,80.1,0.747,454.1
sensor_pasila,2024-02-16 08:30:00,83.0,0.784,471.0
sensor_kallio,2024-02-16 09:00:00,73.4,0.601,419.2
sensor_kamppi,2024-02-16 09:00:00,68.7,0.576,406.9
sensor_pasila,2024-02-16 09:00:00,78.4,0.596,385.2
sensor_kallio,2024-02-16 09:30:00,81.6,0.599,446.6
sensor_kamppi,2024-02-16 09:30:00,78.4,0.59,417.4
sensor_pasila,2024-02-16 09:30:00,82.1,0.621,402.3
sensor_kallio,2024-02-16 10:00:00,50.6,0.295,377.6
sensor_kamppi,2024-02-16 10:00:00,52.6,0.289,347.7
sensor_pasila,2024-02-16 10:00:00,54.4,0.29,323.4
sensor_kallio,2024-02-16 10:30:00,49.5,0.24,374.6
sensor_kamppi,2024-02-16 10:30:00,54.9,0.231,364.8
sensor_pasila,2024-02-16 10:30:00,51.7,0.328,351.9
sensor_kallio,2024-02-16 11:00:00,56.6,0.084,292.3
sensor_kamppi,2024-02-16 11:00:00,32.1,0.14,324.1
sensor_pasila,2024-02-16 11:00:00,57.8,0.198,329.3
sensor_kallio,2024-02-16 11:30:00,68.3,0.13,321.2
sensor_kamppi,2024-02-16 11:30:00,67.8,0.181,319.9
sensor_pasila,2024-02-16 11:30:00,57.4,0.067,330.5
sensor_kallio,2024-02-16 12:00:00,54.2,0.104,276.9
sensor_kamppi,2024-02-16 12:00:00,66.3,0.103,238.9
sensor_pasila,2024-02-16 12:00:00,52.8,0.115,292.7
sensor_kallio,2024-02-16 12:30:00,47.0,0.039,234.2
sensor_kamppi,2024-02-16 12:30:00,46.6,0.147,277.7
sensor_pasila,2024-02-16 12:30:00,60.3,0.138,294.7
sensor_kallio,2024-02-16 13:00:00,60.5,0.098,249.7
sensor_kamppi,2024-02-16 13:00:00,51.3,0.112,251.9
sensor_pasila,2024-02-16 13:00:00,48.9,0.118,309.9
sensor_kallio,2024-02-16 13:30:00,58.0,0.071,249.8
sensor_kamppi,2024-02-16 13:30:00,59.9,0.123,240.4
sensor_pasila,2024-02-16 13:30:00,54.8,0.091,268.7
sensor_kallio,2024-02-16 14:00:00,56.3,0.071,254.2
sensor_kamppi,2024-02-16 14:00:00,76.4,0.08,264.2
sensor_pasila,2024-02-16 14:00:00,50.4,0.06,304.1
sensor_kallio,2024-02-16 14:30:00,52.1,0.062,271.6
sensor_kamppi,2024-02-16 14:30:00,50.2,0.102,271.7
sensor_pasila,2024-02-16 14:30:00,34.6,0.101,233.7
sensor_kallio,2024-02-16 15:00:00,50.1,0.101,342.8
sensor_kamppi,2024-02-16 15:00:00,49.0,0.161,341.8
sensor_pasila,2024-02-16 15:00:00,51.8,0.067,328.5
sensor_kallio,2024-02-16 15:30:00,58.4,0.143,291.6
sensor_kamppi,2024-02-16 15:30:00,67.4,0.079,311.6
sensor_pasila,2024-02-16 15:30:00,49.3,0.098,337.2
sensor_kallio,2024-02-16 16:00:00,75.0,0.105,376.8
sensor_kamppi,2024-02-16 16:00:00,64.6,0.107,374.7
sensor_pasila,2024-02-16 16:00:00,73.1,0.101,358.3
sensor_kallio,2024-02-16 16:30:00,71.7,0.124,321.5
sensor_kamppi,2024-02-16 16:30:00,73.2,0.074,371.6
sensor_pasila,2024-02-16 16:30:00,69.7,0.116,352.5
sensor_kallio,2024-02-16 17:00:00,63.7,0.123,400.0
sensor_kamppi,2024-02-16 17:00:00,46.1,0.105,428.7
sensor_pasila,2024-02-16 17:00:00,60.6,0.099,379.9
sensor_kallio,2024-02-16 17:30:00,63.0,0.105,421.3
sensor_kamppi,2024-02-16 17:30:00,68.1,0.081,429.0
sensor_pasila,2024-02-16 17:30:00,75.3,0.086,416.0
sensor_kallio,2024-02-16 18:00:00,63.1,0.102,418.4
sensor_kamppi,2024-02-16 18:00:00,61.7,0.099,411.5
sensor_pasila,2024-02-16 18:00:00,62.3,0.088,453.6
sensor_kallio,2024-02-16 18:30:00,53.1,0.1,427.6
sensor_kamppi,2024-02-16 18:30:00,66.4,0.093,442.6
sensor_pasila,2024-02-16 18:30:00,55.7,0.049,463.5
sensor_kallio,2024-02-16 19:00:00,28.6,0.073,445.9
sensor_kamppi,2024-02-16 19:00:00,34.5,0.102,459.7
sensor_pasila,2024-02-16 19:00:00,37.8,0.133,429.3
sensor_kallio,2024-02-16 19:30:00,42.3,0.135,473.1
sensor_kamppi,2024-02-16 19:30:00,26.0,0.127,455.5
sensor_pasila,2024-02-16 19:30:00,30.7,0.041,418.9
sensor_kallio,2024-02-16 20:00:00,22.4,0.173,417.3
sensor_kamppi,2024-02-16 20:00:00,36.6,0.091,413.4
sensor_pasila,2024-02-16 20:00:00,34.3,0.134,410.9
sensor_kallio,2024-02-16 20:30:00,40.6,0.155,395.1
sensor_kamppi,2024-02-16 20:30:00,32.2,0.126,396.8
sensor_pasila,2024-02-16 20:30:00,28.3,0.12,401.1
sensor_kallio,2024-02-16 21:00:00,43.8,0.139,349.3
sensor_kamppi,2024-02-16 21:00:00,11.6,0.071,371.8
sensor_pasila,2024-02-16 21:00:00,31.7,0.093,351.4
sensor_kallio,2024-02-16 21:30:00,29.8,0.098,337.3
sensor_kamppi,2024-02-16 21:30:00,29.2,0.161,360.3
sensor_pasila,2024-02-16 21:30:00,34.8,0.097,355.0
sensor_kallio,2024-02-16 22:00:00,25.4,0.045,300.5
sensor_kamppi,2024-02-16 22:00:00,37.3,0.094,342.8
sensor_pasila,2024-02-16 22:00:00,34.6,0.13,322.8
sensor_kallio,2024-02-16 22:30:00,33.6,0.12,290.9
sensor_kamppi,2024-02-16 22:30:00,10.0,0.124,300.6
sensor_pasila,2024-02-16 22:30:00,31.1,0.021,322.6
sensor_kallio,2024-02-16 23:00:00,21.9,0.135,279.8
sensor_kamppi,2024-02-16 23:00:00,25.6,0.131,286.4
sensor_pasila,2024-02-16 23:00:00,29.0,0.078,277.7
sensor_kallio,2024-02-16 23:30:00,24.1,0.148,257.7
sensor_kamppi,2024-02-16 23:30:00,16.3,0.074,289.1
sensor_pasila,2024-02-16 23:30:00,29.2,0.066,266.3
sensor_kallio,2024-02-17 00:00:00,21.4,0.118,317.6
sensor_kamppi,2024-02-17 00:00:00,24.6,0.106,325.3
sensor_pasila,2024-02-17 00:00:00,33.6,0.135,293.7
sensor_kallio,2024-02-17 00:30:00,28.1,0.074,332.8
sensor_kamppi,2024-02-17 00:30:00,38.9,0.11,305.0
sensor_pasila,2024-02-17 00:30:00,23.2,0.123,307.2
sensor_kallio,2024-02-17 01:00:00,36.3,0.082,237.4
sensor_kamppi,2024-02-17 01:00:00,31.2,0.097,248.0
sensor_pasila,2024-02-17 01:00:00,34.6,0.067,289.8
sensor_kallio,2024-02-17 01:30:00,30.6,0.051,286.1
sensor_kamppi,2024-02-17 01:30:00,43.3,0.14,296.1
sensor_pasila,2024-02-17 01:30:00,32.3,0.088,278.6
sensor_kallio,2024-02-17 02:00:00,29.9,0.091,253.3
sensor_kamppi,2024-02-17 02:00:00,40.1,0.112,218.0
sensor_pasila,2024-02-17 02:00:00,33.3,0.088,247.6
sensor_kallio,2024-02-17 02:30:00,31.3,0.11,268.7
sensor_kamppi,2024-02-17 02:30:00,23.6,0.141,239.8
sensor_pasila,2024-02-17 02:30:00,32.5,0.12,213.3
sensor_kallio,2024-02-17 03:00:00,26.2,0.129,294.2
sensor_kamppi,2024-02-17 03:00:00,35.2,0.082,268.3
sensor_pasila,2024-02-17 03:00:00,36.7,0.039,267.2
sensor_kallio,2024-02-17 03:30:00,33.6,0.151,260.6
sensor_kamppi,2024-02-17 03:30:00,36.2,0.124,266.4
sensor_pasila,2024-02-17 03:30:00,42.3,0.057,252.8
sensor_kallio,2024-02-17 04:00:00,30.8,0.079,281.5
sensor_kamppi,2024-02-17 04:00:00,50.5,0.091,314.9
sensor_pasila,2024-02-17 04:00:00,35.8,0.12,320.1
sensor_kallio,2024-02-17 04:30:00,33.3,0.147,267.7
sensor_kamppi,2024-02-17 04:30:00,34.7,0.121,345.9
sensor_pasila,2024-02-17 04:30:00,42.8,0.102,308.1
sensor_kallio,2024-02-17 05:00:00,42.3,0.157,361.3
sensor_kamppi,2024-02-17 05:00:00,37.8,0.151,380.9
sensor_pasila,2024-02-17 05:00:00,44.1,0.185,373.1
sensor_kallio,2024-02-17 05:30:00,46.4,0.133,363.9
sensor_kamppi,2024-02-17 05:30:00,33.8,0.129,368.1
sensor_pasila,2024-02-17 05:30:00,42.1,0.213,351.9
sensor_kallio,2024-02-17 06:00:00,50.1,0.326,428.3
sensor_kamppi,2024-02-17 06:00:00,47.5,0.244,435.2
sensor_pasila,2024-02-17 06:00:00,45.0,0.242,459.9
sensor_kallio,2024-02-17 06:30:00,51.6,0.32,394.1
sensor_kamppi,2024-02-17 06:30:00,47.5,0.335,411.3
sensor_pasila,2024-02-17 06:30:00,44.8,0.28,402.3
sensor_kallio,2024-02-17 07:00:00,50.6,0.605,467.9
sensor_kamppi,2024-02-17 07:00:00,58.0,0.552,403.1
sensor_pasila,2024-02-17 07:00:00,46.4,0.565,445.3
sensor_kallio,2024-02-17 07:30:00,44.6,0.58,438.0
sensor_kamppi,2024-02-17 07:30:00,60.8,0.567,434.5
sensor_pasila,2024-02-17 07:30:00,50.2,0.569,440.6
sensor_kallio,2024-02-17 08:00:00,51.5,0.763,411.3
sensor_kamppi,2024-02-17 08:00:00,67.9,0.734,479.5
sensor_pasila,2024-02-17 08:00:00,51.5,0.768,394.6
sensor_kallio,2024-02-17 08:30:00,53.3,0.716,433.0
sensor_kamppi,2024-02-17 08:30:00,30.8,0.782,475.1
sensor_pasila,2024-02-17 08:30:00,52.4,0.756,451.0
sensor_kallio,2024-02-17 09:00:00,49.8,0.624,424.1
sensor_kamppi,2024-02-17 09:00:00,54.6,0.573,411.9
sensor_pasila,2024-02-17 09:00:00,50.3,0.608,387.1
sensor_kallio,2024-02-17 09:30:00,51.8,0.641,408.1
sensor_kamppi,2024-02-17 09:30:00,38.6,0.585,414.9
sensor_pasila,2024-02-17 09:30:00,56.3,0.609,446.3
sensor_kallio,2024-02-17 10:00:00,52.5,0.32,349.8
sensor_kamppi,2024-02-17 10:00:00,69.7,0.33,372.9
sensor_pasila,2024-02-17 10:00:00,54.5,0.326,368.8
sensor_kallio,2024-02-17 10:30:00,41.3,0.269,361.8
sensor_kamppi,2024-02-17 10:30:00,53.1,0.338,374.0
sensor_pasila,2024-02-17 10:30:00,53.5,0.335,337.5
sensor_kallio,2024-02-17 11:00:00,50.6,0.161,317.1
sensor_kamppi,2024-02-17 11:00:00,49.5,0.137,309.1
sensor_pasila,2024-02-17 11:00:00,52.8,0.128,278.8
sensor_kallio,2024-02-17 11:30:00,52.9,0.141,340.1
sensor_kamppi,2024-02-17 11:30:00,54.8,0.145,298.7
sensor_pasila,2024-02-17 11:30:00,59.0,0.113,346.7
sensor_kallio,2024-02-17 12:00:00,36.9,0.114,281.6
sensor_kamppi,2024-02-17 12:00:00,62.4,0.101,289.8
sensor_pasila,2024-02-17 12:00:00,52.8,0.103,280.3
sensor_kallio,2024-02-17 12:30:00,44.8,0.113,296.7
sensor_kamppi,2024-02-17 12:30:00,52.8,0.137,259.4
sensor_pasila,2024-02-17 12:30:00,62.7,0.073,247.9
sensor_kallio,2024-02-17 13:00:00,50.3,0.132,281.4
sensor_kamppi,2024-02-17 13:00:00,49.1,0.095,279.8
sensor_pasila,2024-02-17 13:00:00,48.5,0.118,236.9
sensor_kallio,2024-02-17 13:30:00,50.4,0.066,225.9
sensor_kamppi,2024-02-17 13:30:00,58.0,0.084,238.7
sensor_pasila,2024-02-17 13:30:00,55.3,0.088,240.1
sensor_kallio,2024-02-17 14:00:00,51.4,0.138,291.2
sensor_kamppi,2024-02-17 14:00:00,26.4,0.14,284.5
sensor_pasila,2024-02-17 14:00:00,52.1,0.091,255.6
sensor_kallio,2024-02-17 14:30:00,56.5,0.094,269.1
sensor_kamppi,2024-02-17 14:30:00,60.7,0.112,283.2
sensor_pasila,2024-02-17 14:30:00,49.1,0.102,270.0
sensor_kallio,2024-02-17 15:00:00,41.7,0.097,301.8
sensor_kamppi,2024-02-17 15:00:00,34.3,0.115,294.4
sensor_pasila,2024-02-17 15:00:00,47.1,0.121,276.0
sensor_kallio,2024-02-17 15:30:00,55.6,0.163,320.1
sensor_kamppi,2024-02-17 15:30:00,49.0,0.122,309.0
sensor_pasila,2024-02-17 15:30:00,53.2,0.079,310.4
sensor_kallio,2024-02-17 16:00:00,37.1,0.126,359.8
sensor_kamppi,2024-02-17 16:00:00,43.3,0.062,379.5
sensor_pasila,2024-02-17 16:00:00,47.0,0.09,373.6
sensor_kallio,2024-02-17 16:30:00,43.3,0.113,380.7
sensor_kamppi,2024-02-17 16:30:00,58.9,0.049,340.3
sensor_pasila,2024-02-17 16:30:00,38.4,0.061,339.4
sensor_kallio,2024-02-17 17:00:00,32.4,0.113,395.9
sensor_kamppi,2024-02-17 17:00:00,44.9,0.103,378.6
sensor_pasila,2024-02-17 17:00:00,42.6,0.091,395.3
sensor_kallio,2024-02-17 17:30:00,42.9,0.078,417.3
sensor_kamppi,2024-02-17 17:30:00,48.0,0.057,394.6
sensor_pasila,2024-02-17 17:30:00,32.6,0.066,408.1
sensor_kallio,2024-02-17 18:00:00,29.6,0.129,410.8
sensor_kamppi,2024-02-17 18:00:00,68.4,0.097,440.1
sensor_pasila,2024-02-17 18:00:00,36.9,0.078,460.6
sensor_kallio,2024-02-17 18:30:00,48.9,0.096,429.8
sensor_kamppi,2024-02-17 18:30:00,31.2,0.069,439.5
sensor_pasila,2024-02-17 18:30:00,30.4,0.071,430.7
sensor_kallio,2024-02-17 19:00:00,35.7,0.093,426.4
sensor_kamppi,2024-02-17 19:00:00,40.1,0.111,439.2
sensor_pasila,2024-02-17 19:00:00,36.5,0.061,477.7
sensor_kallio,2024-02-17 19:30:00,32.5,0.119,437.5
sensor_kamppi,2024-02-17 19:30:00,40.8,0.063,438.8
sensor_pasila,2024-02-17 19:30:00,30.1,0.066,416.4
sensor_kallio,2024-02-17 20:00:00,25.6,0.085,414.0
sensor_kamppi,2024-02-17 20:00:00,37.8,0.127,434.2
sensor_pasila,2024-02-17 20:00:00,41.9,0.089,410.7
sensor_kallio,2024-02-17 20:30:00,28.5,0.141,426.2
sensor_kamppi,2024-02-17 20:30:00,44.4,0.083,416.1
sensor_pasila,2024-02-17 20:30:00,29.7,0.098,428.9
sensor_kallio,2024-02-17 21:00:00,31.2,0.107,356.6
sensor_kamppi,2024-02-17 21:00:00,18.5,0.083,334.7
sensor_pasila,2024-02-17 21:00:00,33.7,0.098,368.6
sensor_kallio,2024-02-17 21:30:00,14.2,0.071,419.1
sensor_kamppi,2024-02-17 21:30:00,30.0,0.096,355.0
sensor_pasila,2024-02-17 21:30:00,40.1,0.076,348.6
sensor_kallio,2024-02-17 22:00:00,37.2,0.105,323.1
sensor_kamppi,2024-02-17 22:00:00,42.9,0.114,291.7
sensor_pasila,2024-02-17 22:00:00,34.3,0.1,301.9
sensor_kallio,2024-02-17 22:30:00,27.8,0.122,311.1
sensor_kamppi,2024-02-17 22:30:00,44.5,0.074,305.1
sensor_pasila,2024-02-17 22:30:00,39.1,0.118,282.6
sensor_kallio,2024-02-17 23:00:00,32.2,0.055,275.9
sensor_kamppi,2024-02-17 23:00:00,26.4,0.098,262.8
sensor_pasila,2024-02-17 23:00:00,20.2,0.111,300.8
sensor_kallio,2024-02-17 23:30:00,30.3,0.123,267.9
sensor_kamppi,2024-02-17 23:30:00,30.9,0.115,290.6
sensor_pasila,2024-02-17 23:30:00,25.9,0.133,247.0
sensor_kallio,2024-02-18 00:00:00,33.3,0.093,302.3
sensor_kamppi,2024-02-18 00:00:00,24.2,0.109,266.6
sensor_pasila,2024-02-18 00:00:00,24.5,0.046,306.2
sensor_kallio,2024-02-18 00:30:00,27.9,0.171,311.6
sensor_kamppi,2024-02-18 00:30:00,31.2,0.085,336.7
sensor_pasila,2024-02-18 00:30:00,32.7,0.124,334.7
sensor_kallio,2024-02-18 01:00:00,45.5,0.116,279.3
sensor_kamppi,2024-02-18 01:00:00,43.1,0.065,266.5
sensor_pasila,2024-02-18 01:00:00,41.8,0.054,283.2
sensor_kallio,2024-02-18 01:30:00,33.3,0.111,282.2
sensor_kamppi,2024-02-18 01:30:00,43.5,0.087,252.5
sensor_pasila,2024-02-18 01:30:00,24.6,0.129,239.1
sensor_kallio,2024-02-18 02:00:00,25.7,0.164,255.9
sensor_kamppi,2024-02-18 02:00:00,31.8,0.121,277.0
sensor_pasila,2024-02-18 02:00:00,29.5,0.087,231.7
sensor_kallio,2024-02-18 02:30:00,29.5,0.076,261.3
sensor_kamppi,2024-02-18 02:30:00,44.6,0.117,234.3
sensor_pasila,2024-02-18 02:30:00,36.6,0.131,275.6
sensor_kallio,2024-02-18 03:00:00,46.9,0.064,283.2
sensor_kamppi,2024-02-18 03:00:00,46.0,0.096,274.7
sensor_pasila,2024-02-18 03:00:00,38.6,0.104,300.3
sensor_kallio,2024-02-18 03:30:00,37.0,0.059,280.2
sensor_kamppi,2024-02-18 03:30:00,46.8,0.02,246.1
sensor_pasila,2024-02-18 03:30:00,39.5,0.118,261.5
sensor_kallio,2024-02-18 04:00:00,41.4,0.159,289.9
sensor_kamppi,2024-02-18 04:00:00,48.7,0.089,297.2
sensor_pasila,2024-02-18 04:00:00,29.7,0.098,309.0
sensor_kallio,2024-02-18 04:30:00,39.0,0.127,340.6
sensor_kamppi,2024-02-18 04:30:00,34.8,0.148,302.0
sensor_pasila,2024-02-18 04:30:00,35.4,0.09,295.0
sensor_kallio,2024-02-18 05:00:00,40.9,0.149,400.5
sensor_kamppi,2024-02-18 05:00:00,54.2,0.177,356.0
sensor_pasila,2024-02-18 05:00:00,42.0,0.164,383.8
sensor_kallio,2024-02-18 05:30:00,37.1,0.1,382.6
sensor_kamppi,2024-02-18 05:30:00,39.8,0.124,337.8
sensor_pasila,2024-02-18 05:30:00,47.9,0.212,362.2
sensor_kallio,2024-02-18 06:00:00,43.3,0.327,431.4
sensor_kamppi,2024-02-18 06:00:00,57.7,0.296,403.1
sensor_pasila,2024-02-18 06:00:00,40.4,0.336,387.6
sensor_kallio,2024-02-18 06:30:00,48.9,0.332,420.4
sensor_kamppi,2024-02-18 06:30:00,36.2,0.31,436.8
sensor_pasila,2024-02-18 06:30:00,42.4,0.359,401.2
sensor_kallio,2024-02-18 07:00:00,50.6,0.562,453.4
sensor_kamppi,2024-02-18 07:00:00,39.7,0.6,451.2
sensor_pasila,2024-02-18 07:00:00,46.9,0.551,412.2
sensor_kallio,2024-02-18 07:30:00,48.1,0.576,467.4
sensor_kamppi,2024-02-18 07:30:00,16.3,0.643,450.4
sensor_pasila,2024-02-18 07:30:00,47.1,0.613,441.2
sensor_kallio,2024-02-18 08:00:00,38.7,0.762,456.4
sensor_kamppi,2024-02-18 08:00:00,48.6,0.736,430.9
sensor_pasila,2024-02-18 08:00:00,44.8,0.731,392.5
sensor_kallio,2024-02-18 08:30:00,52.0,0.799,408.1
sensor_kamppi,2024-02-18 08:30:00,52.6,0.757,435.2
sensor_pasila,2024-02-18 08:30:00,57.3,0.736,444.2
sensor_kallio,2024-02-18 09:00:00,44.1,0.606,429.3
sensor_kamppi,2024-02-18 09:00:00,53.1,0.613,418.3
sensor_pasila,2024-02-18 09:00:00,58.4,0.567,427.3
sensor_kallio,2024-02-18 09:30:00,65.6,0.521,449.2
sensor_kamppi,2024-02-18 09:30:00,72.8,0.544,402.2
sensor_pasila,2024-02-18 09:30:00,50.0,0.619,394.7
sensor_kallio,2024-02-18 10:00:00,62.0,0.288,369.2
sensor_kamppi,2024-02-18 10:00:00,69.9,0.293,322.1
sensor_pasila,2024-02-18 10:00:00,48.7,0.32,356.5
sensor_kallio,2024-02-18 10:30:00,46.2,0.325,403.1
sensor_kamppi,2024-02-18 10:30:00,45.8,0.309,362.4
sensor_pasila,2024-02-18 10:30:00,59.7,0.368,376.6
sensor_kallio,2024-02-18 11:00:00,59.3,0.086,314.7
sensor_kamppi,2024-02-18 11:00:00,49.9,0.157,334.5
sensor_pasila,2024-02-18 11:00:00,57.1,0.193,364.1
sensor_kallio,2024-02-18 11:30:00,64.9,0.139,314.0
sensor_kamppi,2024-02-18 11:30:00,60.6,0.13,364.1
sensor_pasila,2024-02-18 11:30:00,58.3,0.123,267.5
sensor_kallio,2024-02-18 12:00:00,59.4,0.139,272.3
sensor_kamppi,2024-02-18 12:00:00,49.9,0.119,240.7
sensor_pasila,2024-02-18 12:00:00,48.4,0.056,294.7
sensor_kallio,2024-02-18 12:30:00,45.4,0.086,267.0
sensor_kamppi,2024-02-18 12:30:00,58.6,0.119,281.3
sensor_pasila,2024-02-18 12:30:00,48.2,0.13,295.7
sensor_kallio,2024-02-18 13:00:00,48.8,0.096,237.1
sensor_kamppi,2024-02-18 13:00:00,45.6,0.065,228.2
sensor_pasila,2024-02-18 13:00:00,50.2,0.112,268.6
sensor_kallio,2024-02-18 13:30:00,36.2,0.144,290.9
sensor_kamppi,2024-02-18 13:30:00,39.7,0.17,254.0
sensor_pasila,2024-02-18 13:30:00,51.0,0.112,274.5
sensor_kallio,2024-02-18 14:00:00,51.5,0.139,251.5
sensor_kamppi,2024-02-18 14:00:00,51.5,0.058,249.8
sensor_pasila,2024-02-18 14:00:00,47.7,0.084,289.2
sensor_kallio,2024-02-18 14:30:00,46.5,0.134,259.3
sensor_kamppi,2024-02-18 14:30:00,67.6,0.092,321.4
sensor_pasila,2024-02-18 14:30:00,43.9,0.187,285.0
sensor_kallio,2024-02-18 15:00:00,42.1,0.127,317.3
sensor_kamppi,2024-02-18 15:00:00,45.1,0.088,298.6
sensor_pasila,2024-02-18 15:00:00,53.0,0.087,303.5
sensor_kallio,2024-02-18 15:30:00,49.8,0.061,306.9
sensor_kamppi,2024-02-18 15:30:00,53.7,0.098,315.2
sensor_pasila,2024-02-18 15:30:00,36.9,0.068,284.5
sensor_kallio,2024-02-18 16:00:00,45.6,0.097,362.6
sensor_kamppi,2024-02-18 16:00:00,68.8,0.085,362.5
sensor_pasila,2024-02-18 16:00:00,47.0,0.118,373.8
sensor_kallio,2024-02-18 16:30:00,47.1,0.086,347.2
sensor_kamppi,2024-02-18 16:30:00,43.8,0.103,338.5
sensor_pasila,2024-02-18 16:30:00,45.2,0.093,355.9
sensor_kallio,2024-02-18 17:00:00,48.5,0.098,409.9
sensor_kamppi,2024-02-18 17:00:00,46.2,0.061,395.1
sensor_pasila,2024-02-18 17:00:00,44.8,0.096,394.6
sensor_kallio,2024-02-18 17:30:00,50.5,0.121,385.4
sensor_kamppi,2024-02-18 17:30:00,48.0,0.109,394.9
sensor_pasila,2024-02-18 17:30:00,42.3,0.124,412.8
sensor_kallio,2024-02-18 18:00:00,41.3,0.123,452.4
sensor_kamppi,2024-02-18 18:00:00,38.7,0.064,444.3
sensor_pasila,2024-02-18 18:00:00,42.9,0.1,416.6
sensor_kallio,2024-02-18 18:30:00,42.1,0.13,431.0
sensor_kamppi,2024-02-18 18:30:00,43.8,0.116,481.4
sensor_pasila,2024-02-18 18:30:00,37.9,0.134,416.0
sensor_kallio,2024-02-18 19:00:00,29.9,0.105,441.0
sensor_kamppi,2024-02-18 19:00:00,22.5,0.11,408.9
sensor_pasila,2024-02-18 19:00:00,43.6,0.094,469.2
sensor_kallio,2024-02-18 19:30:00,20.9,0.139,452.8
sensor_kamppi,2024-02-18 19:30:00,41.9,0.096,418.4
sensor_pasila,2024-02-18 19:30:00,34.9,0.097,455.9
sensor_kallio,2024-02-18 20:00:00,35.4,0.099,418.6
sensor_kamppi,2024-02-18 20:00:00,21.7,0.099,409.4
sensor_pasila,2024-02-18 20:00:00,28.8,0.141,403.8
sensor_kallio,2024-02-18 20:30:00,20.9,0.075,442.9
sensor_kamppi,2024-02-18 20:30:00,32.5,0.148,386.8
sensor_pasila,2024-02-18 20:30:00,28.5,0.1,438.2
sensor_kallio,2024-02-18 21:00:00,33.5,0.096,339.3
sensor_kamppi,2024-02-18 21:00:00,32.2,0.104,362.9
sensor_pasila,2024-02-18 21:00:00,31.9,0.156,379.2
sensor_kallio,2024-02-18 21:30:00,32.1,0.112,355.7
sensor_kamppi,2024-02-18 21:30:00,31.3,0.106,363.9
sensor_pasila,2024-02-18 21:30:00,24.8,0.109,337.5
sensor_kallio,2024-02-18 22:00:00,35.9,0.149,324.7
sensor_kamppi,2024-02-18 22:00:00,31.4,0.062,334.2
sensor_pasila,2024-02-18 22:00:00,31.3,0.051,334.5
sensor_kallio,2024-02-18 22:30:00,32.5,0.132,298.5
sensor_kamppi,2024-02-18 22:30:00,10.8,0.143,289.9
sensor_pasila,2024-02-18 22:30:00,24.9,0.132,314.1
sensor_kallio,2024-02-18 23:00:00,26.1,0.096,260.5
sensor_kamppi,2024-02-18 23:00:00,42.3,0.058,317.7
sensor_pasila,2024-02-18 23:00:00,24.3,0.131,269.0
sensor_kallio,2024-02-18 23:30:00,25.4,0.106,286.5
sensor_kamppi,2024-02-18 23:30:00,29.0,0.084,284.6
sensor_pasila,2024-02-18 23:30:00,31.1,0.125,270.9
sensor_kallio,2024-02-19 00:00:00,35.3,0.071,304.6
sensor_kamppi,2024-02-19 00:00:00,30.3,0.104,290.1
sensor_pasila,2024-02-19 00:00:00,38.1,0.113,293.1
sensor_kallio,2024-02-19 00:30:00,25.5,0.14,306.0
sensor_kamppi,2024-02-19 00:30:00,45.0,0.112,334.1
sensor_pasila,2024-02-19 00:30:00,35.6,0.148,332.2
sensor_kallio,2024-02-19 01:00:00,35.9,0.062,312.2
sensor_kamppi,2024-02-19 01:00:00,29.0,0.118,278.8
sensor_pasila,2024-02-19 01:00:00,33.3,0.087,265.4
sensor_kallio,2024-02-19 01:30:00,33.7,0.088,286.3
sensor_kamppi,2024-02-19 01:30:00,30.0,0.108,282.9
sensor_pasila,2024-02-19 01:30:00,35.9,0.106,281.7
sensor_kallio,2024-02-19 02:00:00,27.6,0.083,251.8
sensor_kamppi,2024-02-19 02:00:00,44.1,0.064,203.7
sensor_pasila,2024-02-19 02:00:00,36.1,0.121,239.8
sensor_kallio,2024-02-19 02:30:00,28.9,0.134,259.0
sensor_kamppi,2024-02-19 02:30:00,31.3,0.147,248.8
sensor_pasila,2024-02-19 02:30:00,41.2,0.11,256.2
sensor_kallio,2024-02-19 03:00:00,21.5,0.088,278.8
sensor_kamppi,2024-02-19 03:00:00,13.8,0.11,267.5
sensor_pasila,2024-02-19 03:00:00,36.0,0.076,271.5
sensor_kallio,2024-02-19 03:30:00,23.0,0.057,258.3
sensor_kamppi,2024-02-19 03:30:00,26.7,0.086,282.0
sensor_pasila,2024-02-19 03:30:00,27.3,0.116,272.3
sensor_kallio,2024-02-19 04:00:00,34.5,0.118,303.6
sensor_kamppi,2024-02-19 04:00:00,26.4,0.131,302.3
sensor_pasila,2024-02-19 04:00:00,41.6,0.103,286.7
sensor_kallio,2024-02-19 04:30:00,46.5,0.101,321.2
sensor_kamppi,2024-02-19 04:30:00,26.2,0.109,298.0
sensor_pasila,2024-02-19 04:30:00,40.0,0.083,324.3
sensor_kallio,2024-02-19 05:00:00,35.8,0.193,357.4
sensor_kamppi,2024-02-19 05:00:00,43.8,0.12,374.9
sensor_pasila,2024-02-19 05:00:00,43.5,0.146,357.0
sensor_kallio,2024-02-19 05:30:00,27.5,0.182,376.8
sensor_kamppi,2024-02-19 05:30:00,41.9,0.149,352.2
sensor_pasila,2024-02-19 05:30:00,41.3,0.171,341.4
sensor_kallio,2024-02-19 06:00:00,27.6,0.25,439.2
sensor_kamppi,2024-02-19 06:00:00,51.0,0.288,400.1
sensor_pasila,2024-02-19 06:00:00,49.6,0.33,392.4
sensor_kallio,2024-02-19 06:30:00,54.2,0.303,386.5
sensor_kamppi,2024-02-19 06:30:00,37.4,0.323,396.7
sensor_pasila,2024-02-19 06:30:00,43.0,0.332,427.3
sensor_kallio,2024-02-19 07:00:00,75.7,0.611,466.5
sensor_kamppi,2024-02-19 07:00:00,77.9,0.569,440.8
sensor_pasila,2024-02-19 07:00:00,77.5,0.578,445.5
sensor_kallio,2024-02-19 07:30:00,65.5,0.576,453.2
sensor_kamppi,2024-02-19 07:30:00,83.6,0.505,427.2
sensor_pasila,2024-02-19 07:30:00,71.5,0.563,466.4
sensor_kallio,2024-02-19 08:00:00,81.0,0.744,432.4
sensor_kamppi,2024-02-19 08:00:00,84.2,0.735,435.4
sensor_pasila,2024-02-19 08:00:00,81.9,0.754,431.0
sensor_kallio,2024-02-19 08:30:00,66.3,0.734,451.5
sensor_kamppi,2024-02-19 08:30:00,80.5,0.811,455.4
sensor_pasila,2024-02-19 08:30:00,68.5,0.725,448.5
sensor_kallio,2024-02-19 09:00:00,83.7,0.554,404.1
sensor_kamppi,2024-02-19 09:00:00,72.2,0.548,409.6
sensor_pasila,2024-02-19 09:00:00,75.4,0.612,461.3
sensor_kallio,2024-02-19 09:30:00,78.8,0.538,428.5
sensor_kamppi,2024-02-19 09:30:00,82.0,0.562,389.3
sensor_pasila,2024-02-19 09:30:00,79.9,0.566,446.8
sensor_kallio,2024-02-19 10:00:00,57.7,0.325,365.1
sensor_kamppi,2024-02-19 10:00:00,52.7,0.317,395.8
sensor_pasila,2024-02-19 10:00:00,59.1,0.313,381.0
sensor_kallio,2024-02-19 10:30:00,54.7,0.3,363.7
sensor_kamppi,2024-02-19 10:30:00,39.5,0.315,356.2
sensor_pasila,2024-02-19 10:30:00,52.0,0.286,362.1
sensor_kallio,2024-02-19 11:00:00,48.3,0.158,304.6
sensor_kamppi,2024-02-19 11:00:00,55.3,0.161,322.3
sensor_pasila,2024-02-19 11:00:00,57.3,0.156,301.2
sensor_kallio,2024-02-19 11:30:00,60.7,0.141,342.5
sensor_kamppi,2024-02-19 11:30:00,69.9,0.136,305.2
sensor_pasila,2024-02-19 11:30:00,55.7,0.163,282.7
sensor_kallio,2024-02-19 12:00:00,61.4,0.103,302.6
sensor_kamppi,2024-02-19 12:00:00,59.0,0.156,305.0
sensor_pasila,2024-02-19 12:00:00,59.9,0.126,246.6
sensor_kallio,2024-02-19 12:30:00,52.2,0.044,303.4
sensor_kamppi,2024-02-19 12:30:00,71.5,0.083,261.0
sensor_pasila,2024-02-19 12:30:00,55.6,0.076,308.9
sensor_kallio,2024-02-19 13:00:00,48.0,0.094,246.0
sensor_kamppi,2024-02-19 13:00:00,64.7,0.097,287.7
sensor_pasila,2024-02-19 13:00:00,46.3,0.11,288.4
sensor_kallio,2024-02-19 13:30:00,52.9,0.119,261.9
sensor_kamppi,2024-02-19 13:30:00,53.1,0.15,235.5
sensor_pasila,2024-02-19 13:30:00,53.2,0.096,233.2
sensor_kallio,2024-02-19 14:00:00,50.5,0.103,256.3
sensor_kamppi,2024-02-19 14:00:00,40.4,0.121,295.8
sensor_pasila,2024-02-19 14:00:00,47.1,0.109,286.1
sensor_kallio,2024-02-19 14:30:00,62.5,0.085,247.1
sensor_kamppi,2024-02-19 14:30:00,33.1,0.107,289.7
sensor_pasila,2024-02-19 14:30:00,55.3,0.116,259.8
sensor_kallio,2024-02-19 15:00:00,61.7,0.115,326.7
sensor_kamppi,2024-02-19 15:00:00,43.8,0.105,274.6
sensor_pasila,2024-02-19 15:00:00,57.8,0.075,284.3
sensor_kallio,2024-02-19 15:30:00,50.4,0.084,304.1
sensor_kamppi,2024-02-19 15:30:00,53.7,0.129,315.1
sensor_pasila,2024-02-19 15:30:00,59.6,0.126,338.1
sensor_kallio,2024-02-19 16:00:00,76.9,0.068,376.1
sensor_kamppi,2024-02-19 16:00:00,72.2,0.116,385.8
sensor_pasila,2024-02-19 16:00:00,70.0,0.193,387.4
sensor_kallio,2024-02-19 16:30:00,74.0,0.107,397.4
sensor_kamppi,2024-02-19 16:30:00,61.8,0.097,365.9
sensor_pasila,2024-02-19 16:30:00,74.2,0.078,339.0
sensor_kallio,2024-02-19 17:00:00,52.5,0.09,438.4
sensor_kamppi,2024-02-19 17:00:00,67.9,0.087,423.9
sensor_pasila,2024-02-19 17:00:00,75.3,0.129,404.8
sensor_kallio,2024-02-19 17:30:00,63.6,0.049,437.1
sensor_kamppi,2024-02-19 17:30:00,57.0,0.111,398.3
sensor_pasila,2024-02-19 17:30:00,60.5,0.123,456.9
sensor_kallio,2024-02-19 18:00:00,64.3,0.102,453.8
sensor_kamppi,2024-02-19 18:00:00,48.6,0.121,435.0
sensor_pasila,2024-02-19 18:00:00,68.7,0.143,410.8
sensor_kallio,2024-02-19 18:30:00,67.9,0.112,392.8
sensor_kamppi,2024-02-19 18:30:00,52.7,0.102,445.7
sensor_pasila,2024-02-19 18:30:00,75.5,0.059,452.8
sensor_kallio,2024-02-19 19:00:00,35.4,0.093,399.4
sensor_kamppi,2024-02-19 19:00:00,49.7,0.099,431.6
sensor_pasila,2024-02-19 19:00:00,36.1,0.098,430.2
sensor_kallio,2024-02-19 19:30:00,35.2,0.094,440.0
sensor_kamppi,2024-02-19 19:30:00,31.4,0.088,419.3
sensor_pasila,2024-02-19 19:30:00,35.9,0.091,430.2
sensor_kallio,2024-02-19 20:00:00,38.0,0.062,412.9
sensor_kamppi,2024-02-19 20:00:00,25.4,0.16,422.7
sensor_pasila,2024-02-19 20:00:00,32.6,0.145,423.9
sensor_kallio,2024-02-19 20:30:00,27.7,0.102,384.9
sensor_kamppi,2024-02-19 20:30:00,24.1,0.114,377.1
sensor_pasila,2024-02-19 20:30:00,41.8,0.117,390.8
sensor_kallio,2024-02-19 21:00:00,38.8,0.149,362.6
sensor_kamppi,2024-02-19 21:00:00,41.8,0.115,334.2
sensor_pasila,2024-02-19 21:00:00,25.6,0.146,369.4
sensor_kallio,2024-02-19 21:30:00,25.0,0.122,357.6
sensor_kamppi,2024-02-19 21:30:00,28.3,0.106,347.8
sensor_pasila,2024-02-19 21:30:00,29.8,0.064,345.8
sensor_kallio,2024-02-19 22:00:00,32.6,0.135,316.6
sensor_kamppi,2024-02-19 22:00:00,43.4,0.106,281.3
sensor_pasila,2024-02-19 22:00:00,30.3,0.043,301.2
sensor_kallio,2024-02-19 22:30:00,17.4,0.09,306.6
sensor_kamppi,2024-02-19 22:30:00,17.7,0.073,287.3
sensor_pasila,2024-02-19 22:30:00,33.4,0.081,299.3
sensor_kallio,2024-02-19 23:00:00,24.5,0.155,243.0
sensor_kamppi,2024-02-19 23:00:00,19.7,0.115,308.4
sensor_pasila,2024-02-19 23:00:00,30.8,0.068,274.7
sensor_kallio,2024-02-19 23:30:00,33.6,0.107,298.8
sensor_kamppi,2024-02-19 23:30:00,33.6,0.091,298.1
sensor_pasila,2024-02-19 23:30:00,34.7,0.04,248.5
sensor_kallio,2024-02-20 00:00:00,20.5,0.091,287.8
sensor_kamppi,2024-02-20 00:00:00,11.8,0.088,325.7
sensor_pasila,2024-02-20 00:00:00,33.7,0.091,342.1
sensor_kallio,2024-02-20 00:30:00,31.5,0.114,331.1
sensor_kamppi,2024-02-20 00:30:00,28.8,0.02,318.9
sensor_pasila,2024-02-20 00:30:00,28.5,0.114,336.3
sensor_kallio,2024-02-20 01:00:00,16.3,0.087,288.1
sensor_kamppi,2024-02-20 01:00:00,28.5,0.132,231.7
sensor_pasila,2024-02-20 01:00:00,34.3,0.126,249.5
sensor_kallio,2024-02-20 01:30:00,33.6,0.042,274.5
sensor_kamppi,2024-02-20 01:30:00,33.5,0.064,281.3
sensor_pasila,2024-02-20 01:30:00,30.2,0.059,281.3
sensor_kallio,2024-02-20 02:00:00,32.1,0.092,228.5
sensor_kamppi,2024-02-20 02:00:00,11.1,0.093,277.2
sensor_pasila,2024-02-20 02:00:00,40.9,0.114,271.3
sensor_kallio,2024-02-20 02:30:00,33.1,0.093,232.2
sensor_kamppi,2024-02-20 02:30:00,27.7,0.119,257.6
sensor_pasila,2024-02-20 02:30:00,27.0,0.041,248.8
sensor_kallio,2024-02-20 03:00:00,35.8,0.107,262.1
sensor_kamppi,2024-02-20 03:00:00,25.1,0.084,246.7
sensor_pasila,2024-02-20 03:00:00,27.9,0.078,283.0
sensor_kallio,2024-02-20 03:30:00,45.9,0.101,274.2
sensor_kamppi,2024-02-20 03:30:00,19.8,0.054,283.8
sensor_pasila,2024-02-20 03:30:00,40.1,0.142,298.5
sensor_kallio,2024-02-20 04:00:00,52.3,0.128,294.1
sensor_kamppi,2024-02-20 04:00:00,43.8,0.115,317.9
sensor_pasila,2024-02-20 04:00:00,34.2,0.164,307.9
sensor_kallio,2024-02-20 04:30:00,28.3,0.086,320.2
sensor_kamppi,2024-02-20 04:30:00,16.0,0.106,327.9
sensor_pasila,2024-02-20 04:30:00,37.5,0.106,292.4
sensor_kallio,2024-02-20 05:00:00,38.8,0.146,376.9
sensor_kamppi,2024-02-20 05:00:00,40.4,0.142,362.9
sensor_pasila,2024-02-20 05:00:00,47.8,0.157,343.6
sensor_kallio,2024-02-20 05:30:00,52.5,0.114,374.5
sensor_kamppi,2024-02-20 05:30:00,52.2,0.179,349.0
sensor_pasila,2024-02-20 05:30:00,46.0,0.129,376.1
sensor_kallio,2024-02-20 06:00:00,53.5,0.351,418.6
sensor_kamppi,2024-02-20 06:00:00,39.2,0.304,382.1
sensor_pasila,2024-02-20 06:00:00,41.0,0.303,432.6
sensor_kallio,2024-02-20 06:30:00,55.8,0.31,432.0
sensor_kamppi,2024-02-20 06:30:00,75.3,0.243,443.0
sensor_pasila,2024-02-20 06:30:00,46.0,0.328,376.9
sensor_kallio,2024-02-20 07:00:00,80.6,0.548,388.1
sensor_kamppi,2024-02-20 07:00:00,80.4,0.576,439.6
sensor_pasila,2024-02-20 07:00:00,66.4,0.546,431.3
sensor_kallio,2024-02-20 07:30:00,88.5,0.553,434.7
sensor_kamppi,2024-02-20 07:30:00,81.3,0.631,433.2
sensor_pasila,2024-02-20 07:30:00,74.4,0.555,420.4
sensor_kallio,2024-02-20 08:00:00,84.9,0.758,459.4
sensor_kamppi,2024-02-20 08:00:00,63.6,0.76,465.2
sensor_pasila,2024-02-20 08:00:00,84.0,0.754,412.2
sensor_kallio,2024-02-20 08:30:00,65.5,0.716,439.8
sensor_kamppi,2024-02-20 08:30:00,85.9,0.704,415.8
sensor_pasila,2024-02-20 08:30:00,72.8,0.765,421.1
sensor_kallio,2024-02-20 09:00:00,80.6,0.603,413.6
sensor_kamppi,2024-02-20 09:00:00,87.0,0.583,411.8
sensor_pasila,2024-02-20 09:00:00,76.8,0.592,418.0
sensor_kallio,2024-02-20 09:30:00,88.6,0.55,429.9
sensor_kamppi,2024-02-20 09:30:00,73.8,0.618,434.5
sensor_pasila,2024-02-20 09:30:00,76.7,0.541,408.9
sensor_kallio,2024-02-20 10:00:00,54.5,0.322,379.9
sensor_kamppi,2024-02-20 10:00:00,54.7,0.323,332.1
sensor_pasila,2024-02-20 10:00:00,60.6,0.311,350.9
sensor_kallio,2024-02-20 10:30:00,55.3,0.281,351.3
sensor_kamppi,2024-02-20 10:30:00,43.0,0.255,376.0
sensor_pasila,2024-02-20 10:30:00,54.6,0.355,385.5
sensor_kallio,2024-02-20 11:00:00,44.4,0.115,303.2
sensor_kamppi,2024-02-20 11:00:00,61.1,0.148,308.0
sensor_pasila,2024-02-20 11:00:00,55.6,0.17,319.9
sensor_kallio,2024-02-20 11:30:00,54.8,0.144,281.6
sensor_kamppi,2024-02-20 11:30:00,41.9,0.152,284.6
sensor_pasila,2024-02-20 11:30:00,55.7,0.16,308.5
sensor_kallio,2024-02-20 12:00:00,50.6,0.139,258.4
sensor_kamppi,2024-02-20 12:00:00,57.2,0.136,259.3
sensor_pasila,2024-02-20 12:00:00,53.8,0.108,240.7
sensor_kallio,2024-02-20 12:30:00,52.0,0.12,257.6
sensor_kamppi,2024-02-20 12:30:00,40.8,0.058,260.5
sensor_pasila,2024-02-20 12:30:00,45.0,0.099,298.1
sensor_kallio,2024-02-20 13:00:00,57.8,0.137,268.0
sensor_kamppi,2024-02-20 13:00:00,78.5,0.056,272.0
sensor_pasila,2024-02-20 13:00:00,48.4,0.129,251.0
sensor_kallio,2024-02-20 13:30:00,40.9,0.116,276.0
sensor_kamppi,2024-02-20 13:30:00,29.6,0.109,267.7
sensor_pasila,2024-02-20 13:30:00,61.8,0.057,268.8
sensor_kallio,2024-02-20 14:00:00,47.2,0.113,247.8
sensor_kamppi,2024-02-20 14:00:00,42.6,0.072,248.9
sensor_pasila,2024-02-20 14:00:00,40.7,0.161,230.8
sensor_kallio,2024-02-20 14:30:00,47.7,0.103,250.0
sensor_kamppi,2024-02-20 14:30:00,42.1,0.1,284.3
sensor_pasila,2024-02-20 14:30:00,54.4,0.082,286.4
sensor_kallio,2024-02-20 15:00:00,44.3,0.139,307.6
sensor_kamppi,2024-02-20 15:00:00,46.8,0.085,316.7
sensor_pasila,2024-02-20 15:00:00,53.4,0.136,315.4
sensor_kallio,2024-02-20 15:30:00,55.8,0.066,318.5
sensor_kamppi,2024-02-20 15:30:00,23.3,0.06,321.9
sensor_pasila,2024-02-20 15:30:00,45.6,0.083,287.6
sensor_kallio,2024-02-20 16:00:00,82.6,0.112,363.7
sensor_kamppi,2024-02-20 16:00:00,59.6,0.127,325.6
sensor_pasila,2024-02-20 16:00:00,68.5,0.059,333.7
sensor_kallio,2024-02-20 16:30:00,73.5,0.048,350.2
sensor_kamppi,2024-02-20 16:30:00,83.2,0.096,359.7
sensor_pasila,2024-02-20 16:30:00,68.3,0.108,341.7
sensor_kallio,2024-02-20 17:00:00,65.2,0.119,349.4
sensor_kamppi,2024-02-20 17:00:00,62.3,0.127,391.3
sensor_pasila,2024-02-20 17:00:00,66.0,0.094,395.5
sensor_kallio,2024-02-20 17:30:00,68.4,0.072,406.9
sensor_kamppi,2024-02-20 17:30:00,77.7,0.114,433.2
sensor_pasila,2024-02-20 17:30:00,69.4,0.039,451.9
sensor_kallio,2024-02-20 18:00:00,64.6,0.058,454.8
sensor_kamppi,2024-02-20 18:00:00,80.2,0.106,451.5
sensor_pasila,2024-02-20 18:00:00,58.8,0.098,397.1
sensor_kallio,2024-02-20 18:30:00,61.7,0.144,428.7
sensor_kamppi,2024-02-20 18:30:00,59.3,0.11,411.2
sensor_pasila,2024-02-20 18:30:00,59.7,0.13,478.8
sensor_kallio,2024-02-20 19:00:00,38.2,0.06,424.1
sensor_kamppi,2024-02-20 19:00:00,29.4,0.152,457.9
sensor_pasila,2024-02-20 19:00:00,33.2,0.095,404.1
sensor_kallio,2024-02-20 19:30:00,30.9,0.071,433.5
sensor_kamppi,2024-02-20 19:30:00,26.5,0.058,425.6
sensor_pasila,2024-02-20 19:30:00,35.8,0.116,409.3
sensor_kallio,2024-02-20 20:00:00,18.0,0.105,382.8
sensor_kamppi,2024-02-20 20:00:00,44.5,0.108,407.4
sensor_pasila,2024-02-20 20:00:00,37.6,0.122,424.1
sensor_kallio,2024-02-20 20:30:00,39.4,0.123,428.9
sensor_kamppi,2024-02-20 20:30:00,23.1,0.127,410.5
sensor_pasila,2024-02-20 20:30:00,37.5,0.088,380.2
sensor_kallio,2024-02-20 21:00:00,37.6,0.064,344.8
sensor_kamppi,2024-02-20 21:00:00,24.7,0.145,371.0
sensor_pasila,2024-02-20 21:00:00,37.2,0.11,335.2
sensor_kallio,2024-02-20 21:30:00,34.0,0.134,335.3
sensor_kamppi,2024-02-20 21:30:00,53.9,0.024,368.7
sensor_pasila,2024-02-20 21:30:00,36.0,0.049,373.9
sensor_kallio,2024-02-20 22:00:00,19.7,0.117,315.0
sensor_kamppi,2024-02-20 22:00:00,11.4,0.066,276.7
sensor_pasila,2024-02-20 22:00:00,34.0,0.116,290.8
sensor_kallio,2024-02-20 22:30:00,22.6,0.104,289.8
sensor_kamppi,2024-02-20 22:30:00,38.2,0.084,296.1
sensor_pasila,2024-02-20 22:30:00,25.6,0.067,291.0
sensor_kallio,2024-02-20 23:00:00,29.4,0.064,268.5
sensor_kamppi,2024-02-20 23:00:00,22.1,0.128,277.8
sensor_pasila,2024-02-20 23:00:00,26.6,0.099,289.5
sensor_kallio,2024-02-20 23:30:00,28.9,0.088,293.9
sensor_kamppi,2024-02-20 23:30:00,51.3,0.121,281.6
sensor_pasila,2024-02-20 23:30:00,31.7,0.106,301.0
sensor_kallio,2024-02-21 00:00:00,29.4,0.109,261.7
sensor_kamppi,2024-02-21 00:00:00,48.2,0.132,329.6
sensor_pasila,2024-02-21 00:00:00,21.3,0.143,303.5
sensor_kallio,2024-02-21 00:30:00,29.8,0.142,317.9
sensor_kamppi,2024-02-21 00:30:00,38.3,0.077,304.9
sensor_pasila,2024-02-21 00:30:00,31.0,0.116,301.4
sensor_kallio,2024-02-21 01:00:00,44.1,0.091,259.4
sensor_kamppi,2024-02-21 01:00:00,24.9,0.077,271.2
sensor_pasila,2024-02-21 01:00:00,38.1,0.094,260.5
sensor_kallio,2024-02-21 01:30:00,46.6,0.155,270.0
sensor_kamppi,2024-02-21 01:30:00,14.2,0.127,307.6
sensor_pasila,2024-02-21 01:30:00,29.0,0.119,278.1
sensor_kallio,2024-02-21 02:00:00,37.6,0.12,262.6
sensor_kamppi,2024-02-21 02:00:00,45.0,0.068,223.7
sensor_pasila,2024-02-21 02:00:00,26.1,0.157,237.1
sensor_kallio,2024-02-21 02:30:00,41.7,0.135,295.1
sensor_kamppi,2024-02-21 02:30:00,26.4,0.061,260.5
sensor_pasila,2024-02-21 02:30:00,39.4,0.15,249.8
sensor_kallio,2024-02-21 03:00:00,36.5,0.108,264.5
sensor_kamppi,2024-02-21 03:00:00,34.3,0.037,256.0
sensor_pasila,2024-02-21 03:00:00,32.2,0.064,286.8
sensor_kallio,2024-02-21 03:30:00,35.9,0.106,280.2
sensor_kamppi,2024-02-21 03:30:00,46.0,0.062,289.2
sensor_pasila,2024-02-21 03:30:00,37.9,0.098,247.7
sensor_kallio,2024-02-21 04:00:00,28.1,0.079,333.4
sensor_kamppi,2024-02-21 04:00:00,40.6,0.112,327.2
sensor_pasila,2024-02-21 04:00:00,34.7,0.128,310.8
sensor_kallio,2024-02-21 04:30:00,43.3,0.141,334.1
sensor_kamppi,2024-02-21 04:30:00,27.6,0.089,284.7
sensor_pasila,2024-02-21 04:30:00,29.8,0.057,313.9
sensor_kallio,2024-02-21 05:00:00,50.5,0.126,342.7
sensor_kamppi,2024-02-21 05:00:00,46.9,0.108,403.6
sensor_pasila,2024-02-21 05:00:00,43.6,0.138,351.5
sensor_kallio,2024-02-21 05:30:00,35.9,0.104,352.7
sensor_kamppi,2024-02-21 05:30:00,61.7,0.123,390.6
sensor_pasila,2024-02-21 05:30:00,47.1,0.138,377.2
sensor_kallio,2024-02-21 06:00:00,34.3,0.305,433.5
sensor_kamppi,2024-02-21 06:00:00,49.9,0.307,396.3
sensor_pasila,2024-02-21 06:00:00,39.7,0.302,474.5
sensor_kallio,2024-02-21 06:30:00,48.9,0.259,391.3
sensor_kamppi,2024-02-21 06:30:00,52.3,0.321,373.8
sensor_pasila,2024-02-21 06:30:00,30.5,0.35,402.4
sensor_kallio,2024-02-21 07:00:00,76.9,0.587,463.9
sensor_kamppi,2024-02-21 07:00:00,69.6,0.632,429.9
sensor_pasila,2024-02-21 07:00:00,66.6,0.564,408.6
sensor_kallio,2024-02-21 07:30:00,81.6,0.63,464.5
sensor_kamppi,2024-02-21 07:30:00,63.5,0.6,460.0
sensor_pasila,2024-02-21 07:30:00,78.8,0.614,435.0
sensor_kallio,2024-02-21 08:00:00,75.9,0.75,469.4
sensor_kamppi,2024-02-21 08:00:00,75.2,0.771,428.1
sensor_pasila,2024-02-21 08:00:00,79.7,0.687,462.1
sensor_kallio,2024-02-21 08:30:00,85.7,0.781,458.1
sensor_kamppi,2024-02-21 08:30:00,83.3,0.747,431.5
sensor_pasila,2024-02-21 08:30:00,74.7,0.767,428.2
sensor_kallio,2024-02-21 09:00:00,70.6,0.596,412.4
sensor_kamppi,2024-02-21 09:00:00,87.7,0.553,434.2
sensor_pasila,2024-02-21 09:00:00,85.7,0.617,395.2
sensor_kallio,2024-02-21 09:30:00,73.3,0.568,396.5
sensor_kamppi,2024-02-21 09:30:00,70.8,0.597,420.4
sensor_pasila,2024-02-21 09:30:00,77.9,0.585,448.1
sensor_kallio,2024-02-21 10:00:00,59.1,0.309,347.0
sensor_kamppi,2024-02-21 10:00:00,59.4,0.311,354.5
sensor_pasila,2024-02-21 10:00:00,56.9,0.248,377.1
sensor_kallio,2024-02-21 10:30:00,58.0,0.283,362.6
sensor_kamppi,2024-02-21 10:30:00,56.2,0.337,365.7
sensor_pasila,2024-02-21 10:30:00,49.0,0.323,350.9
sensor_kallio,2024-02-21 11:00:00,49.2,0.128,301.0
sensor_kamppi,2024-02-21 11:00:00,51.1,0.164,338.9
sensor_pasila,2024-02-21 11:00:00,46.7,0.189,317.6
sensor_kallio,2024-02-21 11:30:00,48.5,0.165,315.1
sensor_kamppi,2024-02-21 11:30:00,65.2,0.104,318.2
sensor_pasila,2024-02-21 11:30:00,49.9,0.194,305.6
sensor_kallio,2024-02-21 12:00:00,52.3,0.115,270.1
sensor_kamppi,2024-02-21 12:00:00,46.9,0.178,252.1
sensor_pasila,2024-02-21 12:00:00,55.7,0.039,271.5
sensor_kallio,2024-02-21 12:30:00,62.4,0.087,273.9
sensor_kamppi,2024-02-21 12:30:00,59.7,0.094,294.9
sensor_pasila,2024-02-21 12:30:00,53.6,0.107,287.0
sensor_kallio,2024-02-21 13:00:00,52.3,0.129,234.4
sensor_kamppi,2024-02-21 13:00:00,63.8,0.14,273.3
sensor_pasila,2024-02-21 13:00:00,49.9,0.155,263.2
sensor_kallio,2024-02-21 13:30:00,54.9,0.097,292.8
sensor_kamppi,2024-02-21 13:30:00,40.7,0.11,243.2
sensor_pasila,2024-02-21 13:30:00,50.1,0.157,273.8
sensor_kallio,2024-02-21 14:00:00,51.7,0.1,265.9
sensor_kamppi,2024-02-21 14:00:00,57.2,0.068,273.0
sensor_pasila,2024-02-21 14:00:00,53.2,0.111,260.9
sensor_kallio,2024-02-21 14:30:00,38.5,0.089,272.4
sensor_kamppi,2024-02-21 14:30:00,48.4,0.063,280.7
sensor_pasila,2024-02-21 14:30:00,50.0,0.103,280.5
sensor_kallio,2024-02-21 15:00:00,50.1,0.106,314.2
sensor_kamppi,2024-02-21 15:00:00,59.4,0.064,326.0
sensor_pasila,2024-02-21 15:00:00,48.8,0.098,313.6
sensor_kallio,2024-02-21 15:30:00,45.3,0.091,312.9
sensor_kamppi,2024-02-21 15:30:00,41.3,0.063,304.0
sensor_pasila,2024-02-21 15:30:00,51.8,0.084,330.4
sensor_kallio,2024-02-21 16:00:00,79.6,0.114,361.2
sensor_kamppi,2024-02-21 16:00:00,69.6,0.137,333.9
sensor_pasila,2024-02-21 16:00:00,68.0,0.081,364.7
sensor_kallio,2024-02-21 16:30:00,67.6,0.118,357.5
sensor_kamppi,2024-02-21 16:30:00,70.0,0.095,374.5
sensor_pasila,2024-02-21 16:30:00,70.8,0.171,378.8
sensor_kallio,2024-02-21 17:00:00,61.2,0.111,379.8
sensor_kamppi,2024-02-21 17:00:00,47.9,0.105,406.5
sensor_pasila,2024-02-21 17:00:00,62.6,0.15,424.8
sensor_kallio,2024-02-21 17:30:00,77.0,0.144,428.6
sensor_kamppi,2024-02-21 17:30:00,77.1,0.105,425.5
sensor_pasila,2024-02-21 17:30:00,68.0,0.098,441.3
sensor_kallio,2024-02-21 18:00:00,62.6,0.098,456.5
sensor_kamppi,2024-02-21 18:00:00,62.8,0.116,427.8
sensor_pasila,2024-02-21 18:00:00,63.7,0.084,443.4
sensor_kallio,2024-02-21 18:30:00,66.8,0.19,450.6
sensor_kamppi,2024-02-21 18:30:00,67.0,0.182,456.5
sensor_pasila,2024-02-21 18:30:00,69.3,0.128,442.0
sensor_kallio,2024-02-21 19:00:00,34.2,0.089,422.0
sensor_kamppi,2024-02-21 19:00:00,24.2,0.111,438.6
sensor_pasila,2024-02-21 19:00:00,36.2,0.077,431.3
sensor_kallio,2024-02-21 19:30:00,40.7,0.117,444.8
sensor_kamppi,2024-02-21 19:30:00,38.9,0.117,397.4
sensor_pasila,2024-02-21 19:30:00,45.3,0.105,425.1
sensor_kallio,2024-02-21 20:00:00,32.9,0.077,418.8
sensor_kamppi,2024-02-21 20:00:00,24.6,0.097,418.8
sensor_pasila,2024-02-21 20:00:00,31.5,0.133,397.8
sensor_kallio,2024-02-21 20:30:00,45.6,0.075,395.2
sensor_kamppi,2024-02-21 20:30:00,41.3,0.101,387.5
sensor_pasila,2024-02-21 20:30:00,33.1,0.095,441.5
sensor_kallio,2024-02-21 21:00:00,30.4,0.061,348.6
sensor_kamppi,2024-02-21 21:00:00,40.0,0.057,370.5
sensor_pasila,2024-02-21 21:00:00,24.5,0.057,363.3
sensor_kallio,2024-02-21 21:30:00,41.9,0.06,353.3
sensor_kamppi,2024-02-21 21:30:00,36.6,0.13,364.2
sensor_pasila,2024-02-21 21:30:00,36.7,0.104,344.1
sensor_kallio,2024-02-21 22:00:00,33.4,0.127,329.8
sensor_kamppi,2024-02-21 22:00:00,28.0,0.071,344.9
sensor_pasila,2024-02-21 22:00:00,29.5,0.151,302.2
sensor_kallio,2024-02-21 22:30:00,33.0,0.114,271.7
sensor_kamppi,2024-02-21 22:30:00,16.5,0.097,296.6
sensor_pasila,2024-02-21 22:30:00,32.5,0.095,346.0
sensor_kallio,2024-02-21 23:00:00,26.4,0.117,290.5
sensor_kamppi,2024-02-21 23:00:00,17.4,0.133,307.0
sensor_pasila,2024-02-21 23:00:00,32.1,0.028,290.2
sensor_kallio,2024-02-21 23:30:00,26.8,0.092,243.3
sensor_kamppi,2024-02-21 23:30:00,23.3,0.133,262.6
sensor_pasila,2024-02-21 23:30:00,22.6,0.057,291.0
sensor_kallio,2024-02-22 00:00:00,37.1,0.073,336.5
sensor_kamppi,2024-02-22 00:00:00,19.7,0.111,322.3
sensor_pasila,2024-02-22 00:00:00,37.5,0.073,276.6
sensor_kallio,2024-02-22 00:30:00,40.7,0.108,318.8
sensor_kamppi,2024-02-22 00:30:00,24.6,0.103,283.4
sensor_pasila,2024-02-22 00:30:00,32.3,0.167,291.4
sensor_kallio,2024-02-22 01:00:00,31.3,0.062,275.0
sensor_kamppi,2024-02-22 01:00:00,39.5,0.123,266.4
sensor_pasila,2024-02-22 01:00:00,26.0,0.089,245.6
sensor_kallio,2024-02-22 01:30:00,36.1,0.152,278.2
sensor_kamppi,2024-02-22 01:30:00,21.9,0.123,266.0
sensor_pasila,2024-02-22 01:30:00,37.0,0.073,251.2
sensor_kallio,2024-02-22 02:00:00,33.7,0.049,259.9
sensor_kamppi,2024-02-22 02:00:00,29.6,0.149,280.6
sensor_pasila,2024-02-22 02:00:00,30.8,0.069,292.3
sensor_kallio,2024-02-22 02:30:00,42.4,0.08,256.7
sensor_kamppi,2024-02-22 02:30:00,31.1,0.102,293.9
sensor_pasila,2024-02-22 02:30:00,34.8,0.071,261.2
sensor_kallio,2024-02-22 03:00:00,31.8,0.104,273.3
sensor_kamppi,2024-02-22 03:00:00,35.2,0.131,286.4
sensor_pasila,2024-02-22 03:00:00,30.9,0.116,242.7
sensor_kallio,2024-02-22 03:30:00,32.3,0.085,268.7
sensor_kamppi,2024-02-22 03:30:00,34.5,0.061,313.5
sensor_pasila,2024-02-22 03:30:00,45.4,0.13,269.8
sensor_kallio,2024-02-22 04:00:00,42.8,0.154,315.6
sensor_kamppi,2024-02-22 04:00:00,28.3,0.123,337.4
sensor_pasila,2024-02-22 04:00:00,43.3,0.063,339.5
sensor_kallio,2024-02-22 04:30:00,38.4,0.07,331.3
sensor_kamppi,2024-02-22 04:30:00,33.2,0.131,322.5
sensor_pasila,2024-02-22 04:30:00,37.3,0.118,318.1
sensor_kallio,2024-02-22 05:00:00,54.6,0.12,325.6
sensor_kamppi,2024-02-22 05:00:00,30.7,0.175,363.4
sensor_pasila,2024-02-22 05:00:00,36.7,0.13,329.6
sensor_kallio,2024-02-22 05:30:00,22.9,0.179,380.2
sensor_kamppi,2024-02-22 05:30:00,39.1,0.117,356.1
sensor_pasila,2024-02-22 05:30:00,47.4,0.121,346.9
sensor_kallio,2024-02-22 06:00:00,41.7,0.272,419.5
sensor_kamppi,2024-02-22 06:00:00,40.5,0.28,432.4
sensor_pasila,2024-02-22 06:00:00,57.3,0.314,423.1
sensor_kallio,2024-02-22 06:30:00,49.2,0.3,403.9
sensor_kamppi,2024-02-22 06:30:00,32.1,0.327,394.1
sensor_pasila,2024-02-22 06:30:00,43.5,0.255,391.3
sensor_kallio,2024-02-22 07:00:00,77.4,0.594,434.1
sensor_kamppi,2024-02-22 07:00:00,80.9,0.54,440.7
sensor_pasila,2024-02-22 07:00:00,76.7,0.546,444.8
sensor_kallio,2024-02-22 07:30:00,83.2,0.57,434.4
sensor_kamppi,2024-02-22 07:30:00,85.3,0.594,440.9
sensor_pasila,2024-02-22 07:30:00,69.2,0.573,387.0
sensor_kallio,2024-02-22 08:00:00,80.9,0.724,438.0
sensor_kamppi,2024-02-22 08:00:00,79.3,0.75,461.4
sensor_pasila,2024-02-22 08:00:00,76.1,0.753,430.3
sensor_kallio,2024-02-22 08:30:00,85.5,0.713,420.6
sensor_kamppi,2024-02-22 08:30:00,75.9,0.741,420.2
sensor_pasila,2024-02-22 08:30:00,85.4,0.785,473.8
sensor_kallio,2024-02-22 09:00:00,82.7,0.615,437.4
sensor_kamppi,2024-02-22 09:00:00,64.1,0.611,399.4
sensor_pasila,2024-02-22 09:00:00,76.1,0.581,448.5
sensor_kallio,2024-02-22 09:30:00,74.3,0.565,399.6
sensor_kamppi,2024-02-22 09:30:00,92.7,0.642,410.5
sensor_pasila,2024-02-22 09:30:00,73.6,0.639,380.0
sensor_kallio,2024-02-22 10:00:00,51.8,0.321,365.9
sensor_kamppi,2024-02-22 10:00:00,56.5,0.294,369.1
sensor_pasila,2024-02-22 10:00:00,58.9,0.312,370.9
sensor_kallio,2024-02-22 10:30:00,53.3,0.335,322.8
sensor_kamppi,2024-02-22 10:30:00,71.8,0.339,355.9
sensor_pasila,2024-02-22 10:30:00,55.0,0.302,353.1
sensor_kallio,2024-02-22 11:00:00,53.1,0.133,297.7
sensor_kamppi,2024-02-22 11:00:00,54.2,0.176,334.7
sensor_pasila,2024-02-22 11:00:00,50.3,0.132,313.3
sensor_kallio,2024-02-22 11:30:00,53.0,0.188,343.9
sensor_kamppi,2024-02-22 11:30:00,53.5,0.143,335.0
sensor_pasila,2024-02-22 11:30:00,52.9,0.15,303.1
sensor_kallio,2024-02-22 12:00:00,56.7,0.114,234.3
sensor_kamppi,2024-02-22 12:00:00,49.5,0.101,282.8
sensor_pasila,2024-02-22 12:00:00,45.9,0.11,276.3
sensor_kallio,2024-02-22 12:30:00,44.1,0.139,268.1
sensor_kamppi,2024-02-22 12:30:00,42.0,0.104,266.6
sensor_pasila,2024-02-22 12:30:00,58.7,0.088,263.4
sensor_kallio,2024-02-22 13:00:00,53.1,0.089,278.5
sensor_kamppi,2024-02-22 13:00:00,46.6,0.089,251.6
sensor_pasila,2024-02-22 13:00:00,54.9,0.099,243.5
sensor_kallio,2024-02-22 13:30:00,49.7,0.1,269.5
sensor_kamppi,2024-02-22 13:30:00,40.5,0.15,271.1
sensor_pasila,2024-02-22 13:30:00,54.1,0.119,251.3
sensor_kallio,2024-02-22 14:00:00,59.4,0.113,245.5
sensor_kamppi,2024-02-22 14:00:00,56.5,0.077,285.6
sensor_pasila,2024-02-22 14:00:00,50.4,0.128,281.2
sensor_kallio,2024-02-22 14:30:00,55.9,0.102,249.0
sensor_kamppi,2024-02-22 14:30:00,49.0,0.111,284.7
sensor_pasila,2024-02-22 14:30:00,54.1,0.046,275.5
sensor_kallio,2024-02-22 15:00:00,55.2,0.086,281.1
sensor_kamppi,2024-02-22 15:00:00,43.8,0.094,335.3
sensor_pasila,2024-02-22 15:00:00,52.4,0.083,292.4
sensor_kallio,2024-02-22 15:30:00,42.9,0.14,308.1
sensor_kamppi,2024-02-22 15:30:00,50.5,0.099,359.1
sensor_pasila,2024-02-22 15:30:00,57.4,0.092,293.8
sensor_kallio,2024-02-22 16:00:00,54.3,0.121,373.8
sensor_kamppi,2024-02-22 16:00:00,66.7,0.077,379.8
sensor_pasila,2024-02-22 16:00:00,77.5,0.062,373.4
sensor_kallio,2024-02-22 16:30:00,79.2,0.115,368.0
sensor_kamppi,2024-02-22 16:30:00,56.2,0.129,349.6
sensor_pasila,2024-02-22 16:30:00,73.8,0.097,402.6
sensor_kallio,2024-02-22 17:00:00,56.8,0.107,442.9
sensor_kamppi,2024-02-22 17:00:00,76.9,0.086,395.4
sensor_pasila,2024-02-22 17:00:00,67.3,0.097,418.5
sensor_kallio,2024-02-22 17:30:00,59.4,0.13,402.9
sensor_kamppi,2024-02-22 17:30:00,68.2,0.108,401.9
sensor_pasila,2024-02-22 17:30:00,61.8,0.122,370.3
sensor_kallio,2024-02-22 18:00:00,73.9,0.101,444.2
sensor_kamppi,2024-02-22 18:00:00,54.4,0.064,418.8
sensor_pasila,2024-02-22 18:00:00,72.9,0.096,445.0
sensor_kallio,2024-02-22 18:30:00,66.1,0.121,453.8
sensor_kamppi,2024-02-22 18:30:00,69.7,0.131,450.5
sensor_pasila,2024-02-22 18:30:00,66.9,0.105,424.9
sensor_kallio,2024-02-22 19:00:00,37.1,0.138,447.0
sensor_kamppi,2024-02-22 19:00:00,47.6,0.092,460.5
sensor_pasila,2024-02-22 19:00:00,26.1,0.111,417.7
sensor_kallio,2024-02-22 19:30:00,34.9,0.068,419.7
sensor_kamppi,2024-02-22 19:30:00,43.8,0.105,468.7
sensor_pasila,2024-02-22 19:30:00,38.0,0.095,463.4
sensor_kallio,2024-02-22 20:00:00,38.6,0.119,414.8
sensor_kamppi,2024-02-22 20:00:00,18.2,0.125,401.4
sensor_pasila,2024-02-22 20:00:00,43.1,0.111,410.6
sensor_kallio,2024-02-22 20:30:00,29.0,0.17,398.8
sensor_kamppi,2024-02-22 20:30:00,38.9,0.092,391.9
sensor_pasila,2024-02-22 20:30:00,28.3,0.103,407.4
sensor_kallio,2024-02-22 21:00:00,36.8,0.089,332.0
sensor_kamppi,2024-02-22 21:00:00,13.6,0.078,379.9
sensor_pasila,2024-02-22 21:00:00,38.3,0.095,347.5
sensor_kallio,2024-02-22 21:30:00,32.8,0.126,379.9
sensor_kamppi,2024-02-22 21:30:00,32.9,0.095,353.3
sensor_pasila,2024-02-22 21:30:00,38.2,0.14,345.0
sensor_kallio,2024-02-22 22:00:00,27.6,0.122,280.5
sensor_kamppi,2024-02-22 22:00:00,17.2,0.136,335.4
sensor_pasila,2024-02-22 22:00:00,30.6,0.087,302.0
sensor_kallio,2024-02-22 22:30:00,25.6,0.049,298.9
sensor_kamppi,2024-02-22 22:30:00,25.5,0.16,315.0
sensor_pasila,2024-02-22 22:30:00,31.4,0.131,323.4
sensor_kallio,2024-02-22 23:00:00,21.0,0.086,286.5
sensor_kamppi,2024-02-22 23:00:00,31.0,0.053,319.3
sensor_pasila,2024-02-22 23:00:00,22.7,0.083,337.2
sensor_kallio,2024-02-22 23:30:00,33.6,0.061,278.3
sensor_kamppi,2024-02-22 23:30:00,34.2,0.111,277.6
sensor_pasila,2024-02-22 23:30:00,37.2,0.093,241.0
sensor_kallio,2024-02-23 00:00:00,30.4,0.167,313.3
sensor_kamppi,2024-02-23 00:00:00,46.3,0.096,309.3
sensor_pasila,2024-02-23 00:00:00,32.9,0.065,354.1
sensor_kallio,2024-02-23 00:30:00,26.3,0.109,285.0
sensor_kamppi,2024-02-23 00:30:00,24.5,0.148,295.7
sensor_pasila,2024-02-23 00:30:00,29.3,0.056,296.2
sensor_kallio,2024-02-23 01:00:00,36.4,0.065,246.7
sensor_kamppi,2024-02-23 01:00:00,37.7,0.089,254.9
sensor_pasila,2024-02-23 01:00:00,35.5,0.134,269.1
sensor_kallio,2024-02-23 01:30:00,31.3,0.109,275.0
sensor_kamppi,2024-02-23 01:30:00,26.2,0.129,275.9
sensor_pasila,2024-02-23 01:30:00,40.0,0.056,303.1
sensor_kallio,2024-02-23 02:00:00,38.8,0.113,249.7
sensor_kamppi,2024-02-23 02:00:00,35.0,0.108,287.1
sensor_pasila,2024-02-23 02:00:00,39.6,0.117,247.6
sensor_kallio,2024-02-23 02:30:00,32.3,0.101,262.0
sensor_kamppi,2024-02-23 02:30:00,31.4,0.134,235.8
sensor_pasila,2024-02-23 02:30:00,37.6,0.063,228.0
sensor_kallio,2024-02-23 03:00:00,34.3,0.125,276.0
sensor_kamppi,2024-02-23 03:00:00,24.4,0.123,262.9
sensor_pasila,2024-02-23 03:00:00,36.5,0.098,269.9
sensor_kallio,2024-02-23 03:30:00,40.4,0.098,229.5
sensor_kamppi,2024-02-23 03:30:00,39.9,0.123,277.5
sensor_pasila,2024-02-23 03:30:00,36.0,0.142,287.6
sensor_kallio,2024-02-23 04:00:00,34.9,0.15,285.1
sensor_kamppi,2024-02-23 04:00:00,58.9,0.094,316.9
sensor_pasila,2024-02-23 04:00:00,34.6,0.1,301.3
sensor_kallio,2024-02-23 04:30:00,56.1,0.132,302.6
sensor_kamppi,2024-02-23 04:30:00,45.4,0.072,302.6
sensor_pasila,2024-02-23 04:30:00,40.9,0.123,330.1
sensor_kallio,2024-02-23 05:00:00,42.8,0.196,363.9
sensor_kamppi,2024-02-23 05:00:00,47.5,0.158,333.1
sensor_pasila,2024-02-23 05:00:00,41.2,0.164,363.4
sensor_kallio,2024-02-23 05:30:00,44.9,0.102,327.2
sensor_kamppi,2024-02-23 05:30:00,48.3,0.168,365.8
sensor_pasila,2024-02-23 05:30:00,42.3,0.165,337.9
sensor_kallio,2024-02-23 06:00:00,33.3,0.34,398.6
sensor_kamppi,2024-02-23 06:00:00,32.5,0.286,411.8
sensor_pasila,2024-02-23 06:00:00,44.3,0.316,415.4
sensor_kallio,2024-02-23 06:30:00,47.9,0.289,428.0
sensor_kamppi,2024-02-23 06:30:00,28.6,0.286,424.2
sensor_pasila,2024-02-23 06:30:00,42.5,0.3,421.0
sensor_kallio,2024-02-23 07:00:00,65.1,0.606,376.0
sensor_kamppi,2024-02-23 07:00:00,77.8,0.605,436.8
sensor_pasila,2024-02-23 07:00:00,76.3,0.604,449.9
sensor_kallio,2024-02-23 07:30:00,74.0,0.605,413.8
sensor_kamppi,2024-02-23 07:30:00,64.5,0.584,443.3
sensor_pasila,2024-02-23 07:30:00,63.9,0.601,436.9
sensor_kallio,2024-02-23 08:00:00,66.4,0.772,461.3
sensor_kamppi,2024-02-23 08:00:00,79.4,0.737,425.5
sensor_pasila,2024-02-23 08:00:00,71.2,0.726,409.2
sensor_kallio,2024-02-23 08:30:00,76.2,0.793,436.7
sensor_kamppi,2024-02-23 08:30:00,80.8,0.786,431.3
sensor_pasila,2024-02-23 08:30:00,77.4,0.785,466.8
sensor_kallio,2024-02-23 09:00:00,69.4,0.617,404.1
sensor_kamppi,2024-02-23 09:00:00,88.8,0.555,406.9
sensor_pasila,2024-02-23 09:00:00,81.6,0.579,404.8
sensor_kallio,2024-02-23 09:30:00,68.3,0.537,379.0
sensor_kamppi,2024-02-23 09:30:00,78.6,0.608,414.6
sensor_pasila,2024-02-23 09:30:00,69.5,0.6,407.1
sensor_kallio,2024-02-23 10:00:00,55.4,0.376,348.8
sensor_kamppi,2024-02-23 10:00:00,44.5,0.331,349.5
sensor_pasila,2024-02-23 10:00:00,57.6,0.311,353.9
sensor_kallio,2024-02-23 10:30:00,64.6,0.316,343.5
sensor_kamppi,2024-02-23 10:30:00,54.6,0.284,352.4
sensor_pasila,2024-02-23 10:30:00,61.7,0.313,388.0
sensor_kallio,2024-02-23 11:00:00,67.4,0.11,285.2
sensor_kamppi,2024-02-23 11:00:00,30.3,0.117,320.3
sensor_pasila,2024-02-23 11:00:00,52.4,0.15,321.2
sensor_kallio,2024-02-23 11:30:00,61.1,0.17,298.6
sensor_kamppi,2024-02-23 11:30:00,66.4,0.182,315.8
sensor_pasila,2024-02-23 11:30:00,55.8,0.137,294.4
sensor_kallio,2024-02-23 12:00:00,46.8,0.097,301.0
sensor_kamppi,2024-02-23 12:00:00,60.8,0.121,276.4
sensor_pasila,2024-02-23 12:00:00,55.8,0.112,247.5
sensor_kallio,2024-02-23 12:30:00,54.8,0.112,270.5
sensor_kamppi,2024-02-23 12:30:00,45.7,0.081,256.2
sensor_pasila,2024-02-23 12:30:00,55.6,0.119,282.5
sensor_kallio,2024-02-23 13:00:00,43.7,0.104,251.4
sensor_kamppi,2024-02-23 13:00:00,50.4,0.136,286.2
sensor_pasila,2024-02-23 13:00:00,48.3,0.098,237.4
sensor_kallio,2024-02-23 13:30:00,51.8,0.111,253.6
sensor_kamppi,2024-02-23 13:30:00,51.1,0.117,256.4
sensor_pasila,2024-02-23 13:30:00,53.4,0.149,264.0
sensor_kallio,2024-02-23 14:00:00,44.4,0.108,294.2
sensor_kamppi,2024-02-23 14:00:00,43.4,0.036,262.2
sensor_pasila,2024-02-23 14:00:00,52.7,0.118,268.0
sensor_kallio,2024-02-23 14:30:00,46.0,0.098,290.8
sensor_kamppi,2024-02-23 14:30:00,44.1,0.07,252.4
sensor_pasila,2024-02-23 14:30:00,55.2,0.124,288.8
sensor_kallio,2024-02-23 15:00:00,58.8,0.089,334.6
sensor_kamppi,2024-02-23 15:00:00,56.9,0.114,340.1
sensor_pasila,2024-02-23 15:00:00,42.5,0.12,324.7
sensor_kallio,2024-02-23 15:30:00,43.7,0.109,334.8
sensor_kamppi,2024-02-23 15:30:00,52.4,0.103,304.9
sensor_pasila,2024-02-23 15:30:00,58.0,0.121,278.0
sensor_kallio,2024-02-23 16:00:00,73.9,0.127,356.3
sensor_kamppi,2024-02-23 16:00:00,80.3,0.141,331.4
sensor_pasila,2024-02-23 16:00:00,73.4,0.079,369.9
sensor_kallio,2024-02-23 16:30:00,62.5,0.126,361.2
sensor_kamppi,2024-02-23 16:30:00,55.7,0.163,381.5
sensor_pasila,2024-02-23 16:30:00,67.0,0.123,336.2
sensor_kallio,2024-02-23 17:00:00,62.4,0.146,367.0
sensor_kamppi,2024-02-23 17:00:00,49.0,0.098,430.1
sensor_pasila,2024-02-23 17:00:00,65.6,0.13,427.3
sensor_kallio,2024-02-23 17:30:00,78.0,0.058,393.9
sensor_kamppi,2024-02-23 17:30:00,68.0,0.095,399.5
sensor_pasila,2024-02-23 17:30:00,68.5,0.131,409.3
sensor_kallio,2024-02-23 18:00:00,70.1,0.128,424.8
sensor_kamppi,2024-02-23 18:00:00,74.8,0.093,444.7
sensor_pasila,2024-02-23 18:00:00,64.6,0.091,427.2
sensor_kallio,2024-02-23 18:30:00,65.6,0.07,443.1
sensor_kamppi,2024-02-23 18:30:00,50.4,0.102,438.4
sensor_pasila,2024-02-23 18:30:00,68.3,0.132,439.3
sensor_kallio,2024-02-23 19:00:00,36.9,0.077,465.1
sensor_kamppi,2024-02-23 19:00:00,22.0,0.135,447.9
sensor_pasila,2024-02-23 19:00:00,32.8,0.157,412.5
sensor_kallio,2024-02-23 19:30:00,23.5,0.121,468.7
sensor_kamppi,2024-02-23 19:30:00,32.9,0.134,398.8
sensor_pasila,2024-02-23 19:30:00,32.9,0.143,424.0
sensor_kallio,2024-02-23 20:00:00,33.4,0.097,454.0
sensor_kamppi,2024-02-23 20:00:00,19.3,0.094,386.6
sensor_pasila,2024-02-23 20:00:00,37.0,0.08,419.5
sensor_kallio,2024-02-23 20:30:00,29.1,0.081,390.2
sensor_kamppi,2024-02-23 20:30:00,37.7,0.142,399.9
sensor_pasila,2024-02-23 20:30:00,33.1,0.057,417.4
sensor_kallio,2024-02-23 21:00:00,50.8,0.071,371.2
sensor_kamppi,2024-02-23 21:00:00,37.5,0.054,373.0
sensor_pasila,2024-02-23 21:00:00,32.6,0.108,333.5
sensor_kallio,2024-02-23 21:30:00,27.1,0.081,391.0
sensor_kamppi,2024-02-23 21:30:00,23.6,0.119,361.6
sensor_pasila,2024-02-23 21:30:00,30.8,0.114,388.6
sensor_kallio,2024-02-23 22:00:00,23.9,0.049,318.9
sensor_kamppi,2024-02-23 22:00:00,12.6,0.097,312.0
sensor_pasila,2024-02-23 22:00:00,32.9,0.107,314.3
sensor_kallio,2024-02-23 22:30:00,26.5,0.125,276.7
sensor_kamppi,2024-02-23 22:30:00,42.8,0.07,287.7
sensor_pasila,2024-02-23 22:30:00,29.7,0.097,330.9
sensor_kallio,2024-02-23 23:00:00,29.6,0.178,259.4
sensor_kamppi,2024-02-23 23:00:00,28.2,0.101,251.5
sensor_pasila,2024-02-23 23:00:00,23.8,0.112,307.4
sensor_kallio,2024-02-23 23:30:00,31.8,0.141,320.1
sensor_kamppi,2024-02-23 23:30:00,20.1,0.092,267.8
sensor_pasila,2024-02-23 23:30:00,23.0,0.09,253.9
sensor_kallio,2024-02-24 00:00:00,36.4,0.066,310.3
sensor_kamppi,2024-02-24 00:00:00,52.7,0.147,285.2
sensor_pasila,2024-02-24 00:00:00,29.5,0.096,355.7
sensor_kallio,2024-02-24 00:30:00,29.0,0.091,342.3
sensor_kamppi,2024-02-24 00:30:00,49.4,0.119,328.2
sensor_pasila,2024-02-24 00:30:00,35.9,0.101,302.4
sensor_kallio,2024-02-24 01:00:00,27.1,0.092,300.1
sensor_kamppi,2024-02-24 01:00:00,36.1,0.101,271.9
sensor_pasila,2024-02-24 01:00:00,35.1,0.117,254.8
sensor_kallio,2024-02-24 01:30:00,36.6,0.109,248.5
sensor_kamppi,2024-02-24 01:30:00,25.9,0.056,310.6
sensor_pasila,2024-02-24 01:30:00,35.4,0.108,296.3
sensor_kallio,2024-02-24 02:00:00,23.5,0.097,257.3
sensor_kamppi,2024-02-24 02:00:00,30.8,0.1,265.5
sensor_pasila,2024-02-24 02:00:00,32.7,0.123,276.8
sensor_kallio,2024-02-24 02:30:00,36.3,0.121,246.7
sensor_kamppi,2024-02-24 02:30:00,26.2,0.048,268.3
sensor_pasila,2024-02-24 02:30:00,40.1,0.129,272.5
sensor_kallio,2024-02-24 03:00:00,37.2,0.126,262.4
sensor_kamppi,2024-02-24 03:00:00,46.7,0.114,298.9
sensor_pasila,2024-02-24 03:00:00,47.3,0.106,255.0
sensor_kallio,2024-02-24 03:30:00,35.4,0.098,281.9
sensor_kamppi,2024-02-24 03:30:00,41.9,0.073,271.8
sensor_pasila,2024-02-24 03:30:00,38.2,0.108,270.0
sensor_kallio,2024-02-24 04:00:00,48.4,0.072,300.0
sensor_kamppi,2024-02-24 04:00:00,30.4,0.069,292.1
sensor_pasila,2024-02-24 04:00:00,36.8,0.09,304.8
sensor_kallio,2024-02-24 04:30:00,31.7,0.134,326.2
sensor_kamppi,2024-02-24 04:30:00,17.3,0.16,290.4
sensor_pasila,2024-02-24 04:30:00,38.3,0.139,324.5
sensor_kallio,2024-02-24 05:00:00,45.2,0.119,341.7
sensor_kamppi,2024-02-24 05:00:00,54.8,0.101,358.0
sensor_pasila,2024-02-24 05:00:00,43.0,0.155,383.7
sensor_kallio,2024-02-24 05:30:00,33.9,0.163,348.4
sensor_kamppi,2024-02-24 05:30:00,48.8,0.143,368.9
sensor_pasila,2024-02-24 05:30:00,46.4,0.107,355.5
sensor_kallio,2024-02-24 06:00:00,38.5,0.314,419.9
sensor_kamppi,2024-02-24 06:00:00,52.9,0.284,419.7
sensor_pasila,2024-02-24 06:00:00,45.2,0.343,411.7
sensor_kallio,2024-02-24 06:30:00,36.8,0.293,428.0
sensor_kamppi,2024-02-24 06:30:00,42.7,0.288,434.3
sensor_pasila,2024-02-24 06:30:00,40.8,0.294,413.7
sensor_kallio,2024-02-24 07:00:00,44.4,0.55,434.0
sensor_kamppi,2024-02-24 07:00:00,58.5,0.545,428.2
sensor_pasila,2024-02-24 07:00:00,50.4,0.637,436.7
sensor_kallio,2024-02-24 07:30:00,47.2,0.59,418.6
sensor_kamppi,2024-02-24 07:30:00,58.3,0.63,450.8
sensor_pasila,2024-02-24 07:30:00,55.5,0.549,447.2
sensor_kallio,2024-02-24 08:00:00,47.3,0.732,453.8
sensor_kamppi,2024-02-24 08:00:00,54.6,0.749,429.2
sensor_pasila,2024-02-24 08:00:00,46.1,0.805,424.7
sensor_kallio,2024-02-24 08:30:00,54.8,0.767,445.5
sensor_kamppi,2024-02-24 08:30:00,54.2,0.718,452.6
sensor_pasila,2024-02-24 08:30:00,60.8,0.712,430.7
sensor_kallio,2024-02-24 09:00:00,38.0,0.595,424.2
sensor_kamppi,2024-02-24 09:00:00,40.5,0.586,394.4
sensor_pasila,2024-02-24 09:00:00,58.8,0.54,442.4
sensor_kallio,2024-02-24 09:30:00,48.6,0.517,417.2
sensor_kamppi,2024-02-24 09:30:00,57.1,0.579,425.7
sensor_pasila,2024-02-24 09:30:00,48.3,0.594,416.7
sensor_kallio,2024-02-24 10:00:00,52.5,0.256,373.7
sensor_kamppi,2024-02-24 10:00:00,50.4,0.301,355.0
sensor_pasila,2024-02-24 10:00:00,51.6,0.303,395.5
sensor_kallio,2024-02-24 10:30:00,59.4,0.294,346.1
sensor_kamppi,2024-02-24 10:30:00,58.8,0.341,320.2
sensor_pasila,2024-02-24 10:30:00,54.3,0.326,357.8
sensor_kallio,2024-02-24 11:00:00,46.6,0.096,303.4
sensor_kamppi,2024-02-24 11:00:00,43.8,0.096,317.6
sensor_pasila,2024-02-24 11:00:00,58.4,0.1,349.6
sensor_kallio,2024-02-24 11:30:00,44.7,0.128,287.4
sensor_kamppi,2024-02-24 11:30:00,44.4,0.15,305.9
sensor_pasila,2024-02-24 11:30:00,48.8,0.15,291.1
sensor_kallio,2024-02-24 12:00:00,48.0,0.113,247.4
sensor_kamppi,2024-02-24 12:00:00,43.6,0.063,299.8
sensor_pasila,2024-02-24 12:00:00,56.5,0.155,299.9
sensor_kallio,2024-02-24 12:30:00,54.6,0.094,281.3
sensor_kamppi,2024-02-24 12:30:00,57.2,0.084,291.8
sensor_pasila,2024-02-24 12:30:00,59.3,0.094,255.1
sensor_kallio,2024-02-24 13:00:00,54.2,0.059,270.2
sensor_kamppi,2024-02-24 13:00:00,50.7,0.121,235.6
sensor_pasila,2024-02-24 13:00:00,52.6,0.078,255.7
sensor_kallio,2024-02-24 13:30:00,51.6,0.146,262.1
sensor_kamppi,2024-02-24 13:30:00,45.0,0.103,267.4
sensor_pasila,2024-02-24 13:30:00,53.2,0.058,259.3
sensor_kallio,2024-02-24 14:00:00,62.0,0.143,256.7
sensor_kamppi,2024-02-24 14:00:00,65.0,0.109,276.8
sensor_pasila,2024-02-24 14:00:00,47.7,0.036,268.1
sensor_kallio,2024-02-24 14:30:00,51.3,0.13,276.6
sensor_kamppi,2024-02-24 14:30:00,35.7,0.082,253.7
sensor_pasila,2024-02-24 14:30:00,42.0,0.134,257.9
sensor_kallio,2024-02-24 15:00:00,58.3,0.049,316.3
sensor_kamppi,2024-02-24 15:00:00,56.4,0.053,309.7
sensor_pasila,2024-02-24 15:00:00,41.3,0.149,303.5
sensor_kallio,2024-02-24 15:30:00,46.0,0.069,301.5
sensor_kamppi,2024-02-24 15:30:00,54.4,0.112,313.2
sensor_pasila,2024-02-24 15:30:00,58.6,0.069,310.5
sensor_kallio,2024-02-24 16:00:00,35.9,0.056,355.5
sensor_kamppi,2024-02-24 16:00:00,38.4,0.134,395.9
sensor_pasila,2024-02-24 16:00:00,58.7,0.153,351.0
sensor_kallio,2024-02-24 16:30:00,45.2,0.083,344.4
sensor_kamppi,2024-02-24 16:30:00,52.4,0.129,352.7
sensor_pasila,2024-02-24 16:30:00,50.9,0.095,403.7
sensor_kallio,2024-02-24 17:00:00,59.1,0.048,398.1
sensor_kamppi,2024-02-24 17:00:00,42.1,0.155,409.2
sensor_pasila,2024-02-24 17:00:00,39.0,0.055,406.3
sensor_kallio,2024-02-24 17:30:00,40.8,0.093,412.6
sensor_kamppi,2024-02-24 17:30:00,36.5,0.147,412.9
sensor_pasila,2024-02-24 17:30:00,37.7,0.067,395.0
sensor_kallio,2024-02-24 18:00:00,36.4,0.117,461.8
sensor_kamppi,2024-02-24 18:00:00,54.9,0.065,453.3
sensor_pasila,2024-02-24 18:00:00,37.6,0.039,431.9
sensor_kallio,2024-02-24 18:30:00,34.5,0.106,478.9
sensor_kamppi,2024-02-24 18:30:00,51.2,0.046,413.1
sensor_pasila,2024-02-24 18:30:00,44.3,0.11,424.7
sensor_kallio,2024-02-24 19:00:00,51.2,0.105,441.5
sensor_kamppi,2024-02-24 19:00:00,37.0,0.153,448.3
sensor_pasila,2024-02-24 19:00:00,34.4,0.094,427.1
sensor_kallio,2024-02-24 19:30:00,37.2,0.171,437.4
sensor_kamppi,2024-02-24 19:30:00,43.5,0.071,459.8
sensor_pasila,2024-02-24 19:30:00,37.7,0.122,434.7
sensor_kallio,2024-02-24 20:00:00,31.7,0.077,387.6
sensor_kamppi,2024-02-24 20:00:00,51.3,0.085,401.2
sensor_pasila,2024-02-24 20:00:00,30.7,0.062,414.2
sensor_kallio,2024-02-24 20:30:00,49.3,0.088,381.3
sensor_kamppi,2024-02-24 20:30:00,29.8,0.106,411.1
sensor_pasila,2024-02-24 20:30:00,28.6,0.058,402.5
sensor_kallio,2024-02-24 21:00:00,18.9,0.096,368.9
sensor_kamppi,2024-02-24 21:00:00,35.8,0.076,343.8
sensor_pasila,2024-02-24 21:00:00,23.2,0.17,363.1
sensor_kallio,2024-02-24 21:30:00,25.7,0.055,369.9
sensor_kamppi,2024-02-24 21:30:00,31.2,0.133,380.4
sensor_pasila,2024-02-24 21:30:00,31.7,0.098,354.3
sensor_kallio,2024-02-24 22:00:00,42.0,0.02,329.2
sensor_kamppi,2024-02-24 22:00:00,32.5,0.08,307.1
sensor_pasila,2024-02-24 22:00:00,31.1,0.078,325.0
sensor_kallio,2024-02-24 22:30:00,24.7,0.137,299.6
sensor_kamppi,2024-02-24 22:30:00,24.3,0.083,327.5
sensor_pasila,2024-02-24 22:30:00,35.3,0.15,308.6
sensor_kallio,2024-02-24 23:00:00,34.7,0.124,280.3
sensor_kamppi,2024-02-24 23:00:00,66.2,0.097,253.8
sensor_pasila,2024-02-24 23:00:00,37.9,0.109,253.3
sensor_kallio,2024-02-24 23:30:00,34.5,0.04,277.7
sensor_kamppi,2024-02-24 23:30:00,18.6,0.098,279.5
sensor_pasila,2024-02-24 23:30:00,28.1,0.046,265.4
sensor_kallio,2024-02-25 00:00:00,33.7,0.167,288.9
sensor_kamppi,2024-02-25 00:00:00,35.4,0.086,295.0
sensor_pasila,2024-02-25 00:00:00,36.6,0.123,336.5
sensor_kallio,2024-02-25 00:30:00,22.0,0.136,349.8
sensor_kamppi,2024-02-25 00:30:00,33.2,0.116,292.1
sensor_pasila,2024-02-25 00:30:00,32.8,0.054,308.4
sensor_kallio,2024-02-25 01:00:00,42.4,0.103,282.2
sensor_kamppi,2024-02-25 01:00:00,45.1,0.126,282.7
sensor_pasila,2024-02-25 01:00:00,32.9,0.083,245.2
sensor_kallio,2024-02-25 01:30:00,28.5,0.079,244.2
sensor_kamppi,2024-02-25 01:30:00,32.0,0.1,265.6
sensor_pasila,2024-02-25 01:30:00,38.0,0.114,248.3
sensor_kallio,2024-02-25 02:00:00,38.4,0.116,241.6
sensor_kamppi,2024-02-25 02:00:00,25.6,0.115,272.4
sensor_pasila,2024-02-25 02:00:00,28.9,0.079,250.7
sensor_kallio,2024-02-25 02:30:00,42.0,0.115,281.6
sensor_kamppi,2024-02-25 02:30:00,45.4,0.091,239.4
sensor_pasila,2024-02-25 02:30:00,43.9,0.162,234.7
sensor_kallio,2024-02-25 03:00:00,32.9,0.15,309.9
sensor_kamppi,2024-02-25 03:00:00,51.4,0.074,287.4
sensor_pasila,2024-02-25 03:00:00,30.3,0.081,282.9
sensor_kallio,2024-02-25 03:30:00,34.9,0.158,261.9
sensor_kamppi,2024-02-25 03:30:00,42.3,0.08,293.0
sensor_pasila,2024-02-25 03:30:00,39.4,0.113,277.2
sensor_kallio,2024-02-25 04:00:00,47.4,0.1,350.6
sensor_kamppi,2024-02-25 04:00:00,43.9,0.1,315.8
sensor_pasila,2024-02-25 04:00:00,38.3,0.087,307.3
sensor_kallio,2024-02-25 04:30:00,49.7,0.136,355.3
sensor_kamppi,2024-02-25 04:30:00,19.5,0.082,298.1
sensor_pasila,2024-02-25 04:30:00,43.4,0.127,315.7
sensor_kallio,2024-02-25 05:00:00,45.8,0.147,365.4
sensor_kamppi,2024-02-25 05:00:00,46.8,0.143,350.6
sensor_pasila,2024-02-25 05:00:00,40.8,0.137,324.0
sensor_kallio,2024-02-25 05:30:00,41.4,0.169,365.6
sensor_kamppi,2024-02-25 05:30:00,18.3,0.111,338.6
sensor_pasila,2024-02-25 05:30:00,46.2,0.09,416.4
sensor_kallio,2024-02-25 06:00:00,52.3,0.349,397.1
sensor_kamppi,2024-02-25 06:00:00,48.9,0.327,426.0
sensor_pasila,2024-02-25 06:00:00,37.3,0.341,457.7
sensor_kallio,2024-02-25 06:30:00,46.6,0.295,405.5
sensor_kamppi,2024-02-25 06:30:00,50.2,0.317,417.8
sensor_pasila,2024-02-25 06:30:00,49.5,0.295,398.0
sensor_kallio,2024-02-25 07:00:00,45.3,0.546,421.6
sensor_kamppi,2024-02-25 07:00:00,56.5,0.595,408.9
sensor_pasila,2024-02-25 07:00:00,55.7,0.582,417.1
sensor_kallio,2024-02-25 07:30:00,60.9,0.564,402.6
sensor_kamppi,2024-02-25 07:30:00,48.7,0.558,484.4
sensor_pasila,2024-02-25 07:30:00,43.8,0.563,451.5
sensor_kallio,2024-02-25 08:00:00,51.9,0.715,454.9
sensor_kamppi,2024-02-25 08:00:00,53.5,0.793,416.2
sensor_pasila,2024-02-25 08:00:00,47.7,0.769,449.4
sensor_kallio,2024-02-25 08:30:00,48.7,0.745,442.8
sensor_kamppi,2024-02-25 08:30:00,42.7,0.772,412.7
sensor_pasila,2024-02-25 08:30:00,48.6,0.762,419.5
sensor_kallio,2024-02-25 09:00:00,55.7,0.569,408.3
sensor_kamppi,2024-02-25 09:00:00,44.5,0.592,424.5
sensor_pasila,2024-02-25 09:00:00,52.2,0.562,425.9
sensor_kallio,2024-02-25 09:30:00,50.0,0.553,402.4
sensor_kamppi,2024-02-25 09:30:00,58.0,0.61,387.3
sensor_pasila,2024-02-25 09:30:00,52.6,0.564,419.2
sensor_kallio,2024-02-25 10:00:00,52.0,0.315,385.4
sensor_kamppi,2024-02-25 10:00:00,39.6,0.263,366.1
sensor_pasila,2024-02-25 10:00:00,59.5,0.3,350.4
sensor_kallio,2024-02-25 10:30:00,50.3,0.305,333.3
sensor_kamppi,2024-02-25 10:30:00,55.4,0.258,369.4
sensor_pasila,2024-02-25 10:30:00,62.8,0.299,376.9
sensor_kallio,2024-02-25 11:00:00,61.3,0.14,296.3
sensor_kamppi,2024-02-25 11:00:00,48.8,0.118,307.0
sensor_pasila,2024-02-25 11:00:00,54.7,0.092,308.2
sensor_kallio,2024-02-25 11:30:00,56.2,0.153,311.0
sensor_kamppi,2024-02-25 11:30:00,57.6,0.167,279.6
sensor_pasila,2024-02-25 11:30:00,55.8,0.178,312.3
sensor_kallio,2024-02-25 12:00:00,50.6,0.172,274.2
sensor_kamppi,2024-02-25 12:00:00,36.8,0.063,259.8
sensor_pasila,2024-02-25 12:00:00,43.1,0.128,261.4
sensor_kallio,2024-02-25 12:30:00,53.8,0.131,269.4
sensor_kamppi,2024-02-25 12:30:00,38.6,0.055,246.1
sensor_pasila,2024-02-25 12:30:00,42.1,0.144,273.2
sensor_kallio,2024-02-25 13:00:00,59.6,0.106,226.0
sensor_kamppi,2024-02-25 13:00:00,79.4,0.107,261.6
sensor_pasila,2024-02-25 13:00:00,57.6,0.135,320.5
sensor_kallio,2024-02-25 13:30:00,53.1,0.119,259.9
sensor_kamppi,2024-02-25 13:30:00,44.4,0.091,235.0
sensor_pasila,2024-02-25 13:30:00,61.0,0.122,275.1
sensor_kallio,2024-02-25 14:00:00,49.5,0.145,265.6
sensor_kamppi,2024-02-25 14:00:00,44.1,0.106,295.4
sensor_pasila,2024-02-25 14:00:00,55.8,0.061,286.0
sensor_kallio,2024-02-25 14:30:00,62.1,0.098,263.4
sensor_kamppi,2024-02-25 14:30:00,59.6,0.134,258.2
sensor_pasila,2024-02-25 14:30:00,48.6,0.121,257.6
sensor_kallio,2024-02-25 15:00:00,51.1,0.131,308.9
sensor_kamppi,2024-02-25 15:00:00,60.6,0.116,294.7
sensor_pasila,2024-02-25 15:00:00,51.0,0.141,316.2
sensor_kallio,2024-02-25 15:30:00,49.5,0.086,322.0
sensor_kamppi,2024-02-25 15:30:00,53.6,0.144,301.4
sensor_pasila,2024-02-25 15:30:00,51.4,0.122,306.8
sensor_kallio,2024-02-25 16:00:00,45.9,0.02,373.1
sensor_kamppi,2024-02-25 16:00:00,27.3,0.072,343.1
sensor_pasila,2024-02-25 16:00:00,44.2,0.111,339.0
sensor_kallio,2024-02-25 16:30:00,31.4,0.084,377.6
sensor_kamppi,2024-02-25 16:30:00,45.4,0.079,357.1
sensor_pasila,2024-02-25 16:30:00,45.5,0.102,351.2
sensor_kallio,2024-02-25 17:00:00,47.3,0.153,397.1
sensor_kamppi,2024-02-25 17:00:00,45.4,0.072,415.6
sensor_pasila,2024-02-25 17:00:00,44.8,0.1,423.5
sensor_kallio,2024-02-25 17:30:00,45.2,0.024,416.4
sensor_kamppi,2024-02-25 17:30:00,38.7,0.05,408.0
sensor_pasila,2024-02-25 17:30:00,33.5,0.099,417.8
sensor_kallio,2024-02-25 18:00:00,38.9,0.093,435.8
sensor_kamppi,2024-02-25 18:00:00,43.9,0.143,431.9
sensor_pasila,2024-02-25 18:00:00,38.2,0.103,431.3
sensor_kallio,2024-02-25 18:30:00,37.2,0.089,432.7
sensor_kamppi,2024-02-25 18:30:00,42.6,0.081,440.0
sensor_pasila,2024-02-25 18:30:00,35.4,0.08,424.1
sensor_kallio,2024-02-25 19:00:00,46.3,0.122,452.4
sensor_kamppi,2024-02-25 19:00:00,32.9,0.126,439.9
sensor_pasila,2024-02-25 19:00:00,31.0,0.073,459.4
sensor_kallio,2024-02-25 19:30:00,46.1,0.14,420.3
sensor_kamppi,2024-02-25 19:30:00,29.7,0.111,452.4
sensor_pasila,2024-02-25 19:30:00,24.5,0.12,432.2
sensor_kallio,2024-02-25 20:00:00,36.1,0.045,383.6
sensor_kamppi,2024-02-25 20:00:00,31.0,0.125,404.0
sensor_pasila,2024-02-25 20:00:00,27.0,0.158,392.7
sensor_kallio,2024-02-25 20:30:00,25.0,0.127,415.3
sensor_kamppi,2024-02-25 20:30:00,37.6,0.072,382.2
sensor_pasila,2024-02-25 20:30:00,40.9,0.111,418.4
sensor_kallio,2024-02-25 21:00:00,31.0,0.086,361.2
sensor_kamppi,2024-02-25 21:00:00,42.9,0.103,340.5
sensor_pasila,2024-02-25 21:00:00,24.9,0.109,391.3
sensor_kallio,2024-02-25 21:30:00,36.0,0.098,366.2
sensor_kamppi,2024-02-25 21:30:00,29.9,0.123,381.2
sensor_pasila,2024-02-25 21:30:00,27.9,0.089,334.1
sensor_kallio,2024-02-25 22:00:00,30.5,0.162,280.3
sensor_kamppi,2024-02-25 22:00:00,46.4,0.107,314.0
sensor_pasila,2024-02-25 22:00:00,28.7,0.086,334.0
sensor_kallio,2024-02-25 22:30:00,29.5,0.132,330.7
sensor_kamppi,2024-02-25 22:30:00,26.0,0.128,307.2
sensor_pasila,2024-02-25 22:30:00,28.2,0.084,291.3
sensor_kallio,2024-02-25 23:00:00,40.6,0.146,307.7
sensor_kamppi,2024-02-25 23:00:00,25.5,0.118,265.0
sensor_pasila,2024-02-25 23:00:00,31.3,0.112,245.1
sensor_kallio,2024-02-25 23:30:00,34.7,0.109,275.8
sensor_kamppi,2024-02-25 23:30:00,22.8,0.1,263.9
sensor_pasila,2024-02-25 23:30:00,28.0,0.081,264.1
sensor_kallio,2024-02-26 00:00:00,27.9,0.095,305.0
sensor_kamppi,2024-02-26 00:00:00,36.7,0.05,319.7
sensor_pasila,2024-02-26 00:00:00,31.3,0.105,326.9
sensor_kallio,2024-02-26 00:30:00,36.8,0.099,311.5
sensor_kamppi,2024-02-26 00:30:00,24.7,0.078,288.2
sensor_pasila,2024-02-26 00:30:00,26.5,0.096,292.0
sensor_kallio,2024-02-26 01:00:00,33.4,0.122,271.3
sensor_kamppi,2024-02-26 01:00:00,32.9,0.103,272.3
sensor_pasila,2024-02-26 01:00:00,32.4,0.071,277.7
sensor_kallio,2024-02-26 01:30:00,26.7,0.059,273.4
sensor_kamppi,2024-02-26 01:30:00,44.1,0.068,265.7
sensor_pasila,2024-02-26 01:30:00,35.9,0.138,281.6
sensor_kallio,2024-02-26 02:00:00,25.8,0.099,246.3
sensor_kamppi,2024-02-26 02:00:00,38.0,0.104,242.3
sensor_pasila,2024-02-26 02:00:00,27.2,0.071,263.6
sensor_kallio,2024-02-26 02:30:00,40.4,0.083,230.0
sensor_kamppi,2024-02-26 02:30:00,32.4,0.111,255.3
sensor_pasila,2024-02-26 02:30:00,30.8,0.109,233.8
sensor_kallio,2024-02-26 03:00:00,38.3,0.107,273.5
sensor_kamppi,2024-02-26 03:00:00,48.6,0.113,281.5
sensor_pasila,2024-02-26 03:00:00,43.9,0.115,284.6
sensor_kallio,2024-02-26 03:30:00,39.1,0.091,278.9
sensor_kamppi,2024-02-26 03:30:00,33.9,0.116,292.6
sensor_pasila,2024-02-26 03:30:00,39.6,0.073,266.9
sensor_kallio,2024-02-26 04:00:00,39.0,0.113,298.6
sensor_kamppi,2024-02-26 04:00:00,36.8,0.098,270.2
sensor_pasila,2024-02-26 04:00:00,36.0,0.073,306.5
sensor_kallio,2024-02-26 04:30:00,29.1,0.116,349.0
sensor_kamppi,2024-02-26 04:30:00,39.9,0.144,307.0
sensor_pasila,2024-02-26 04:30:00,37.1,0.137,302.6
sensor_kallio,2024-02-26 05:00:00,42.2,0.175,395.1
sensor_kamppi,2024-02-26 05:00:00,43.3,0.124,352.6
sensor_pasila,2024-02-26 05:00:00,36.3,0.148,366.1
sensor_kallio,2024-02-26 05:30:00,42.4,0.161,373.1
sensor_kamppi,2024-02-26 05:30:00,38.4,0.094,405.2
sensor_pasila,2024-02-26 05:30:00,39.7,0.115,367.7
sensor_kallio,2024-02-26 06:00:00,44.3,0.327,418.4
sensor_kamppi,2024-02-26 06:00:00,28.0,0.272,375.0
sensor_pasila,2024-02-26 06:00:00,43.8,0.316,384.9
sensor_kallio,2024-02-26 06:30:00,47.3,0.312,413.3
sensor_kamppi,2024-02-26 06:30:00,48.4,0.25,382.8
sensor_pasila,2024-02-26 06:30:00,38.9,0.291,423.2
sensor_kallio,2024-02-26 07:00:00,66.8,0.614,448.9
sensor_kamppi,2024-02-26 07:00:00,80.8,0.554,467.9
sensor_pasila,2024-02-26 07:00:00,68.6,0.564,421.6
sensor_kallio,2024-02-26 07:30:00,73.0,0.541,446.4
sensor_kamppi,2024-02-26 07:30:00,85.5,0.617,415.6
sensor_pasila,2024-02-26 07:30:00,73.0,0.603,452.7
sensor_kallio,2024-02-26 08:00:00,69.4,0.735,449.8
sensor_kamppi,2024-02-26 08:00:00,83.1,0.782,396.4
sensor_pasila,2024-02-26 08:00:00,72.2,0.758,455.1
sensor_kallio,2024-02-26 08:30:00,76.5,0.754,445.1
sensor_kamppi,2024-02-26 08:30:00,56.7,0.734,420.0
sensor_pasila,2024-02-26 08:30:00,76.1,0.768,435.8
sensor_kallio,2024-02-26 09:00:00,84.2,0.619,439.0
sensor_kamppi,2024-02-26 09:00:00,70.0,0.576,427.6
sensor_pasila,2024-02-26 09:00:00,81.2,0.594,393.4
sensor_kallio,2024-02-26 09:30:00,81.7,0.563,409.1
sensor_kamppi,2024-02-26 09:30:00,79.0,0.608,405.3
sensor_pasila,2024-02-26 09:30:00,75.6,0.533,417.9
sensor_kallio,2024-02-26 10:00:00,51.9,0.282,352.7
sensor_kamppi,2024-02-26 10:00:00,45.1,0.293,375.7
sensor_pasila,2024-02-26 10:00:00,41.3,0.245,360.8
sensor_kallio,2024-02-26 10:30:00,48.8,0.32,354.7
sensor_kamppi,2024-02-26 10:30:00,61.1,0.303,352.3
sensor_pasila,2024-02-26 10:30:00,59.3,0.262,351.2
sensor_kallio,2024-02-26 11:00:00,67.1,0.106,316.5
sensor_kamppi,2024-02-26 11:00:00,66.4,0.149,296.9
sensor_pasila,2024-02-26 11:00:00,60.1,0.152,284.1
sensor_kallio,2024-02-26 11:30:00,54.8,0.126,295.5
sensor_kamppi,2024-02-26 11:30:00,56.8,0.202,313.7
sensor_pasila,2024-02-26 11:30:00,47.5,0.176,356.0
sensor_kallio,2024-02-26 12:00:00,55.6,0.06,281.7
sensor_kamppi,2024-02-26 12:00:00,52.0,0.084,254.4
sensor_pasila,2024-02-26 12:00:00,57.8,0.115,273.7
sensor_kallio,2024-02-26 12:30:00,56.1,0.114,268.9
sensor_kamppi,2024-02-26 12:30:00,52.9,0.06,265.2
sensor_pasila,2024-02-26 12:30:00,52.6,0.091,275.6
sensor_kallio,2024-02-26 13:00:00,56.8,0.129,254.0
sensor_kamppi,2024-02-26 13:00:00,52.2,0.069,253.1
sensor_pasila,2024-02-26 13:00:00,39.4,0.055,252.6
sensor_kallio,2024-02-26 13:30:00,53.8,0.113,242.0
sensor_kamppi,2024-02-26 13:30:00,39.3,0.114,266.0
sensor_pasila,2024-02-26 13:30:00,44.6,0.069,226.6
sensor_kallio,2024-02-26 14:00:00,44.8,0.104,251.4
sensor_kamppi,2024-02-26 14:00:00,41.3,0.117,276.6
sensor_pasila,2024-02-26 14:00:00,52.1,0.09,283.9
sensor_kallio,2024-02-26 14:30:00,54.5,0.132,244.3
sensor_kamppi,2024-02-26 14:30:00,59.8,0.098,270.5
sensor_pasila,2024-02-26 14:30:00,44.2,0.086,270.4
sensor_kallio,2024-02-26 15:00:00,65.1,0.071,290.0
sensor_kamppi,2024-02-26 15:00:00,52.8,0.069,288.8
sensor_pasila,2024-02-26 15:00:00,55.6,0.088,298.8
sensor_kallio,2024-02-26 15:30:00,50.9,0.12,310.6
sensor_kamppi,2024-02-26 15:30:00,59.2,0.123,330.2
sensor_pasila,2024-02-26 15:30:00,47.4,0.067,340.7
sensor_kallio,2024-02-26 16:00:00,69.7,0.05,383.4
sensor_kamppi,2024-02-26 16:00:00,78.3,0.084,353.1
sensor_pasila,2024-02-26 16:00:00,75.2,0.082,394.4
sensor_kallio,2024-02-26 16:30:00,77.2,0.114,400.0
sensor_kamppi,2024-02-26 16:30:00,66.6,0.058,367.0
sensor_pasila,2024-02-26 16:30:00,69.0,0.028,352.7
sensor_kallio,2024-02-26 17:00:00,65.9,0.086,418.5
sensor_kamppi,2024-02-26 17:00:00,84.9,0.068,408.6
sensor_pasila,2024-02-26 17:00:00,63.8,0.101,403.6
sensor_kallio,2024-02-26 17:30:00,63.1,0.059,431.7
sensor_kamppi,2024-02-26 17:30:00,63.2,0.071,436.3
sensor_pasila,2024-02-26 17:30:00,73.5,0.137,421.4
sensor_kallio,2024-02-26 18:00:00,58.4,0.096,474.1
sensor_kamppi,2024-02-26 18:00:00,68.3,0.085,461.5
sensor_pasila,2024-02-26 18:00:00,69.2,0.112,446.1
sensor_kallio,2024-02-26 18:30:00,69.5,0.09,459.4
sensor_kamppi,2024-02-26 18:30:00,60.3,0.119,421.6
sensor_pasila,2024-02-26 18:30:00,53.7,0.109,423.1
sensor_kallio,2024-02-26 19:00:00,28.4,0.077,436.9
sensor_kamppi,2024-02-26 19:00:00,30.9,0.076,438.2
sensor_pasila,2024-02-26 19:00:00,35.3,0.059,461.2
sensor_kallio,2024-02-26 19:30:00,48.7,0.111,394.7
sensor_kamppi,2024-02-26 19:30:00,50.3,0.134,460.8
sensor_pasila,2024-02-26 19:30:00,38.9,0.098,418.7
sensor_kallio,2024-02-26 20:00:00,35.4,0.092,404.7
sensor_kamppi,2024-02-26 20:00:00,10.0,0.122,403.7
sensor_pasila,2024-02-26 20:00:00,28.3,0.101,428.6
sensor_kallio,2024-02-26 20:30:00,48.3,0.139,352.6
sensor_kamppi,2024-02-26 20:30:00,30.8,0.071,438.6
sensor_pasila,2024-02-26 20:30:00,35.3,0.069,424.5
sensor_kallio,2024-02-26 21:00:00,31.2,0.123,376.5
sensor_kamppi,2024-02-26 21:00:00,17.3,0.075,356.0
sensor_pasila,2024-02-26 21:00:00,35.7,0.117,366.4
sensor_kallio,2024-02-26 21:30:00,22.2,0.151,363.8
sensor_kamppi,2024-02-26 21:30:00,21.7,0.106,352.4
sensor_pasila,2024-02-26 21:30:00,27.8,0.109,360.3
sensor_kallio,2024-02-26 22:00:00,21.2,0.076,297.0
sensor_kamppi,2024-02-26 22:00:00,49.8,0.071,300.5
sensor_pasila,2024-02-26 22:00:00,22.8,0.052,368.1
sensor_kallio,2024-02-26 22:30:00,34.5,0.054,285.4
sensor_kamppi,2024-02-26 22:30:00,27.1,0.068,283.5
sensor_pasila,2024-02-26 22:30:00,22.4,0.066,353.7
sensor_kallio,2024-02-26 23:00:00,36.5,0.086,265.0
sensor_kamppi,2024-02-26 23:00:00,29.8,0.121,321.9
sensor_pasila,2024-02-26 23:00:00,18.5,0.113,250.6
sensor_kallio,2024-02-26 23:30:00,32.3,0.122,289.7
sensor_kamppi,2024-02-26 23:30:00,31.2,0.125,317.3
sensor_pasila,2024-02-26 23:30:00,30.8,0.085,299.7
sensor_kallio,2024-02-27 00:00:00,23.5,0.061,319.6
sensor_kamppi,2024-02-27 00:00:00,28.9,0.054,283.7
sensor_pasila,2024-02-27 00:00:00,32.3,0.082,318.7
sensor_kallio,2024-02-27 00:30:00,23.7,0.116,304.5
sensor_kamppi,2024-02-27 00:30:00,31.2,0.126,318.5
sensor_pasila,2024-02-27 00:30:00,29.1,0.058,303.3
sensor_kallio,2024-02-27 01:00:00,29.6,0.122,257.0
sensor_kamppi,2024-02-27 01:00:00,57.2,0.117,261.0
sensor_pasila,2024-02-27 01:00:00,28.0,0.061,281.4
sensor_kallio,2024-02-27 01:30:00,36.3,0.118,241.2
sensor_kamppi,2024-02-27 01:30:00,45.1,0.102,255.2
sensor_pasila,2024-02-27 01:30:00,33.3,0.11,267.1
sensor_kallio,2024-02-27 02:00:00,29.4,0.069,227.3
sensor_kamppi,2024-02-27 02:00:00,10.2,0.079,266.0
sensor_pasila,2024-02-27 02:00:00,28.5,0.074,276.6
sensor_kallio,2024-02-27 02:30:00,38.5,0.113,281.3
sensor_kamppi,2024-02-27 02:30:00,27.8,0.038,240.8
sensor_pasila,2024-02-27 02:30:00,34.4,0.108,248.6
sensor_kallio,2024-02-27 03:00:00,47.3,0.023,261.2
sensor_kamppi,2024-02-27 03:00:00,23.2,0.044,270.4
sensor_pasila,2024-02-27 03:00:00,34.5,0.108,300.8
sensor_kallio,2024-02-27 03:30:00,29.0,0.12,274.7
sensor_kamppi,2024-02-27 03:30:00,25.7,0.128,283.4
sensor_pasila,2024-02-27 03:30:00,42.0,0.108,272.1
sensor_kallio,2024-02-27 04:00:00,43.9,0.1,296.7
sensor_kamppi,2024-02-27 04:00:00,45.5,0.045,287.8
sensor_pasila,2024-02-27 04:00:00,36.2,0.114,320.3
sensor_kallio,2024-02-27 04:30:00,44.5,0.109,330.7
sensor_kamppi,2024-02-27 04:30:00,34.9,0.1,345.3
sensor_pasila,2024-02-27 04:30:00,42.6,0.11,298.4
sensor_kallio,2024-02-27 05:00:00,36.1,0.094,371.3
sensor_kamppi,2024-02-27 05:00:00,25.1,0.137,377.2
sensor_pasila,2024-02-27 05:00:00,40.1,0.133,383.0
sensor_kallio,2024-02-27 05:30:00,42.1,0.167,391.6
sensor_kamppi,2024-02-27 05:30:00,41.2,0.165,372.3
sensor_pasila,2024-02-27 05:30:00,35.0,0.124,358.5
sensor_kallio,2024-02-27 06:00:00,45.5,0.32,376.0
sensor_kamppi,2024-02-27 06:00:00,62.3,0.297,389.1
sensor_pasila,2024-02-27 06:00:00,48.2,0.286,429.4
sensor_kallio,2024-02-27 06:30:00,46.8,0.319,374.5
sensor_kamppi,2024-02-27 06:30:00,48.5,0.319,390.4
sensor_pasila,2024-02-27 06:30:00,43.2,0.287,401.3
sensor_kallio,2024-02-27 07:00:00,72.3,0.589,434.1
sensor_kamppi,2024-02-27 07:00:00,82.1,0.603,413.5
sensor_pasila,2024-02-27 07:00:00,65.2,0.65,453.3
sensor_kallio,2024-02-27 07:30:00,65.1,0.634,422.1
sensor_kamppi,2024-02-27 07:30:00,86.7,0.581,469.0
sensor_pasila,2024-02-27 07:30:00,65.2,0.617,403.0
sensor_kallio,2024-02-27 08:00:00,75.5,0.782,469.9
sensor_kamppi,2024-02-27 08:00:00,64.0,0.726,444.7
sensor_pasila,2024-02-27 08:00:00,74.5,0.762,449.5
sensor_kallio,2024-02-27 08:30:00,70.0,0.782,442.5
sensor_kamppi,2024-02-27 08:30:00,79.4,0.715,470.2
sensor_pasila,2024-02-27 08:30:00,75.7,0.758,418.9
sensor_kallio,2024-02-27 09:00:00,82.9,0.611,363.7
sensor_kamppi,2024-02-27 09:00:00,83.9,0.633,405.7
sensor_pasila,2024-02-27 09:00:00,73.5,0.564,371.8
sensor_kallio,2024-02-27 09:30:00,89.9,0.547,420.0
sensor_kamppi,2024-02-27 09:30:00,71.5,0.569,439.5
sensor_pasila,2024-02-27 09:30:00,78.2,0.527,418.9
sensor_kallio,2024-02-27 10:00:00,44.7,0.252,376.2
sensor_kamppi,2024-02-27 10:00:00,45.7,0.354,374.3
sensor_pasila,2024-02-27 10:00:00,45.7,0.254,406.9
sensor_kallio,2024-02-27 10:30:00,62.3,0.307,385.7
sensor_kamppi,2024-02-27 10:30:00,60.6,0.228,381.8
sensor_pasila,2024-02-27 10:30:00,51.3,0.281,381.5
sensor_kallio,2024-02-27 11:00:00,49.3,0.17,297.9
sensor_kamppi,2024-02-27 11:00:00,66.9,0.188,326.1
sensor_pasila,2024-02-27 11:00:00,53.1,0.148,330.4
sensor_kallio,2024-02-27 11:30:00,58.6,0.135,336.0
sensor_kamppi,2024-02-27 11:30:00,52.9,0.127,308.3
sensor_pasila,2024-02-27 11:30:00,57.3,0.186,305.3
sensor_kallio,2024-02-27 12:00:00,48.8,0.081,268.6
sensor_kamppi,2024-02-27 12:00:00,53.4,0.173,265.7
sensor_pasila,2024-02-27 12:00:00,48.7,0.164,251.2
sensor_kallio,2024-02-27 12:30:00,43.9,0.066,289.5
sensor_kamppi,2024-02-27 12:30:00,55.4,0.085,269.1
sensor_pasila,2024-02-27 12:30:00,54.9,0.128,242.8
sensor_kallio,2024-02-27 13:00:00,52.0,0.119,250.8
sensor_kamppi,2024-02-27 13:00:00,50.9,0.119,236.4
sensor_pasila,2024-02-27 13:00:00,54.6,0.124,242.1
sensor_kallio,2024-02-27 13:30:00,54.4,0.116,260.2
sensor_kamppi,2024-02-27 13:30:00,71.1,0.121,273.8
sensor_pasila,2024-02-27 13:30:00,47.6,0.177,204.3
sensor_kallio,2024-02-27 14:00:00,46.6,0.108,245.5
sensor_kamppi,2024-02-27 14:00:00,63.7,0.047,269.3
sensor_pasila,2024-02-27 14:00:00,44.7,0.063,272.6
sensor_kallio,2024-02-27 14:30:00,60.6,0.055,257.5
sensor_kamppi,2024-02-27 14:30:00,39.8,0.121,291.1
sensor_pasila,2024-02-27 14:30:00,52.1,0.088,289.1
sensor_kallio,2024-02-27 15:00:00,61.3,0.107,319.3
sensor_kamppi,2024-02-27 15:00:00,48.6,0.103,289.8
sensor_pasila,2024-02-27 15:00:00,42.0,0.081,342.5
sensor_kallio,2024-02-27 15:30:00,54.4,0.099,310.3
sensor_kamppi,2024-02-27 15:30:00,41.9,0.165,318.4
sensor_pasila,2024-02-27 15:30:00,45.8,0.132,288.1
sensor_kallio,2024-02-27 16:00:00,61.8,0.109,362.3
sensor_kamppi,2024-02-27 16:00:00,66.9,0.106,379.4
sensor_pasila,2024-02-27 16:00:00,77.4,0.158,361.7
sensor_kallio,2024-02-27 16:30:00,65.2,0.092,377.3
sensor_kamppi,2024-02-27 16:30:00,64.8,0.083,335.0
sensor_pasila,2024-02-27 16:30:00,69.7,0.099,330.1
sensor_kallio,2024-02-27 17:00:00,67.9,0.137,403.4
sensor_kamppi,2024-02-27 17:00:00,61.9,0.106,429.8
sensor_pasila,2024-02-27 17:00:00,62.0,0.116,432.2
sensor_kallio,2024-02-27 17:30:00,54.4,0.08,413.1
sensor_kamppi,2024-02-27 17:30:00,74.7,0.123,405.1
sensor_pasila,2024-02-27 17:30:00,71.6,0.069,413.6
sensor_kallio,2024-02-27 18:00:00,57.2,0.044,399.8
sensor_kamppi,2024-02-27 18:00:00,79.4,0.076,442.2
sensor_pasila,2024-02-27 18:00:00,70.6,0.111,473.7
sensor_kallio,2024-02-27 18:30:00,55.5,0.057,413.8
sensor_kamppi,2024-02-27 18:30:00,62.8,0.135,439.1
sensor_pasila,2024-02-27 18:30:00,59.1,0.097,452.6
sensor_kallio,2024-02-27 19:00:00,36.4,0.125,418.3
sensor_kamppi,2024-02-27 19:00:00,35.9,0.05,416.0
sensor_pasila,2024-02-27 19:00:00,30.8,0.111,435.4
sensor_kallio,2024-02-27 19:30:00,49.1,0.149,442.1
sensor_kamppi,2024-02-27 19:30:00,36.6,0.13,416.4
sensor_pasila,2024-02-27 19:30:00,38.7,0.16,442.7
sensor_kallio,2024-02-27 20:00:00,47.4,0.108,392.1
sensor_kamppi,2024-02-27 20:00:00,38.0,0.088,428.9
sensor_pasila,2024-02-27 20:00:00,34.2,0.112,399.4
sensor_kallio,2024-02-27 20:30:00,40.7,0.114,442.0
sensor_kamppi,2024-02-27 20:30:00,45.9,0.115,415.5
sensor_pasila,2024-02-27 20:30:00,26.5,0.156,419.8
sensor_kallio,2024-02-27 21:00:00,30.7,0.047,348.9
sensor_kamppi,2024-02-27 21:00:00,38.4,0.078,361.4
sensor_pasila,2024-02-27 21:00:00,30.6,0.123,364.0
sensor_kallio,2024-02-27 21:30:00,51.6,0.114,334.2
sensor_kamppi,2024-02-27 21:30:00,25.0,0.111,404.4
sensor_pasila,2024-02-27 21:30:00,28.4,0.11,354.0
sensor_kallio,2024-02-27 22:00:00,13.3,0.145,281.0
sensor_kamppi,2024-02-27 22:00:00,14.1,0.098,308.3
sensor_pasila,2024-02-27 22:00:00,34.2,0.094,388.3
sensor_kallio,2024-02-27 22:30:00,35.4,0.099,303.6
sensor_kamppi,2024-02-27 22:30:00,28.8,0.045,282.4
sensor_pasila,2024-02-27 22:30:00,26.2,0.08,327.2
sensor_kallio,2024-02-27 23:00:00,39.4,0.122,251.3
sensor_kamppi,2024-02-27 23:00:00,22.5,0.095,234.7
sensor_pasila,2024-02-27 23:00:00,32.1,0.099,305.9
sensor_kallio,2024-02-27 23:30:00,38.7,0.05,271.9
sensor_kamppi,2024-02-27 23:30:00,10.0,0.122,265.9
sensor_pasila,2024-02-27 23:30:00,31.2,0.096,250.1
sensor_kallio,2024-02-28 00:00:00,27.7,0.106,293.2
sensor_kamppi,2024-02-28 00:00:00,19.1,0.056,309.1
sensor_pasila,2024-02-28 00:00:00,29.3,0.133,293.7
sensor_kallio,2024-02-28 00:30:00,26.9,0.069,282.8
sensor_kamppi,2024-02-28 00:30:00,14.9,0.142,310.3
sensor_pasila,2024-02-28 00:30:00,29.5,0.089,318.9
sensor_kallio,2024-02-28 01:00:00,15.7,0.147,269.3
sensor_kamppi,2024-02-28 01:00:00,30.7,0.093,266.6
sensor_pasila,2024-02-28 01:00:00,30.1,0.054,271.8
sensor_kallio,2024-02-28 01:30:00,31.1,0.12,300.7
sensor_kamppi,2024-02-28 01:30:00,10.0,0.101,283.2
sensor_pasila,2024-02-28 01:30:00,28.2,0.124,246.8
sensor_kallio,2024-02-28 02:00:00,28.3,0.078,264.4
sensor_kamppi,2024-02-28 02:00:00,31.6,0.111,260.5
sensor_pasila,2024-02-28 02:00:00,37.9,0.074,245.8
sensor_kallio,2024-02-28 02:30:00,37.7,0.079,295.6
sensor_kamppi,2024-02-28 02:30:00,36.6,0.139,276.5
sensor_pasila,2024-02-28 02:30:00,36.5,0.098,239.8
sensor_kallio,2024-02-28 03:00:00,35.6,0.126,269.1
sensor_kamppi,2024-02-28 03:00:00,41.0,0.116,297.7
sensor_pasila,2024-02-28 03:00:00,35.8,0.106,304.9
sensor_kallio,2024-02-28 03:30:00,27.4,0.124,300.1
sensor_kamppi,2024-02-28 03:30:00,38.4,0.067,275.3
sensor_pasila,2024-02-28 03:30:00,40.6,0.158,294.4
sensor_kallio,2024-02-28 04:00:00,34.0,0.06,296.9
sensor_kamppi,2024-02-28 04:00:00,43.7,0.129,293.8
sensor_pasila,2024-02-28 04:00:00,37.8,0.125,355.2
sensor_kallio,2024-02-28 04:30:00,35.9,0.146,325.0
sensor_kamppi,2024-02-28 04:30:00,48.3,0.107,300.1
sensor_pasila,2024-02-28 04:30:00,41.7,0.135,304.1
sensor_kallio,2024-02-28 05:00:00,36.7,0.195,333.3
sensor_kamppi,2024-02-28 05:00:00,61.9,0.193,348.3
sensor_pasila,2024-02-28 05:00:00,40.0,0.159,380.5
sensor_kallio,2024-02-28 05:30:00,48.0,0.116,398.1
sensor_kamppi,2024-02-28 05:30:00,43.2,0.136,346.9
sensor_pasila,2024-02-28 05:30:00,40.0,0.186,338.7
sensor_kallio,2024-02-28 06:00:00,48.9,0.307,464.3
sensor_kamppi,2024-02-28 06:00:00,44.7,0.273,440.4
sensor_pasila,2024-02-28 06:00:00,52.3,0.231,425.7
sensor_kallio,2024-02-28 06:30:00,50.1,0.3,396.1
sensor_kamppi,2024-02-28 06:30:00,21.9,0.282,420.2
sensor_pasila,2024-02-28 06:30:00,47.1,0.226,398.5
sensor_kallio,2024-02-28 07:00:00,85.4,0.618,439.5
sensor_kamppi,2024-02-28 07:00:00,56.8,0.66,434.0
sensor_pasila,2024-02-28 07:00:00,76.5,0.593,424.7
sensor_kallio,2024-02-28 07:30:00,76.6,0.559,382.0
sensor_kamppi,2024-02-28 07:30:00,83.3,0.642,458.2
sensor_pasila,2024-02-28 07:30:00,77.1,0.561,452.6
sensor_kallio,2024-02-28 08:00:00,86.0,0.68,458.2
sensor_kamppi,2024-02-28 08:00:00,59.8,0.749,427.1
sensor_pasila,2024-02-28 08:00:00,79.5,0.76,423.4
sensor_kallio,2024-02-28 08:30:00,76.3,0.761,440.9
sensor_kamppi,2024-02-28 08:30:00,74.8,0.737,436.4
sensor_pasila,2024-02-28 08:30:00,80.0,0.732,421.6
sensor_kallio,2024-02-28 09:00:00,87.5,0.523,406.2
sensor_kamppi,2024-02-28 09:00:00,79.9,0.607,414.8
sensor_pasila,2024-02-28 09:00:00,82.8,0.586,435.5
sensor_kallio,2024-02-28 09:30:00,83.2,0.616,391.4
sensor_kamppi,2024-02-28 09:30:00,85.2,0.564,395.8
sensor_pasila,2024-02-28 09:30:00,74.6,0.587,391.1
sensor_kallio,2024-02-28 10:00:00,42.4,0.331,331.7
sensor_kamppi,2024-02-28 10:00:00,60.5,0.269,417.8
sensor_pasila,2024-02-28 10:00:00,50.7,0.349,361.3
sensor_kallio,2024-02-28 10:30:00,49.1,0.285,356.0
sensor_kamppi,2024-02-28 10:30:00,71.9,0.277,347.0
sensor_pasila,2024-02-28 10:30:00,51.0,0.323,367.8
sensor_kallio,2024-02-28 11:00:00,62.5,0.166,310.2
sensor_kamppi,2024-02-28 11:00:00,49.4,0.133,315.8
sensor_pasila,2024-02-28 11:00:00,52.3,0.118,291.8
sensor_kallio,2024-02-28 11:30:00,45.7,0.154,315.1
sensor_kamppi,2024-02-28 11:30:00,54.5,0.088,304.0
sensor_pasila,2024-02-28 11:30:00,48.2,0.175,333.0
sensor_kallio,2024-02-28 12:00:00,61.2,0.142,263.3
sensor_kamppi,2024-02-28 12:00:00,56.7,0.136,231.8
sensor_pasila,2024-02-28 12:00:00,54.8,0.116,279.4
sensor_kallio,2024-02-28 12:30:00,47.5,0.094,263.1
sensor_kamppi,2024-02-28 12:30:00,57.4,0.05,254.6
sensor_pasila,2024-02-28 12:30:00,51.5,0.128,291.9
sensor_kallio,2024-02-28 13:00:00,46.8,0.075,267.6
sensor_kamppi,2024-02-28 13:00:00,37.4,0.1,255.0
sensor_pasila,2024-02-28 13:00:00,49.9,0.094,266.7
sensor_kallio,2024-02-28 13:30:00,43.0,0.14,247.1
sensor_kamppi,2024-02-28 13:30:00,35.5,0.103,237.1
sensor_pasila,2024-02-28 13:30:00,50.6,0.095,246.8
sensor_kallio,2024-02-28 14:00:00,67.9,0.115,249.0
sensor_kamppi,2024-02-28 14:00:00,31.8,0.097,290.6
sensor_pasila,2024-02-28 14:00:00,47.9,0.101,281.1
sensor_kallio,2024-02-28 14:30:00,42.1,0.116,268.3
sensor_kamppi,2024-02-28 14:30:00,45.6,0.12,284.8
sensor_pasila,2024-02-28 14:30:00,57.8,0.143,280.8
sensor_kallio,2024-02-28 15:00:00,32.1,0.095,291.6
sensor_kamppi,2024-02-28 15:00:00,35.8,0.125,333.8
sensor_pasila,2024-02-28 15:00:00,47.1,0.099,299.2
sensor_kallio,2024-02-28 15:30:00,51.9,0.152,317.5
sensor_kamppi,2024-02-28 15:30:00,51.8,0.08,294.8
sensor_pasila,2024-02-28 15:30:00,50.3,0.089,332.8
sensor_kallio,2024-02-28 16:00:00,58.0,0.116,352.3
sensor_kamppi,2024-02-28 16:00:00,57.3,0.074,388.7
sensor_pasila,2024-02-28 16:00:00,80.1,0.109,326.5
sensor_kallio,2024-02-28 16:30:00,56.1,0.077,352.9
sensor_kamppi,2024-02-28 16:30:00,58.2,0.129,364.5
sensor_pasila,2024-02-28 16:30:00,72.2,0.068,380.0
sensor_kallio,2024-02-28 17:00:00,59.3,0.143,413.3
sensor_kamppi,2024-02-28 17:00:00,79.6,0.033,399.8
sensor_pasila,2024-02-28 17:00:00,57.4,0.122,390.8
sensor_kallio,2024-02-28 17:30:00,75.8,0.135,394.0
sensor_kamppi,2024-02-28 17:30:00,68.9,0.09,369.8
sensor_pasila,2024-02-28 17:30:00,75.1,0.086,413.8
sensor_kallio,2024-02-28 18:00:00,76.0,0.075,444.8
sensor_kamppi,2024-02-28 18:00:00,64.5,0.14,454.9
sensor_pasila,2024-02-28 18:00:00,65.6,0.128,456.6
sensor_kallio,2024-02-28 18:30:00,60.1,0.062,420.6
sensor_kamppi,2024-02-28 18:30:00,44.3,0.12,437.0
sensor_pasila,2024-02-28 18:30:00,57.0,0.101,439.9
sensor_kallio,2024-02-28 19:00:00,30.4,0.145,431.4
sensor_kamppi,2024-02-28 19:00:00,16.4,0.047,431.6
sensor_pasila,2024-02-28 19:00:00,36.8,0.052,390.7
sensor_kallio,2024-02-28 19:30:00,29.7,0.077,429.1
sensor_kamppi,2024-02-28 19:30:00,21.8,0.073,434.1
sensor_pasila,2024-02-28 19:30:00,45.1,0.091,386.5
sensor_kallio,2024-02-28 20:00:00,34.3,0.132,383.9
sensor_kamppi,2024-02-28 20:00:00,28.5,0.156,374.8
sensor_pasila,2024-02-28 20:00:00,30.6,0.111,432.8
sensor_kallio,2024-02-28 20:30:00,36.6,0.098,398.3
sensor_kamppi,2024-02-28 20:30:00,32.1,0.065,414.1
sensor_pasila,2024-02-28 20:30:00,29.9,0.064,407.0
sensor_kallio,2024-02-28 21:00:00,35.0,0.066,366.8
sensor_kamppi,2024-02-28 21:00:00,12.8,0.077,388.6
sensor_pasila,2024-02-28 21:00:00,37.8,0.151,342.1
sensor_kallio,2024-02-28 21:30:00,39.2,0.077,336.8
sensor_kamppi,2024-02-28 21:30:00,35.7,0.087,388.4
sensor_pasila,2024-02-28 21:30:00,27.2,0.141,342.3
sensor_kallio,2024-02-28 22:00:00,34.2,0.114,311.6
sensor_kamppi,2024-02-28 22:00:00,37.3,0.067,320.4
sensor_pasila,2024-02-28 22:00:00,27.0,0.131,297.0
sensor_kallio,2024-02-28 22:30:00,46.4,0.042,331.6
sensor_kamppi,2024-02-28 22:30:00,22.8,0.073,295.7
sensor_pasila,2024-02-28 22:30:00,27.2,0.083,333.8
sensor_kallio,2024-02-28 23:00:00,24.5,0.103,269.0
sensor_kamppi,2024-02-28 23:00:00,38.7,0.076,264.3
sensor_pasila,2024-02-28 23:00:00,34.1,0.113,286.8
sensor_kallio,2024-02-28 23:30:00,45.7,0.088,289.0
sensor_kamppi,2024-02-28 23:30:00,32.1,0.074,241.1
sensor_pasila,2024-02-28 23:30:00,21.8,0.089,250.4
sensor_kallio,2024-02-29 00:00:00,22.9,0.092,302.6
sensor_kamppi,2024-02-29 00:00:00,56.2,0.139,322.4
sensor_pasila,2024-02-29 00:00:00,35.3,0.095,346.1
sensor_kallio,2024-02-29 00:30:00,20.0,0.076,318.9
sensor_kamppi,2024-02-29 00:30:00,42.5,0.134,331.7
sensor_pasila,2024-02-29 00:30:00,35.1,0.077,311.9
sensor_kallio,2024-02-29 01:00:00,33.2,0.141,261.7
sensor_kamppi,2024-02-29 01:00:00,38.5,0.106,237.9
sensor_pasila,2024-02-29 01:00:00,22.0,0.125,256.0
sensor_kallio,2024-02-29 01:30:00,26.7,0.082,263.9
sensor_kamppi,2024-02-29 01:30:00,27.8,0.035,319.9
sensor_pasila,2024-02-29 01:30:00,35.4,0.079,291.5
sensor_kallio,2024-02-29 02:00:00,38.9,0.152,247.6
sensor_kamppi,2024-02-29 02:00:00,37.5,0.149,265.9
sensor_pasila,2024-02-29 02:00:00,30.9,0.13,250.1
sensor_kallio,2024-02-29 02:30:00,30.2,0.097,268.2
sensor_kamppi,2024-02-29 02:30:00,31.1,0.137,257.5
sensor_pasila,2024-02-29 02:30:00,29.2,0.091,247.7
sensor_kallio,2024-02-29 03:00:00,29.5,0.126,250.4
sensor_kamppi,2024-02-29 03:00:00,31.0,0.099,301.6
sensor_pasila,2024-02-29 03:00:00,38.0,0.104,256.6
sensor_kallio,2024-02-29 03:30:00,29.8,0.104,273.0
sensor_kamppi,2024-02-29 03:30:00,42.3,0.163,265.1
sensor_pasila,2024-02-29 03:30:00,35.4,0.137,240.4
sensor_kallio,2024-02-29 04:00:00,34.1,0.114,318.0
sensor_kamppi,2024-02-29 04:00:00,27.1,0.065,330.6
sensor_pasila,2024-02-29 04:00:00,42.5,0.123,309.7
sensor_kallio,2024-02-29 04:30:00,46.1,0.128,312.7
sensor_kamppi,2024-02-29 04:30:00,44.5,0.13,295.1
sensor_pasila,2024-02-29 04:30:00,35.3,0.149,274.8
sensor_kallio,2024-02-29 05:00:00,45.2,0.118,354.8
sensor_kamppi,2024-02-29 05:00:00,30.9,0.171,367.3
sensor_pasila,2024-02-29 05:00:00,45.1,0.211,372.1
sensor_kallio,2024-02-29 05:30:00,37.3,0.133,357.7
sensor_kamppi,2024-02-29 05:30:00,36.3,0.101,369.9
sensor_pasila,2024-02-29 05:30:00,37.8,0.106,371.6
sensor_kallio,2024-02-29 06:00:00,39.9,0.25,404.7
sensor_kamppi,2024-02-29 06:00:00,47.3,0.36,403.7
sensor_pasila,2024-02-29 06:00:00,57.7,0.274,401.9
sensor_kallio,2024-02-29 06:30:00,31.7,0.273,385.1
sensor_kamppi,2024-02-29 06:30:00,26.5,0.278,398.4
sensor_pasila,2024-02-29 06:30:00,40.2,0.326,390.7
sensor_kallio,2024-02-29 07:00:00,76.5,0.593,442.7
sensor_kamppi,2024-02-29 07:00:00,80.1,0.611,429.5
sensor_pasila,2024-02-29 07:00:00,67.1,0.589,431.5
sensor_kallio,2024-02-29 07:30:00,79.8,0.545,445.5
sensor_kamppi,2024-02-29 07:30:00,82.3,0.534,440.3
sensor_pasila,2024-02-29 07:30:00,71.2,0.591,411.1
sensor_kallio,2024-02-29 08:00:00,72.6,0.744,414.3
sensor_kamppi,2024-02-29 08:00:00,75.1,0.742,441.7
sensor_pasila,2024-02-29 08:00:00,68.6,0.73,425.6
sensor_kallio,2024-02-29 08:30:00,87.3,0.736,429.0
sensor_kamppi,2024-02-29 08:30:00,76.7,0.763,460.5
sensor_pasila,2024-02-29 08:30:00,72.0,0.772,466.7
sensor_kallio,2024-02-29 09:00:00,77.9,0.547,390.4
sensor_kamppi,2024-02-29 09:00:00,65.8,0.552,411.8
sensor_pasila,2024-02-29 09:00:00,72.9,0.595,390.6
sensor_kallio,2024-02-29 09:30:00,91.0,0.555,410.8
sensor_kamppi,2024-02-29 09:30:00,72.9,0.623,389.9
sensor_pasila,2024-02-29 09:30:00,71.1,0.567,395.5
sensor_kallio,2024-02-29 10:00:00,61.0,0.296,339.0
sensor_kamppi,2024-02-29 10:00:00,55.7,0.283,379.6
sensor_pasila,2024-02-29 10:00:00,42.3,0.27,356.3
sensor_kallio,2024-02-29 10:30:00,40.6,0.295,389.4
sensor_kamppi,2024-02-29 10:30:00,62.8,0.278,391.0
sensor_pasila,2024-02-29 10:30:00,51.1,0.295,371.3
sensor_kallio,2024-02-29 11:00:00,56.3,0.184,248.5
sensor_kamppi,2024-02-29 11:00:00,60.7,0.138,302.9
sensor_pasila,2024-02-29 11:00:00,60.8,0.132,272.7
sensor_kallio,2024-02-29 11:30:00,57.2,0.15,283.7
sensor_kamppi,2024-02-29 11:30:00,52.8,0.189,323.5
sensor_pasila,2024-02-29 11:30:00,47.3,0.134,289.6
sensor_kallio,2024-02-29 12:00:00,61.4,0.169,249.3
sensor_kamppi,2024-02-29 12:00:00,55.9,0.094,277.9
sensor_pasila,2024-02-29 12:00:00,49.6,0.142,269.7
sensor_kallio,2024-02-29 12:30:00,45.6,0.136,286.4
sensor_kamppi,2024-02-29 12:30:00,60.5,0.085,279.1
sensor_pasila,2024-02-29 12:30:00,60.8,0.14,304.8
sensor_kallio,2024-02-29 13:00:00,34.6,0.083,255.8
sensor_kamppi,2024-02-29 13:00:00,53.9,0.108,225.1
sensor_pasila,2024-02-29 13:00:00,54.5,0.045,231.1
sensor_kallio,2024-02-29 13:30:00,53.2,0.115,241.5
sensor_kamppi,2024-02-29 13:30:00,37.8,0.1,248.5
sensor_pasila,2024-02-29 13:30:00,54.1,0.13,243.3
sensor_kallio,2024-02-29 14:00:00,58.8,0.077,282.1
sensor_kamppi,2024-02-29 14:00:00,54.9,0.11,284.5
sensor_pasila,2024-02-29 14:00:00,49.7,0.047,258.4
sensor_kallio,2024-02-29 14:30:00,44.7,0.09,293.7
sensor_kamppi,2024-02-29 14:30:00,50.3,0.154,294.1
sensor_pasila,2024-02-29 14:30:00,50.4,0.095,257.5
sensor_kallio,2024-02-29 15:00:00,58.3,0.094,274.9
sensor_kamppi,2024-02-29 15:00:00,49.2,0.11,297.6
sensor_pasila,2024-02-29 15:00:00,46.4,0.137,305.3
sensor_kallio,2024-02-29 15:30:00,39.1,0.136,310.4
sensor_kamppi,2024-02-29 15:30:00,52.9,0.169,287.4
sensor_pasila,2024-02-29 15:30:00,54.1,0.132,316.3
sensor_kallio,2024-02-29 16:00:00,74.8,0.152,368.4
sensor_kamppi,2024-02-29 16:00:00,72.5,0.074,386.5
sensor_pasila,2024-02-29 16:00:00,69.3,0.093,388.3
sensor_kallio,2024-02-29 16:30:00,77.2,0.131,353.8
sensor_kamppi,2024-02-29 16:30:00,72.1,0.077,386.4
sensor_pasila,2024-02-29 16:30:00,71.4,0.094,350.0
sensor_kallio,2024-02-29 17:00:00,61.0,0.095,443.9
sensor_kamppi,2024-02-29 17:00:00,79.5,0.128,436.2
sensor_pasila,2024-02-29 17:00:00,61.0,0.141,410.8
sensor_kallio,2024-02-29 17:30:00,75.8,0.11,382.9
sensor_kamppi,2024-02-29 17:30:00,52.9,0.115,400.6
sensor_pasila,2024-02-29 17:30:00,69.7,0.02,445.2
sensor_kallio,2024-02-29 18:00:00,56.8,0.133,421.2
sensor_kamppi,2024-02-29 18:00:00,73.5,0.071,449.0
sensor_pasila,2024-02-29 18:00:00,61.3,0.105,420.9
sensor_kallio,2024-02-29 18:30:00,62.6,0.118,443.4
sensor_kamppi,2024-02-29 18:30:00,69.7,0.047,436.9
sensor_pasila,2024-02-29 18:30:00,57.0,0.117,442.2
sensor_kallio,2024-02-29 19:00:00,23.8,0.06,427.8
sensor_kamppi,2024-02-29 19:00:00,46.8,0.085,462.0
sensor_pasila,2024-02-29 19:00:00,27.1,0.124,451.7
sensor_kallio,2024-02-29 19:30:00,33.2,0.089,405.0
sensor_kamppi,2024-02-29 19:30:00,21.3,0.126,473.0
sensor_pasila,2024-02-29 19:30:00,27.9,0.091,487.4
sensor_kallio,2024-02-29 20:00:00,37.5,0.148,437.9
sensor_kamppi,2024-02-29 20:00:00,31.0,0.066,370.6
sensor_pasila,2024-02-29 20:00:00,31.9,0.081,390.1
sensor_kallio,2024-02-29 20:30:00,40.9,0.121,387.2
sensor_kamppi,2024-02-29 20:30:00,44.2,0.146,354.7
sensor_pasila,2024-02-29 20:30:00,32.4,0.06,449.3
sensor_kallio,2024-02-29 21:00:00,29.1,0.081,357.3
sensor_kamppi,2024-02-29 21:00:00,13.5,0.144,351.5
sensor_pasila,2024-02-29 21:00:00,32.5,0.084,328.0
sensor_kallio,2024-02-29 21:30:00,31.1,0.045,392.0
sensor_kamppi,2024-02-29 21:30:00,46.1,0.133,338.4
sensor_pasila,2024-02-29 21:30:00,20.5,0.105,350.4
sensor_kallio,2024-02-29 22:00:00,29.5,0.144,306.0
sensor_kamppi,2024-02-29 22:00:00,35.7,0.051,342.7
sensor_pasila,2024-02-29 22:00:00,22.8,0.073,276.5
sensor_kallio,2024-02-29 22:30:00,26.8,0.116,325.5
sensor_kamppi,2024-02-29 22:30:00,24.1,0.083,344.6
sensor_pasila,2024-02-29 22:30:00,29.2,0.078,315.9
sensor_kallio,2024-02-29 23:00:00,25.3,0.079,262.8
sensor_kamppi,2024-02-29 23:00:00,35.0,0.061,298.6
sensor_pasila,2024-02-29 23:00:00,27.9,0.167,279.5
sensor_kallio,2024-02-29 23:30:00,32.0,0.105,248.0
sensor_kamppi,2024-02-29 23:30:00,42.8,0.047,264.8
sensor_pasila,2024-02-29 23:30:00,32.9,0.117,266.3
